{
  "steps": [
    1000,
    2000
  ],
  "srsa_euclid": [
    0.4312497038741254,
    0.46703723673580044
  ],
  "srsa_city": [
    0.41487698929315836,
    0.4483794256071863
  ],
  "loss": [
    0.028421035036444664,
    0.02023015171289444
  ],
  "ckpt_paths": [
    "project5_symmetry/results/P0_debug_fix/ckpt_final.pt"
  ]
}