seed,unit,orient,di
0,0,H,-0.7544759
0,0,H,0.35868022
0,0,H,0.40124166
0,0,V,-1.0
0,0,V,-1.0
0,0,V,-1.0
0,0,V,-1.0
0,0,V,-0.9993074
0,0,V,-0.9834834
0,0,V,-0.99703264
0,1,H,-0.13819484
0,1,V,1.0
0,1,V,1.0
0,1,V,1.0
0,1,V,1.0
0,1,V,1.0
0,1,V,1.0
0,1,V,0.93466854
0,2,V,-0.2486635
0,2,V,-0.44059843
0,2,V,-0.37513167
0,2,V,0.48651978
0,3,H,-0.93261206
0,3,H,0.95410043
0,3,V,-0.9584931
0,3,V,-1.0
0,3,V,-1.0
0,3,V,-1.0
0,3,V,-0.8823456
0,4,H,0.6141073
0,4,H,0.60826445
0,4,H,0.61231047
0,4,H,0.07796885
0,4,H,0.11402757
0,4,H,0.17423037
0,4,H,0.2107511
0,4,H,0.06417704
0,4,H,0.048308916
0,4,H,-0.22809617
0,4,H,-0.12988594
0,4,H,-0.15756737
0,4,V,-0.24660192
0,4,V,-0.31586316
0,4,V,0.2539558
0,4,V,-0.0021388608
0,4,V,0.087989874
0,4,V,0.68608266
0,4,V,0.069813445
0,4,V,-0.04014473
0,4,V,0.10869334
0,4,V,0.53968686
0,4,V,0.48727912
0,4,V,0.41808864
0,5,H,0.20369719
0,5,H,0.04989921
0,5,H,0.02523004
0,5,H,-0.07406644
0,5,H,0.015525824
0,5,H,-0.038184885
0,5,H,-0.051785138
0,5,H,0.018929657
0,5,H,0.008355992
0,5,H,-0.017295921
0,5,H,-0.14993176
0,5,H,-0.16813508
0,5,H,-0.05613438
0,5,H,-0.11456695
0,6,H,-0.028035419
0,6,H,-0.0014702932
0,6,H,0.065776445
0,6,H,0.0006335558
0,6,H,0.038622662
0,6,H,-0.013349101
0,6,H,-0.11814287
0,6,H,-0.067121916
0,6,H,-0.1309979
0,6,V,0.03165704
0,6,V,0.023387367
0,6,V,0.044540755
0,6,V,0.00023137244
0,7,H,-0.999184
0,7,H,-0.99927586
0,7,H,-1.0
0,7,H,-0.8640766
0,8,V,0.07131987
0,8,V,0.099490784
0,8,V,-0.04345799
0,8,V,-0.24474552
0,8,V,0.22715266
0,8,V,-0.11480973
0,8,V,0.12750521
0,8,V,-0.13664939
0,8,V,0.16378064
0,8,V,0.1426183
0,8,V,0.34583223
0,8,V,-0.0993346
0,8,V,0.17975901
0,8,V,-0.26486376
0,8,V,0.45914134
0,8,V,-0.17599939
0,9,H,0.8528513
0,9,H,0.8499686
0,9,H,0.771577
0,9,V,-0.75669503
0,9,V,-0.599951
0,10,H,-0.056537118
0,10,H,0.09991424
0,10,H,-0.97511035
0,10,H,-0.77904594
0,10,V,0.3973538
0,10,V,0.34662816
0,10,V,0.5025269
0,10,V,0.54173356
0,10,V,0.4176107
0,10,V,0.96621174
0,11,H,0.3055043
0,11,H,0.3824699
0,11,H,0.11005654
0,11,H,0.039452896
0,11,H,0.040657006
0,11,H,0.14856961
0,11,H,-0.029143706
0,11,H,0.13679253
0,11,H,0.07336252
0,11,H,0.05609311
0,11,H,-0.076449975
0,11,H,-0.35169888
0,11,V,0.051238254
0,11,V,-0.0034366364
0,11,V,0.026378348
0,11,V,-0.0078115286
0,11,V,-0.005198204
0,11,V,0.03876997
0,12,H,-0.89934206
0,12,V,0.16893184
0,12,V,0.07314958
0,12,V,0.063139565
0,12,V,0.2876501
0,12,V,-0.62742007
0,12,V,-0.67952025
0,12,V,-0.64033127
0,12,V,-0.471576
0,12,V,-0.82477534
0,13,H,-0.99070394
0,13,H,-0.9942787
0,13,H,0.30368853
0,13,H,0.9472726
0,13,V,0.9980941
0,13,V,1.0
0,13,V,1.0
0,13,V,1.0
0,13,V,1.0
0,14,H,0.13327694
0,14,H,-0.06328544
0,14,H,-0.012808777
0,14,H,-0.2374444
0,14,V,0.13215305
0,14,V,-0.16580696
0,14,V,0.13339809
0,14,V,-0.11547293
0,14,V,0.25419438
0,15,H,0.66040653
0,15,H,0.1665657
0,15,H,0.24411802
0,15,H,0.036311425
0,15,H,0.077228464
0,15,H,0.15681686
0,15,H,0.20674859
0,15,H,-0.6851155
0,15,H,-0.78511065
0,15,V,-0.25880602
0,15,V,-0.3134683
0,15,V,-0.56373143
0,15,V,-0.13995376
0,15,V,-0.15443173
0,15,V,-0.3043945
0,15,V,-0.06531976
0,15,V,-0.04172863
0,15,V,-0.14769772
0,15,V,0.46203336
0,15,V,0.8572228
0,15,V,0.82447946
0,16,H,-0.9380898
0,16,H,-0.81614095
0,16,H,-0.83982956
0,16,V,0.20408161
0,16,V,0.15075989
0,16,V,0.17245877
0,16,V,0.2738839
0,16,V,0.39938718
0,17,H,-1.0
0,17,V,0.8033573
0,17,V,1.0
0,17,V,1.0
0,17,V,1.0
0,17,V,1.0
0,18,H,-0.9820136
0,18,H,-0.99241894
0,18,H,-0.9889386
0,18,H,-0.99962777
0,18,V,0.03397268
0,18,V,0.048280116
0,18,V,0.05243283
0,18,V,0.23427142
0,19,H,1.0
0,19,H,1.0
0,19,H,1.0
0,19,V,-0.9927276
0,19,V,-1.0
0,19,V,-1.0
0,20,V,0.24670324
0,20,V,0.44997573
0,20,V,0.38928023
0,20,V,0.2535796
0,21,V,0.53180236
0,21,V,-0.69407845
0,21,V,-0.7468159
0,21,V,-0.674617
0,21,V,0.56441575
0,21,V,-0.63233536
0,21,V,-0.482744
0,21,V,0.46209222
0,21,V,-0.68963623
0,21,V,-0.58621776
0,21,V,-0.6099956
0,21,V,0.6629263
0,22,H,0.16732182
0,22,H,-0.0061810254
0,22,H,0.019731501
0,22,H,0.08082856
0,22,H,0.025414277
0,22,H,-0.062857196
0,22,V,0.9636641
0,22,V,0.8743438
0,22,V,0.85640067
0,22,V,0.9448663
0,22,V,0.978018
0,23,H,-0.0900355
0,23,H,-0.09033677
0,23,H,0.09852875
0,23,H,-0.048458673
0,23,H,0.1159414
0,23,H,0.092455655
0,23,H,0.12306954
0,23,H,0.103888005
0,23,V,0.41231665
0,23,V,-0.23401524
0,23,V,0.22231852
0,23,V,0.17913482
0,23,V,0.2761438
0,23,V,-0.25695708
0,23,V,0.21044251
0,23,V,0.12909949
0,23,V,0.16375323
0,24,H,-1.0
0,24,H,-1.0
0,24,H,-1.0
0,24,H,-1.0
0,24,V,-1.0
0,24,V,-1.0
0,24,V,-1.0
0,24,V,-1.0
0,25,H,0.9974635
0,25,H,0.9747802
0,25,H,0.73951083
0,25,H,0.8553999
0,25,H,0.66922015
0,25,H,0.69726026
0,25,H,0.68521726
0,25,V,-0.18061039
0,25,V,-0.34231994
0,25,V,0.22789924
0,25,V,0.40238065
0,25,V,0.21709302
0,25,V,0.26045623
0,25,V,0.42888376
0,25,V,0.35771567
0,25,V,0.32807255
0,25,V,0.54793036
0,25,V,0.7743132
0,26,H,-0.041563597
0,26,H,-0.044228602
0,26,H,-0.049761176
0,26,H,-0.014984825
0,26,H,-0.025382472
0,26,H,-0.04637345
0,26,H,-0.15663265
0,26,H,-0.16084193
0,26,H,-0.0812783
0,26,V,-0.008699333
0,26,V,-0.0030709414
0,26,V,0.086282626
0,26,V,0.011719124
0,26,V,-0.010432814
0,26,V,0.1252023
0,26,V,0.15755436
0,27,V,0.12439996
0,27,V,-0.070279144
0,27,V,0.23733604
0,27,V,0.091015965
0,27,V,0.27837408
0,27,V,0.4394988
0,27,V,0.11799193
0,27,V,0.35137063
0,27,V,0.7618464
0,27,V,0.45047465
0,28,H,-0.99989325
0,28,H,-1.0
0,28,H,-0.9993056
0,28,H,-0.99181116
0,28,V,-1.0
0,28,V,-1.0
0,28,V,-1.0
0,28,V,-1.0
0,29,V,-0.050452303
0,29,V,-0.27385035
0,29,V,-0.37457445
0,29,V,-0.33231342
0,29,V,-0.13070166
0,30,H,0.26531118
0,30,H,-0.08771156
0,30,H,0.11046885
0,30,H,0.015442752
0,30,H,0.09733789
0,30,H,-0.0119668655
0,30,H,0.13976327
0,30,H,-0.028158817
0,30,H,-0.15421294
0,30,H,-0.37016696
0,30,V,0.17278653
0,30,V,0.20775092
0,31,V,0.49346006
0,31,V,0.48254094
0,31,V,0.54908884
0,31,V,0.9913806
0,31,V,0.33618295
0,31,V,0.49110833
0,31,V,0.30566612
0,31,V,0.47692907
0,31,V,0.5673487
0,31,V,0.4259388
0,31,V,-0.1259744
0,31,V,0.06417366
0,31,V,-0.08111686
0,32,V,-0.4697729
0,32,V,-0.48245934
0,32,V,-0.4553379
0,33,H,-0.024250124
0,33,H,-0.12646379
0,33,V,-0.09030882
0,33,V,0.0049370355
0,33,V,-0.068248644
0,34,H,0.8471233
0,34,H,0.8261986
0,34,H,-0.83649695
0,34,H,0.9003874
0,34,H,-0.85005814
0,34,H,-0.83141935
0,34,V,-0.7787473
0,34,V,0.93321913
0,34,V,-0.8529631
0,34,V,0.88635886
0,34,V,-0.82123524
0,34,V,0.93364286
0,35,H,1.0
0,35,V,0.9985774
0,36,H,0.36773515
0,36,H,0.38058075
0,36,H,0.3621366
0,36,H,0.32491827
0,36,V,0.011501887
0,36,V,-0.56322646
0,36,V,-0.36672583
0,36,V,-0.29797962
0,36,V,-0.43340528
0,37,H,-0.72168905
0,37,H,-0.9571775
0,37,H,-0.9585379
0,37,H,-0.98088527
0,37,H,-0.64717305
0,37,H,-0.9826164
0,37,H,-0.9475259
0,37,H,-0.6282094
0,37,H,-0.26387382
0,37,V,0.74960065
0,37,V,0.69731486
0,37,V,0.7022917
0,37,V,0.4672508
0,38,H,0.94538707
0,38,H,0.9971098
0,38,H,0.99820113
0,38,H,0.995954
0,38,H,-1.0
0,38,V,1.0
0,38,V,1.0
0,38,V,1.0
0,38,V,1.0
0,39,H,0.291346
0,39,H,-0.02676556
0,39,H,-0.011866309
0,39,H,0.10108173
0,39,H,-0.17784476
0,39,V,-0.443932
0,39,V,-0.26022723
0,39,V,-0.33575213
0,39,V,-0.41524735
0,39,V,-0.15104423
0,40,H,0.336946
0,40,H,0.14250568
0,40,H,-0.03622691
0,40,H,-0.022831628
0,40,H,-0.03242432
0,40,H,-0.18676805
0,40,H,0.14427862
0,40,H,-0.040541448
0,40,H,-0.056263305
0,40,H,-0.0074629253
0,40,H,-0.16720152
0,40,V,-0.1890108
0,40,V,-0.23597933
0,40,V,0.05299529
0,40,V,0.009296878
0,40,V,0.061500598
0,40,V,-0.0237583
0,40,V,0.18553235
0,40,V,0.03010966
0,40,V,0.015567827
0,40,V,0.032201
0,40,V,-0.037455674
0,40,V,0.33287454
0,41,H,0.02768913
0,41,V,1.0
0,41,V,1.0
0,42,H,-1.0
0,42,H,-1.0
0,42,V,0.043304667
0,42,V,1.0
0,42,V,0.2694672
0,42,V,1.0
0,42,V,0.32136315
0,42,V,0.1675005
0,43,H,-1.0
0,43,H,-0.9990928
0,43,V,-1.0
0,43,V,-0.8790306
0,43,V,-0.7981142
0,43,V,-0.7976217
0,43,V,-0.8086987
0,44,H,-0.95463043
0,44,H,-0.92798454
0,44,H,-0.9762673
0,44,H,-0.9953676
0,44,V,-0.6609489
0,44,V,-0.22499377
0,44,V,-0.17206277
0,44,V,0.049293198
0,44,V,-0.06641116
0,44,V,0.016058836
0,45,H,-0.5151807
0,45,H,-0.42737293
0,45,H,-0.38553455
0,45,H,-0.6401263
0,45,V,0.6762612
0,45,V,0.59981906
0,45,V,0.9459197
0,45,V,0.9233962
0,45,V,0.96152323
0,46,H,-0.0006140833
0,46,H,0.01511253
0,46,H,-0.030150404
0,46,H,-0.06735793
0,46,V,0.16894718
0,46,V,0.19477408
0,46,V,0.16670994
0,46,V,0.18048774
0,46,V,0.19754687
0,46,V,0.21303865
0,46,V,0.22897337
0,46,V,0.19626339
0,46,V,0.20427391
0,47,H,1.0
0,47,H,1.0
0,47,H,1.0
0,47,H,1.0
0,47,V,1.0
0,47,V,1.0
0,47,V,1.0
0,47,V,1.0
0,48,H,-0.15404074
0,48,H,-0.20243588
0,48,H,-0.20029713
0,48,H,-0.20632948
0,49,H,1.0
0,49,H,-0.971245
0,49,H,1.0
0,49,H,-0.9573587
0,49,H,1.0
0,49,H,-0.94261426
0,49,H,-0.9959417
0,49,V,1.0
0,49,V,-1.0
0,49,V,1.0
0,49,V,-1.0
0,49,V,1.0
0,49,V,-0.9998008
0,49,V,1.0
0,50,H,0.5141233
0,50,H,0.8772882
0,50,H,0.9305904
0,50,H,0.31415683
0,50,H,0.72307
0,50,V,-0.0581732
0,51,H,-0.13021548
0,51,H,0.6681472
0,51,H,0.60072124
0,51,H,0.78243756
0,52,H,-1.0
0,52,H,-1.0
0,52,H,-1.0
0,52,H,-1.0
0,52,V,-1.0
0,53,H,0.039870005
0,53,H,0.00397093
0,53,H,-0.003871472
0,53,H,0.017238086
0,53,H,-0.008874048
0,53,H,0.08317797
0,53,H,0.020240786
0,53,H,0.013604588
0,53,H,0.025983864
0,53,H,-0.0066610565
0,53,H,0.07599757
0,53,H,0.024172055
0,53,H,0.011930896
0,53,H,0.019736117
0,53,H,-0.008759746
0,53,H,0.13697429
0,53,H,0.06664461
0,53,H,0.07001847
0,53,H,0.052079167
0,53,H,0.022432428
0,54,H,0.9821516
0,54,H,0.89399
0,54,H,0.7287317
0,54,H,0.8675025
0,54,H,0.8563896
0,54,V,-0.07624225
0,54,V,0.10080872
0,54,V,0.1482649
0,54,V,0.11076457
0,54,V,0.09934849
0,54,V,0.40818903
0,55,H,-0.32380727
0,55,H,-0.30766213
0,55,H,-0.2918836
0,55,H,-0.4668315
0,55,H,-0.24634154
0,55,H,-0.14624904
0,55,H,-0.26177737
0,55,H,-0.22870664
0,55,H,-0.21846762
0,55,H,-0.15032765
0,55,H,-0.2847824
0,55,H,-0.22734082
0,55,H,-0.15245295
0,55,H,-0.042540133
0,55,H,-0.0005010693
0,55,H,-0.083215415
0,55,H,-0.011329197
0,55,H,0.0712847
0,56,H,0.14746684
0,56,H,-0.21048784
0,56,H,-0.25082973
0,56,H,-0.23713087
0,56,H,0.7474463
0,56,H,0.087775715
0,56,H,-0.034961626
0,56,H,0.02733756
0,56,H,-0.046705015
0,56,H,0.011582165
0,56,H,0.08754826
0,56,H,0.6803544
0,56,H,0.35534793
0,56,H,0.37405294
0,56,H,0.37260985
0,56,V,0.89249295
0,56,V,0.50264305
0,56,V,0.5272785
0,56,V,0.97076535
0,56,V,0.37443465
0,56,V,-0.47588986
0,57,H,0.24860783
0,57,H,0.39730397
0,57,H,0.24512641
0,57,H,0.24322234
0,58,H,-0.75395316
0,58,H,-0.5749427
0,58,H,-0.40879372
0,58,H,-0.23121163
0,58,H,-0.5074857
0,58,H,-0.44117185
0,58,H,-0.29305303
0,58,H,0.030662144
0,58,H,0.042143863
0,58,H,0.057036173
0,58,H,0.17039876
0,58,V,0.2555175
0,58,V,0.23111288
0,58,V,0.16015938
0,58,V,0.18060315
0,58,V,0.03413401
0,58,V,-0.05061753
0,58,V,-0.017824834
0,58,V,-0.026945764
0,58,V,0.029397829
0,58,V,-0.06608876
0,58,V,0.0120658
0,58,V,-0.046169158
0,58,V,-0.5405836
0,58,V,-0.37061283
0,58,V,-0.35658604
0,58,V,-0.46618953
0,59,H,0.42504758
0,59,H,-0.30438757
0,59,H,0.22930802
0,59,H,-0.20633394
0,59,H,0.2789473
0,59,H,-0.30924028
0,59,H,-0.13522036
0,59,H,-0.37142628
0,59,V,-0.48324165
0,59,V,-0.34119815
0,59,V,-0.3778333
0,59,V,-0.096275344
0,60,H,0.00909893
0,60,H,-0.17851415
0,60,H,0.07132095
0,60,H,0.0929023
0,60,H,0.08691609
0,60,H,0.4180982
0,60,H,-0.14968516
0,60,H,0.05296026
0,60,H,0.089775465
0,60,H,0.14161067
0,60,H,0.506811
0,60,H,0.037389945
0,60,V,-0.122600205
0,60,V,-0.13713859
0,60,V,-0.064335436
0,60,V,-0.15578978
0,60,V,-0.0600018
0,60,V,-0.091560274
0,61,H,-0.01701251
0,61,H,0.11646329
0,61,H,-0.026640417
0,61,H,0.12940368
0,61,H,0.03850497
0,61,H,0.11447047
0,61,H,0.08182228
0,61,H,0.14133626
0,61,V,-0.3385807
0,61,V,-0.20652425
0,61,V,-0.27418828
0,61,V,-0.22485028
0,61,V,-0.12905185
0,62,H,0.1202622
0,62,H,-0.011260447
0,62,H,-0.028703501
0,62,H,-0.015087097
0,62,V,0.048747204
0,62,V,0.79426944
0,62,V,0.07025596
0,62,V,0.7310844
0,62,V,0.05584463
0,62,V,0.37654015
0,62,V,0.4868668
0,62,V,0.5044475
0,62,V,0.70497197
0,64,H,0.99328357
0,64,H,0.9975685
0,65,H,-0.008484025
0,65,H,0.13061747
0,65,H,0.13200597
0,65,H,0.08902173
0,66,V,-1.0
0,66,V,1.0
0,66,V,1.0
0,67,H,-0.26490843
0,67,H,-0.17843646
0,67,H,-0.09239236
0,67,H,-0.16018014
0,67,H,-0.10945323
0,67,H,-0.031700652
0,67,H,0.12650014
0,67,V,-0.25674427
0,67,V,-0.06648748
0,67,V,-0.053278524
0,67,V,-0.005563326
0,67,V,-0.2647122
0,67,V,-0.2519842
0,67,V,-0.29175645
0,67,V,-0.16519195
0,67,V,-0.32633823
0,67,V,-0.26551673
0,67,V,-0.17428364
0,68,H,1.0
0,68,H,1.0
0,68,H,1.0
0,68,H,0.99712074
0,68,V,0.17498635
0,68,V,-1.0
0,68,V,-1.0
0,68,V,-1.0
0,68,V,-1.0
0,68,V,-0.7898701
0,69,H,-0.8181069
0,69,H,0.70201063
0,69,V,0.6869715
0,69,V,-0.9969146
0,69,V,0.51431495
0,70,H,-1.0
0,70,H,-1.0
0,70,H,-1.0
0,70,H,-1.0
0,70,V,1.0
0,70,V,1.0
0,70,V,1.0
0,70,V,1.0
0,71,H,-0.99967426
0,71,H,-0.9857026
0,71,H,-1.0
0,71,V,0.94394344
0,71,V,0.90100545
0,71,V,0.9819407
0,72,H,0.058564592
0,72,H,0.67907923
0,72,V,0.09420165
0,73,V,0.32283083
0,73,V,0.27996704
0,73,V,0.2989326
0,73,V,0.5624354
0,74,H,-1.0
0,74,H,-1.0
0,74,H,-1.0
0,74,H,-1.0
0,74,V,1.0
0,74,V,1.0
0,74,V,1.0
0,74,V,1.0
0,75,H,0.75347364
0,75,H,0.80185133
0,75,H,0.7554847
0,75,V,-0.93584645
0,75,V,-0.9022035
0,75,V,-0.8949828
0,76,H,0.39585754
0,76,V,-0.19229423
0,77,H,1.0
0,77,H,1.0
0,77,H,1.0
0,77,H,1.0
0,77,V,-1.0
0,77,V,-1.0
0,77,V,-1.0
0,77,V,-1.0
0,79,V,-0.2872867
0,79,V,-0.3715729
0,79,V,-0.26769906
0,79,V,-0.1708567
0,80,H,-0.19691218
0,80,H,0.2987166
0,80,H,-0.33034536
0,80,H,-0.2769823
0,80,H,-0.095528945
0,80,H,0.3357061
0,80,V,-0.28736988
0,80,V,-0.3470108
0,80,V,-0.35751417
0,80,V,-0.26790628
0,80,V,-0.016978145
0,81,V,-0.2119587
0,81,V,-0.30379474
0,81,V,-0.5679615
0,81,V,-0.27081892
0,81,V,-0.5230656
0,81,V,-0.45643684
0,81,V,0.33833387
0,81,V,-0.75623757
0,81,V,-0.574639
0,81,V,-0.3904289
0,82,H,0.33935958
0,82,H,0.16845848
0,82,H,0.13751933
0,82,H,0.29043937
0,82,H,0.21030825
0,82,H,0.23863156
0,82,H,0.26547047
0,82,V,0.0109991515
0,82,V,0.049544737
0,82,V,0.055059582
0,83,H,0.9942799
0,83,H,1.0
0,83,H,1.0
0,83,V,-0.45986682
0,83,V,-0.5164992
0,83,V,-0.75592726
0,83,V,-0.68516845
0,83,V,-0.5121529
0,83,V,-0.68350506
0,83,V,-0.8997095
0,83,V,-0.618611
0,83,V,-0.7296723
0,83,V,-0.9267406
0,84,V,-0.66966146
0,84,V,-0.07302953
0,84,V,-0.10469195
0,84,V,-0.052717675
0,84,V,-0.15305719
0,84,V,-0.112460956
0,84,V,-0.060145713
0,84,V,0.33714545
0,85,H,1.0
0,85,H,1.0
0,85,H,1.0
0,85,H,1.0
0,85,H,1.0
0,85,H,1.0
0,85,H,1.0
0,85,H,1.0
0,85,H,0.94967735
0,86,H,-0.11697262
0,86,H,0.2665232
0,86,H,0.21684861
0,86,H,0.47037438
0,86,H,0.07395235
0,86,H,0.0924514
0,86,H,0.2354663
0,86,H,0.18783435
0,86,H,0.10423274
0,87,V,-0.02472333
0,87,V,-0.034339316
0,87,V,-0.043868754
0,87,V,-0.015314133
0,87,V,-0.020807397
0,87,V,-0.028701624
0,87,V,-0.011877427
0,87,V,-0.018432798
0,88,V,-0.49184445
0,88,V,-0.76027584
0,88,V,-0.6458689
0,88,V,-0.7019525
0,89,H,1.0
0,89,H,-0.20609593
0,89,H,1.0
0,89,H,-0.5782809
0,89,H,1.0
0,89,H,-0.5745038
0,89,H,-0.94593275
0,89,V,-0.88171875
0,89,V,1.0
0,89,V,0.4818688
0,89,V,0.35494924
0,89,V,0.23317984
0,89,V,-0.5511942
0,89,V,1.0
0,89,V,0.353865
0,89,V,0.36623925
0,89,V,-0.55238724
0,89,V,1.0
0,90,H,0.93363774
0,90,V,0.49156028
0,90,V,0.6085544
0,90,V,0.5991827
0,90,V,0.35052976
0,90,V,-0.7192313
0,90,V,-0.6321032
0,91,H,0.00025751552
0,91,H,-0.08984356
0,91,H,0.046023455
0,91,H,-0.018116202
0,91,H,-0.035163112
0,91,H,-0.10360308
0,91,V,-0.30129763
0,91,V,-0.3280306
0,91,V,-0.032816716
0,91,V,-0.0568082
0,91,V,-0.018228533
0,91,V,-0.062446818
0,91,V,-0.054210875
0,92,H,-0.13210164
0,92,H,-0.17620817
0,92,V,-0.12696154
0,92,V,-0.18033534
0,92,V,0.20849788
0,92,V,0.19231324
0,92,V,0.109677374
0,92,V,0.28610054
0,92,V,0.2333546
0,92,V,0.16267955
0,92,V,0.6458583
0,92,V,0.5590063
0,92,V,-0.08541324
0,93,H,0.17757894
0,93,H,-0.09657495
0,93,H,0.017257465
0,93,H,-0.032749746
0,93,H,-0.10121593
0,93,H,-0.0063965633
0,93,H,-0.01210496
0,93,H,-0.068145595
0,93,H,-0.10637579
0,93,V,-0.13129574
0,93,V,-0.06505915
0,93,V,-0.07914683
0,93,V,0.057354704
0,93,V,0.07552101
0,93,V,0.08891978
0,93,V,0.09293178
0,93,V,0.070367776
0,93,V,0.048593502
0,94,V,0.10619983
0,94,V,0.19609517
0,94,V,0.11393282
0,94,V,0.10472005
0,94,V,0.024946371
0,94,V,0.16592301
0,94,V,0.16169214
0,94,V,0.074463844
0,94,V,0.12459441
0,94,V,0.04021236
0,95,H,-0.32035932
0,95,H,-0.23302282
0,95,H,-0.6478653
0,96,V,-0.47441876
0,96,V,-0.46398428
0,96,V,-0.462344
0,96,V,-0.39435503
0,97,H,-0.41758978
0,97,H,-0.41814008
0,97,H,-0.4229043
0,97,V,-0.63082695
0,97,V,-0.72554225
0,97,V,-0.6927334
0,97,V,-0.6262071
0,98,H,-0.44932723
0,98,H,-0.586378
0,98,H,-0.48054072
0,98,H,0.76608866
0,98,H,0.88097316
0,98,H,0.8962235
0,98,H,0.5426122
0,98,V,0.28276622
0,98,V,0.49114907
0,98,V,-0.11763304
0,98,V,-0.8199519
0,98,V,-0.86451185
0,98,V,-0.71438843
0,98,V,-0.7676337
0,98,V,-0.9573308
0,99,H,0.05269457
0,99,H,-0.011462562
0,99,H,-0.092337765
0,99,H,-0.2942927
0,99,H,-0.13358542
0,99,H,-0.16758248
0,99,H,-0.18044075
0,99,H,-0.59781
0,99,H,-0.22435413
0,99,H,-0.1826743
0,99,H,-0.15463611
0,99,H,-0.57983315
0,99,H,-0.049410287
0,99,H,-0.13854481
0,99,H,-0.07110284
0,99,V,0.9900366
0,99,V,0.99303824
0,99,V,0.6342899
0,99,V,0.99080724
0,99,V,0.7077596
0,99,V,0.81797117
0,99,V,0.8892412
0,99,V,0.5156555
0,99,V,0.78098834
0,100,H,0.43395403
0,100,H,0.38585404
0,100,H,0.5168813
0,100,H,0.33063328
0,100,H,0.3543065
0,100,H,0.42532328
0,100,H,0.2487003
0,100,H,0.50072324
0,100,H,0.28368813
0,100,H,0.62606615
0,100,H,0.43884024
0,100,H,0.52923703
0,100,H,0.35659805
0,100,H,0.46377662
0,100,H,0.36769384
0,100,H,0.46965227
0,100,H,0.48411763
0,100,H,0.57521987
0,101,H,-1.0
0,101,H,-1.0
0,101,H,-1.0
0,101,H,-1.0
0,101,V,-1.0
0,101,V,-1.0
0,101,V,-1.0
0,101,V,-1.0
0,102,H,-0.15702885
0,102,H,-0.099084996
0,102,H,-0.119690165
0,102,H,0.03126658
0,102,H,0.030677052
0,102,H,0.06843334
0,102,H,0.07160698
0,102,H,0.11383554
0,102,H,0.12969436
0,102,H,0.12602322
0,103,H,0.4043858
0,103,H,0.21010937
0,103,H,-0.13845874
0,103,H,-0.16659793
0,103,H,-0.10372335
0,103,H,-0.1773518
0,103,H,-0.4178472
0,103,H,-0.1534852
0,103,H,-0.2027164
0,103,H,-0.13054088
0,103,H,-0.40592906
0,103,H,-0.3123574
0,103,H,-0.219656
0,103,H,-0.37331405
0,103,V,0.36146313
0,103,V,-0.12652113
0,103,V,-0.10407444
0,103,V,-0.06834093
0,103,V,-0.14121798
0,103,V,0.6822872
0,103,V,0.20926672
0,103,V,0.30225354
0,103,V,0.24089035
0,103,V,0.09277548
0,103,V,0.6968682
0,103,V,0.2517982
0,103,V,0.35344917
0,103,V,0.27407295
0,103,V,0.05606292
0,103,V,0.75807357
0,103,V,0.4852684
0,103,V,0.5544276
0,103,V,0.4899551
0,103,V,0.22971262
0,104,V,-0.037551366
0,104,V,-0.26176995
0,104,V,-0.095660836
0,104,V,-0.20258816
0,104,V,-0.23316486
0,104,V,-0.12785852
0,105,H,0.8953148
0,105,H,1.0
0,105,V,0.09523483
0,105,V,-0.0370895
0,105,V,-0.4123939
0,106,H,0.35691115
0,107,H,1.0
0,107,H,1.0
0,107,H,1.0
0,107,H,1.0
0,107,H,1.0
0,107,H,1.0
0,107,H,1.0
0,107,H,1.0
0,107,H,1.0
0,107,H,1.0
0,107,H,1.0
0,107,H,1.0
0,107,H,1.0
0,107,H,1.0
0,107,V,1.0
0,107,V,1.0
0,107,V,0.19167003
0,107,V,1.0
0,107,V,1.0
0,107,V,1.0
0,107,V,0.9955835
0,107,V,0.29020342
0,107,V,0.99213874
0,107,V,0.9791432
0,108,H,-0.19090737
0,108,H,0.045818616
0,108,H,-0.11162203
0,108,H,-0.050018862
0,108,H,-0.122292876
0,108,H,-0.052527983
0,108,H,-0.11174223
0,108,H,-0.31651723
0,108,H,-0.1704059
0,108,H,-0.094236106
0,108,H,-0.025121981
0,108,H,-0.38434896
0,108,H,-0.24607246
0,108,H,-0.11099099
0,108,H,0.042998277
0,108,V,-0.73191935
0,108,V,-0.70639235
0,108,V,-0.6003646
0,109,V,-0.98647946
0,110,V,1.0
0,110,V,1.0
0,111,H,0.052383408
0,111,H,0.018458053
0,111,H,-0.03885242
0,111,H,-0.0052709687
0,111,H,-0.0054039625
0,111,H,0.033567093
0,111,V,0.2139553
0,111,V,0.02110716
0,111,V,0.11785048
0,111,V,0.19798635
0,111,V,0.08684246
0,111,V,0.11614684
0,111,V,0.12720135
0,111,V,0.23823336
0,112,V,0.052601576
0,112,V,0.06749953
0,112,V,0.06957555
0,112,V,0.0801393
0,112,V,-0.010028119
0,112,V,0.056854177
0,112,V,0.06836597
0,112,V,0.06632886
0,112,V,0.07621132
0,112,V,0.010328213
0,113,H,-1.0
0,113,H,-1.0
0,113,H,-1.0
0,113,H,-1.0
0,113,V,0.9675982
0,113,V,1.0
0,113,V,1.0
0,113,V,1.0
0,113,V,1.0
0,114,H,0.3854935
0,114,H,0.37841502
0,114,H,0.50470287
0,114,H,0.030326227
0,114,H,0.029478852
0,114,H,0.0062972247
0,114,H,0.03936351
0,114,H,0.035889376
0,114,H,-0.010306575
0,114,H,0.039708894
0,114,H,0.023919918
0,114,H,0.019166986
0,114,H,0.045678206
0,114,H,-0.33030146
0,114,H,-0.26991805
0,114,H,-0.35401094
0,114,V,-0.5945486
0,114,V,-0.5438238
0,114,V,-0.577
0,114,V,-0.008574877
0,114,V,-0.041754376
0,114,V,-0.020059325
0,114,V,0.0061903354
0,114,V,-0.047643047
0,114,V,-0.020294743
0,114,V,-0.028288197
0,114,V,-0.026776742
0,114,V,-0.031291574
0,114,V,-0.037708316
0,114,V,0.33074242
0,114,V,0.25298893
0,114,V,0.3350294
0,115,H,-0.99954766
0,115,H,-0.9951013
0,115,H,-0.98373336
0,115,H,-0.96439713
0,115,H,-1.0
0,115,H,-0.9979232
0,115,H,-0.9846284
0,115,H,-1.0
0,115,H,-0.9997331
0,115,H,-0.9988564
0,115,H,-0.98162454
0,115,H,-0.9899089
0,115,H,-0.9827999
0,115,H,-0.97728044
0,115,H,-0.9707448
0,115,V,-0.99580365
0,115,V,-0.9841377
0,115,V,-0.986308
0,116,H,1.0
0,116,H,1.0
0,116,H,1.0
0,116,H,1.0
0,116,V,1.0
0,116,V,1.0
0,117,H,-0.10871789
0,117,H,0.080248274
0,117,V,-0.55063593
0,118,H,-1.0
0,118,H,-1.0
0,118,H,-0.9090771
0,118,H,1.0
0,118,H,1.0
0,119,H,0.40694955
0,119,H,0.13803057
0,119,H,0.18351285
0,119,V,-0.3030897
0,119,V,-0.11289252
0,119,V,-0.15081483
0,120,H,0.9896692
0,120,H,0.987595
0,120,H,0.9912478
0,120,H,1.0
0,120,H,1.0
0,120,H,1.0
0,120,V,0.42957318
0,120,V,-0.3734681
0,120,V,-0.47711834
0,120,V,-0.5976527
0,120,V,-0.6178205
0,120,V,-0.5255943
0,120,V,-0.0054389597
0,120,V,-0.55262446
0,120,V,-0.6271877
0,120,V,-0.35186616
0,120,V,-0.4801676
0,120,V,-0.5159644
0,120,V,-0.40217552
0,120,V,-0.447918
0,121,H,-0.82979155
0,122,H,0.56190777
0,122,H,0.73426235
0,122,H,0.6837335
0,122,H,0.7562894
0,123,V,-0.42605096
0,123,V,0.36579046
0,123,V,-0.31035033
0,123,V,0.2515511
0,123,V,-0.20246729
0,123,V,0.3835443
0,123,V,-0.1499248
0,123,V,0.48846525
0,124,H,-0.92494065
0,124,H,0.44027394
0,124,H,0.23339987
0,124,H,0.9960691
0,124,H,-0.90755314
0,124,H,0.29721257
0,124,H,0.25432685
0,124,H,0.33375165
0,124,H,0.9843261
0,124,H,-0.8832231
0,124,H,0.23317993
0,124,H,0.3321003
0,124,H,0.42021492
0,124,H,0.9866608
0,124,H,-0.73836476
0,124,H,0.23337972
0,124,H,0.40060624
0,124,H,0.9971579
0,124,V,-0.981204
0,124,V,-0.99401724
0,124,V,0.9679338
0,124,V,0.9680076
0,124,V,0.90285975
0,125,H,-0.99775934
0,125,H,-1.0
0,125,H,-1.0
0,125,V,0.8624895
0,125,V,0.9781204
0,125,V,0.94769704
0,125,V,0.6225015
0,125,V,-0.7890915
0,125,V,-0.95337707
0,125,V,-0.9996999
0,126,H,-0.32115299
0,126,H,-0.3263567
0,126,V,-0.00039106037
0,126,V,0.0036236618
0,126,V,0.042937532
0,126,V,-0.010230568
0,126,V,0.04108945
0,126,V,0.011081525
0,127,H,0.13911316
0,127,H,-0.015814513
0,127,H,-0.001951535
0,127,H,0.017024042
0,127,H,0.0072647776
0,127,H,0.014977667
0,127,H,0.016666098
0,127,H,-0.10897145
0,127,H,-0.09915457
0,127,H,-0.15561816
0,127,V,0.014092906
0,127,V,0.103007056
0,127,V,0.10519649
0,127,V,0.10369947
0,127,V,0.049215384
0,127,V,0.025014348
0,127,V,0.13530102
0,127,V,0.11429018
0,127,V,0.08434354
0,127,V,0.05527371
0,128,H,-0.3878004
0,128,H,-0.38443297
0,128,H,-0.15456848
0,128,H,0.5486312
0,128,H,-0.0693541
0,128,H,0.6654729
0,128,H,-0.12401974
0,128,H,0.49328497
0,128,H,-0.3315339
0,128,H,0.45736444
0,128,V,0.6777847
0,128,V,0.32244417
0,129,H,0.41021255
0,129,H,0.4184168
0,129,H,0.15807654
0,129,H,0.059164874
0,129,H,0.073180825
0,129,H,-0.029637652
0,129,H,0.029957842
0,129,H,-0.069776274
0,129,V,-0.5089045
0,129,V,-0.48547897
0,129,V,-0.5672657
0,129,V,-0.60116696
0,130,V,0.44875208
0,130,V,0.64623624
0,130,V,0.06760413
0,130,V,0.08552756
0,130,V,0.865386
0,131,H,-0.16940115
0,131,H,-0.08284701
0,131,H,-0.10432743
0,131,H,-0.07987908
0,131,H,-0.0402644
0,131,V,-0.030656602
0,131,V,-0.03490613
0,131,V,-0.0422749
0,131,V,-0.042805728
0,132,H,-0.990922
0,132,V,-0.59920436
0,132,V,-0.5433353
0,132,V,-0.5270817
0,132,V,-0.17997053
0,133,V,0.2657351
0,133,V,-0.06504827
0,134,H,0.058961328
0,134,H,0.14869933
0,134,H,0.099053
0,134,H,-0.06948188
0,134,H,-0.03323186
0,134,H,-0.05521943
0,134,H,-0.0064510196
0,134,V,-0.07684258
0,134,V,-0.20449932
0,134,V,-6.948391e-05
0,134,V,0.11241264
0,134,V,0.103968695
0,134,V,0.039270673
0,134,V,0.11247312
0,134,V,0.059123266
0,134,V,0.13455728
0,134,V,0.23478097
0,134,V,0.3112784
0,135,H,-0.26259133
0,135,H,0.041005112
0,135,H,-0.028177846
0,135,H,0.0304985
0,135,H,-0.25330806
0,135,H,-0.039583195
0,135,H,0.013296243
0,135,H,-0.032422055
0,135,H,-0.24416344
0,135,V,0.06210781
0,135,V,0.058199123
0,135,V,0.16980816
0,135,V,0.15344039
0,135,V,0.17646
0,135,V,0.16907604
0,135,V,0.3146075
0,135,V,0.27767017
0,136,V,-0.27133787
0,136,V,-0.38685748
0,136,V,-0.25056505
0,136,V,-0.18691602
0,136,V,-0.14152953
0,136,V,-0.3750753
0,136,V,-0.3486931
0,136,V,-0.2613382
0,136,V,-0.208239
0,136,V,-0.35567167
0,136,V,-0.517614
0,136,V,-0.30957457
0,136,V,-0.38715193
0,136,V,-0.29361808
0,136,V,-0.562374
0,136,V,-0.6232117
0,137,H,0.12288209
0,137,H,0.1738339
0,137,H,0.16394225
0,137,H,0.094853826
0,137,H,-0.0037746108
0,137,H,-0.004225866
0,137,H,0.034398027
0,137,H,-0.0751859
0,137,H,0.07873671
0,137,H,0.00966971
0,137,H,-0.0015939071
0,137,H,0.013596715
0,137,H,-0.014465553
0,137,H,-0.15319273
0,137,H,-0.11082619
0,137,H,-0.113660365
0,137,H,-0.13772485
0,137,H,-0.24209778
0,137,V,-0.18212907
0,137,V,-0.1715679
0,137,V,-0.19216307
0,137,V,0.13593781
0,137,V,-0.01127337
0,137,V,0.015230887
0,137,V,0.014406095
0,137,V,-0.09960825
0,137,V,0.13725388
0,137,V,0.002638038
0,137,V,0.019901318
0,137,V,-0.0028138307
0,137,V,-0.09604556
0,137,V,0.24082538
0,138,V,0.06937148
0,138,V,0.35880086
0,138,V,0.48914152
0,138,V,0.7465452
0,138,V,0.06002236
0,138,V,0.3655894
0,138,V,0.46321753
0,138,V,0.7326583
0,139,H,0.3732561
0,139,H,0.3780689
0,139,H,0.6241982
0,139,V,-0.02535774
0,139,V,0.012909468
0,139,V,-0.2181905
0,139,V,-0.19746515
0,139,V,-0.15498991
0,139,V,-0.25610662
0,139,V,-0.40635926
0,140,H,0.29309046
0,140,H,0.06432103
0,140,H,0.2512956
0,140,H,-0.17269379
0,140,H,0.13464047
0,140,H,-0.087475166
0,140,H,-0.004696527
0,140,H,-0.11283797
0,140,H,-0.3014477
0,140,H,0.1527324
0,140,H,-0.15205705
0,140,H,-0.030791607
0,140,H,0.101274475
0,140,H,0.032557473
0,140,H,-0.0152240945
0,140,H,0.20690371
0,141,V,0.015977073
0,141,V,0.31223252
0,141,V,0.2747168
0,141,V,0.23093481
0,141,V,-0.15985481
0,141,V,-0.033400666
0,141,V,-0.15232742
0,141,V,0.006571506
0,141,V,-0.11881422
0,141,V,-0.23871565
0,141,V,-0.24142489
0,141,V,-0.19930753
0,142,H,-0.109664306
0,142,H,-0.36846048
0,142,H,-0.17158079
0,142,H,0.36190036
0,142,H,0.50261074
0,142,H,0.4954737
0,142,H,0.44355425
0,142,H,0.75240624
0,143,H,-0.17254871
0,143,H,-0.37470552
0,143,V,0.55800194
0,143,V,0.20384601
0,143,V,0.34906593
0,143,V,0.86075896
0,143,V,0.21300328
0,143,V,0.83950233
0,143,V,0.23204559
0,143,V,0.46299934
0,143,V,0.14569236
0,144,H,0.04216817
0,144,H,0.028361913
0,144,H,0.09171879
0,144,H,0.03670208
0,144,H,-0.045529854
0,144,H,-0.025081387
0,144,V,-0.92536455
0,145,H,-0.30988693
0,145,H,0.20977855
0,145,H,0.31664133
0,145,H,-0.2581441
0,145,H,0.20314345
0,145,H,0.37526852
0,145,H,-0.043672584
0,145,H,0.21061838
0,145,V,-0.6437495
0,145,V,-0.7520946
0,145,V,-0.7247258
0,145,V,0.1890318
0,146,H,-1.0
0,146,H,-0.99890804
0,146,H,-0.998143
0,146,H,-0.99936223
0,147,V,1.0
0,147,V,1.0
0,147,V,1.0
0,148,V,0.5083716
0,148,V,0.6837345
0,148,V,0.6623332
0,148,V,0.2496146
0,148,V,0.3056566
0,148,V,-0.12526578
0,148,V,-0.2424501
0,149,H,-0.6739334
0,149,H,0.42298824
0,150,H,-0.4688075
0,150,V,-1.0
0,150,V,-0.9914578
0,150,V,-1.0
0,150,V,-1.0
0,150,V,-1.0
0,150,V,-1.0
0,150,V,-0.99995726
0,151,V,0.7290594
0,151,V,0.8049395
0,151,V,0.71566784
0,151,V,0.7683884
0,151,V,0.7703409
0,151,V,0.7476957
0,151,V,0.74982417
0,151,V,0.56483287
0,151,V,0.9387735
0,152,H,-1.0
0,152,H,-1.0
0,152,H,-1.0
0,152,V,0.9960732
0,152,V,0.9979978
0,152,V,0.99577266
0,152,V,0.99596816
0,153,H,-0.25644037
0,153,H,-0.39731768
0,153,H,-0.37135467
0,153,H,-0.07440737
0,153,H,-0.32987106
0,153,H,-0.078092165
0,153,H,-0.19134162
0,153,H,-0.1475362
0,153,H,-0.23549064
0,153,H,0.10241745
0,153,H,0.06779352
0,153,H,0.094861604
0,154,H,-0.13466947
0,154,H,-0.17183228
0,154,H,-0.28239942
0,154,H,-0.22374903
0,154,H,-0.1232908
0,154,H,-0.11564521
0,154,H,-0.22276065
0,154,H,-0.24482217
0,154,H,-0.19122688
0,154,H,-0.10935693
0,154,H,-0.38938788
0,155,V,-0.31682965
0,155,V,-0.26343915
0,155,V,-0.23565167
0,155,V,0.05837359
0,155,V,-0.12903193
0,155,V,-0.24375746
0,155,V,-0.022744374
0,155,V,-0.4536913
0,155,V,-0.020679913
0,155,V,-0.022807
0,156,H,0.8341315
0,156,H,0.90704393
0,156,H,0.8633591
0,156,H,0.99582607
0,156,H,0.8165991
0,156,H,0.9349041
0,156,V,1.0
0,156,V,1.0
0,156,V,1.0
0,156,V,0.9990707
0,157,H,0.98811567
0,157,H,0.9816878
0,157,H,0.952839
0,157,H,0.60808796
0,157,V,0.08129969
0,157,V,0.2094614
0,157,V,0.10149762
0,157,V,0.20832212
0,157,V,0.084838316
0,157,V,0.30567434
0,157,V,0.38926286
0,158,H,-0.148694
0,158,H,-0.35787672
0,158,H,-0.22846015
0,158,H,-0.2375993
0,158,H,-0.30763587
0,158,H,0.124786116
0,158,H,0.036478404
0,158,H,-0.19050343
0,158,H,0.041312266
0,158,H,-0.2751033
0,158,H,0.14429119
0,158,H,-0.013355837
0,158,H,0.028670013
0,158,H,-0.011446046
0,158,H,-0.16009079
0,158,H,0.0999789
0,158,H,0.12842314
0,158,H,0.12504084
0,158,H,0.079035215
0,158,H,0.06509692
0,158,V,0.075775705
0,158,V,0.34507516
0,158,V,-0.4210887
0,158,V,-0.47385475
0,159,H,1.0
0,159,H,1.0
0,159,H,1.0
0,159,H,1.0
0,159,V,1.0
0,160,H,-0.23639609
0,160,H,-0.24612224
0,160,H,-0.25100857
0,160,H,-0.2750736
0,160,H,-0.26518998
0,160,V,-0.14401442
0,160,V,-0.1304327
0,160,V,-0.082213484
0,160,V,-0.0021141665
0,160,V,0.061692268
0,161,H,0.20662716
0,161,H,0.024627825
0,161,H,-0.06906653
0,161,H,-0.039027747
0,161,H,-0.03796737
0,161,H,0.2529382
0,161,H,-0.0053554126
0,161,H,-0.015886456
0,161,H,-0.08421843
0,161,H,0.039087113
0,161,H,0.1658209
0,161,H,-0.05268089
0,161,H,-0.077555
0,161,H,0.00013306936
0,161,H,0.060095437
0,161,H,-0.010121436
0,161,H,-0.33720815
0,161,H,-0.42388713
0,161,H,-0.51725775
0,161,H,-0.25445703
0,161,V,0.1652893
0,161,V,-0.07784759
0,161,V,0.10214844
0,162,H,0.2371469
0,162,H,-0.030358542
0,162,V,0.09123725
0,162,V,0.01050838
0,162,V,-0.0041988734
0,162,V,0.020982232
0,162,V,-0.05602157
0,162,V,0.07754333
0,162,V,0.016461669
0,162,V,-0.0027512212
0,162,V,0.013385769
0,162,V,-0.066599496
0,163,H,0.06439538
0,163,H,0.20608503
0,163,H,0.24162224
0,163,H,0.2027663
0,163,H,0.19529964
0,163,V,0.09197924
0,163,V,0.08098055
0,163,V,0.092204705
0,163,V,0.09070703
0,164,H,-1.0
0,164,H,-1.0
0,164,H,-1.0
0,164,H,-1.0
0,164,V,1.0
0,164,V,1.0
0,164,V,1.0
0,164,V,1.0
0,165,H,-0.016095074
0,165,H,0.011991118
0,165,H,-0.014982854
0,165,H,0.019272642
0,165,H,0.20161065
0,165,H,0.23901941
0,165,H,0.17338564
0,165,H,0.24174112
0,165,V,-0.23584326
0,165,V,-0.20498253
0,166,V,-0.2480104
0,166,V,0.22939384
0,167,H,0.0043521724
0,167,H,-0.20416701
0,167,H,-0.34350914
0,167,H,-0.19703142
0,167,H,-0.22548565
0,167,H,-0.18384607
0,167,H,-0.29801866
0,167,H,-0.273694
0,167,H,-0.3119906
0,167,H,-0.6936939
0,167,H,-0.5875208
0,167,H,-0.40890867
0,167,V,-0.36463958
0,167,V,-0.35295764
0,167,V,-0.41038612
0,167,V,-0.08607584
0,167,V,-0.22866835
0,167,V,-0.06510364
0,167,V,-0.18170148
0,167,V,-0.24337862
0,167,V,-0.13706046
0,167,V,0.22808369
0,167,V,0.11022315
0,168,H,0.07899267
0,168,H,0.011789424
0,168,H,0.04108821
0,168,H,0.0602331
0,168,H,0.414971
0,168,H,0.51584786
0,168,H,0.44541496
0,168,H,0.48957676
0,168,H,0.33797628
0,168,H,0.6250225
0,168,H,0.5073422
0,168,H,0.636411
0,168,V,0.01054277
0,168,V,-0.35956532
0,168,V,-0.41338584
0,168,V,-0.31430468
0,168,V,-0.13189222
0,168,V,-0.3828128
0,168,V,-0.30738744
0,168,V,-0.15227887
0,168,V,-0.5042931
0,169,H,-0.4318613
0,169,H,-0.47604814
0,169,H,-0.7504982
0,169,H,-0.24145424
0,169,H,0.12929283
0,169,H,0.31346914
0,169,H,-0.12377312
0,169,V,0.62138146
0,169,V,0.48056412
0,169,V,0.4243396
0,169,V,0.4697518
0,169,V,0.06534975
0,169,V,0.16493246
0,169,V,0.22796144
0,169,V,0.2015137
0,169,V,0.072333336
0,169,V,-0.36268103
0,169,V,-0.31414565
0,169,V,-0.1806987
0,169,V,-0.56733567
0,170,H,0.24455227
0,170,V,-0.4467742
0,170,V,-0.4598907
0,171,H,0.6109018
0,171,H,0.6402183
0,171,H,0.106522836
0,171,H,0.26765993
0,171,H,0.16593164
0,171,H,0.328931
0,171,V,-0.8909057
0,172,V,-0.6253809
0,172,V,-0.065456666
0,172,V,-0.07771627
0,172,V,-0.08366541
0,172,V,-0.6094862
0,172,V,-0.051600363
0,172,V,-0.085008055
0,172,V,-0.0653182
0,173,H,-0.04609641
0,173,H,-0.028853854
0,173,H,0.046893906
0,173,H,-0.26522887
0,173,V,-0.043562107
0,173,V,-0.01331021
0,173,V,-0.028595129
0,173,V,0.15554525
0,174,H,0.102057464
0,174,H,-0.020625921
0,174,H,0.057233725
0,174,H,-0.026729265
0,174,H,0.006363743
0,174,H,-0.036452502
0,174,H,-0.014156114
0,174,H,-0.018303802
0,174,H,-0.025827814
0,174,H,0.032658696
0,174,H,-0.03207535
0,174,H,-0.012248977
0,174,H,0.027455669
0,174,H,-0.054128088
0,174,H,-0.06553686
0,174,H,0.103759184
0,174,H,0.08634196
0,174,H,0.09214549
0,174,H,-0.012898537
0,174,V,-0.31380433
0,174,V,-0.011919712
0,174,V,-0.07067413
0,174,V,0.0009813799
0,174,V,-0.16106987
0,174,V,-0.052429628
0,174,V,-0.027887026
0,174,V,0.055123806
0,174,V,-0.0050415657
0,174,V,-0.084954634
0,174,V,-0.060589544
0,174,V,0.015522876
0,174,V,0.08259981
0,174,V,0.0020736388
0,174,V,-0.08179009
0,174,V,-0.015458014
0,174,V,-0.04146022
0,174,V,0.010471929
0,174,V,0.015384931
0,174,V,0.021458853
0,175,H,0.38142598
0,175,H,0.18853839
0,175,H,0.22488764
0,175,H,0.038868327
0,176,H,-0.96703255
0,176,H,-1.0
0,176,H,-1.0
0,176,H,-1.0
0,176,H,-1.0
0,176,V,0.86863756
0,176,V,0.9798741
0,176,V,-0.47859007
0,176,V,-0.96201384
0,177,H,-1.0
0,177,H,-0.51598865
0,177,V,1.0
0,178,H,1.0
0,178,H,1.0
0,178,H,1.0
0,178,H,1.0
0,178,V,-0.9893233
0,178,V,-0.9503847
0,178,V,-0.93660426
0,178,V,-0.998433
0,178,V,-0.9992069
0,178,V,-0.8725849
0,179,V,1.0
0,179,V,1.0
0,180,V,-1.0
0,180,V,-1.0
0,180,V,-1.0
0,180,V,-0.9978931
0,181,V,0.9743076
0,181,V,0.9537446
0,181,V,0.90202254
0,181,V,0.9657793
0,182,H,-0.23801668
0,182,H,-0.18910557
0,182,H,-0.22343989
0,182,H,-0.18439376
0,182,H,-0.16191515
0,182,V,0.07994162
0,182,V,0.11776119
0,182,V,0.010346098
0,182,V,-0.00697196
0,182,V,-0.109186776
0,182,V,-0.04267487
0,183,V,-0.21302193
0,183,V,0.019373635
0,183,V,0.018733274
0,183,V,0.21493652
0,184,H,0.9124492
0,184,H,0.881957
0,184,H,0.92253745
0,184,V,-0.4731404
0,184,V,-0.5294995
0,184,V,-0.13891523
0,184,V,-0.12551002
0,184,V,-0.16637194
0,184,V,-0.06889531
0,184,V,0.22628202
0,185,H,0.19412544
0,185,H,-0.2278977
0,185,H,-0.12593609
0,185,H,-0.16420467
0,185,H,-0.05173466
0,185,H,0.06466122
0,185,V,0.36796415
0,186,V,-1.0
0,186,V,1.0
0,186,V,1.0
0,186,V,1.0
0,187,V,0.008092044
0,187,V,0.057797816
0,187,V,0.021081628
0,187,V,0.025818322
0,187,V,0.10330309
0,187,V,0.10555243
0,187,V,0.11626717
0,187,V,0.18862514
0,187,V,0.19634795
0,187,V,0.26366198
0,188,H,0.06286849
0,188,H,-0.024965525
0,188,H,0.042787813
0,188,H,-0.03751995
0,188,H,-0.045958705
0,188,H,-0.14906453
0,188,V,-0.8709772
0,188,V,-0.7552638
0,189,V,0.98778397
0,189,V,0.9677891
0,189,V,0.77524775
0,190,H,0.096107654
0,190,H,-0.4189761
0,190,H,-0.49943864
0,190,H,-0.3055956
0,190,H,-0.50704026
0,190,H,-0.7463633
0,190,V,0.07354583
0,190,V,0.119037345
0,190,V,0.34301722
0,190,V,0.488214
0,190,V,0.473903
0,190,V,0.45859757
0,190,V,0.41917357
0,191,H,-0.20831186
0,191,H,-0.1037369
0,191,H,-0.26447466
0,191,H,-0.19624406
0,191,H,-0.18712397
0,191,H,-0.11130814
0,191,H,-0.1718494
0,191,H,-0.13811864
0,191,H,-0.09767031
0,191,H,-0.20275389
0,191,H,-0.12553148
0,191,H,-0.012678864
0,191,H,0.07226097
0,191,H,0.05535787
0,191,H,0.010609064
0,192,V,-0.3128069
0,192,V,0.08104392
0,192,V,-0.130773
0,192,V,0.030909225
0,192,V,0.035199977
0,192,V,-0.14905924
0,192,V,0.16480842
0,192,V,-0.087091476
0,192,V,0.04596566
0,192,V,-0.083544515
0,192,V,-0.034151565
0,192,V,0.2012945
0,192,V,-0.061971556
0,192,V,0.08713455
0,192,V,0.12804559
0,192,V,-0.18551506
0,192,V,0.123121046
0,192,V,0.23298874
0,192,V,0.16815007
0,193,H,-0.0875659
0,193,H,-0.015971802
0,193,H,-0.11752521
0,193,H,-0.0057057054
0,193,H,-0.013283875
0,193,H,-0.06732446
0,193,H,-0.20892277
0,193,H,-0.2112437
0,193,V,-0.015928775
0,193,V,-0.0049130945
0,193,V,-0.068184935
0,193,V,-0.015948664
0,193,V,-0.020747602
0,193,V,-0.03379136
0,194,H,0.33041808
0,194,H,0.16026136
0,194,H,0.19152175
0,194,H,0.17269613
0,194,V,0.46169227
0,194,V,0.10455688
0,194,V,0.0870457
0,194,V,0.20168756
0,194,V,0.021014916
0,194,V,0.3460204
0,194,V,0.5513281
0,194,V,0.53964436
0,194,V,0.5344701
0,195,H,0.097714834
0,196,H,-0.12549597
0,196,H,-0.014672293
0,196,H,0.0054804897
0,196,H,-0.038571175
0,196,V,-1.0
0,196,V,-1.0
0,196,V,-1.0
0,197,H,0.06421426
0,197,H,0.009296903
0,197,H,-0.015222512
0,197,H,-0.0017603374
0,197,H,-0.04762461
0,197,H,0.06056739
0,197,H,-0.024216391
0,197,H,-0.012490071
0,197,H,0.020699643
0,197,H,-0.030105079
0,198,H,0.13290948
0,198,H,0.14302266
0,198,H,0.16048746
0,198,H,0.0044215713
0,198,H,0.18455124
0,198,H,-0.007304841
0,198,V,-0.10186904
0,198,V,-0.07369668
0,198,V,-0.0033247673
0,198,V,-0.050712846
0,199,H,-0.9519647
0,199,H,-0.80271393
0,199,H,-0.69915944
0,199,H,-0.80808043
0,199,H,0.4085967
0,199,H,0.44018438
0,199,V,0.4048242
0,199,V,0.67451936
0,199,V,-1.0
0,200,V,0.36496767
0,200,V,0.2722198
0,200,V,0.29261616
0,200,V,0.14392252
0,201,H,0.13820022
0,201,H,0.107353695
0,201,H,0.03594339
0,201,H,0.029954378
0,201,H,0.024163276
0,201,H,0.0382642
0,201,V,-0.16812557
0,201,V,-0.18045487
0,201,V,0.01681424
0,201,V,0.07300254
0,201,V,0.07529641
0,201,V,0.05386486
0,202,H,0.095478736
0,202,H,0.051177584
0,202,H,0.010334282
0,202,H,-0.005403686
0,202,H,0.037650917
0,202,H,0.040312633
0,202,H,-0.015043761
0,202,H,-0.08936799
0,202,H,-0.06829327
0,202,H,-0.14498071
0,202,V,0.006613958
0,202,V,-0.022249926
0,202,V,-0.015434754
0,202,V,-0.0048276605
0,202,V,0.00037213112
0,202,V,0.011380385
0,202,V,0.116085134
0,202,V,0.012307319
0,202,V,0.007615954
0,202,V,0.064813554
0,202,V,-0.07017027
0,203,H,0.17083856
0,203,H,0.029346883
0,203,H,0.31919816
0,203,H,0.12330791
0,203,H,-0.25202343
0,203,H,0.113612704
0,203,H,0.067454144
0,203,H,0.047860034
0,203,H,-0.11202359
0,203,H,-0.076166525
0,203,H,-0.008145053
0,203,H,0.005040834
0,203,H,-0.12910381
0,204,H,-0.09752598
0,204,H,-0.08205918
0,204,H,-0.069979265
0,204,H,-0.07540381
0,204,H,-0.043179255
0,204,H,-0.0553016
0,204,H,-0.15852597
0,204,H,-0.24704197
0,204,V,-0.045695428
0,204,V,-0.062460173
0,204,V,-0.056161568
0,204,V,-0.023075053
0,204,V,-0.03154236
0,204,V,-0.035529446
0,204,V,-0.029772146
0,204,V,-0.018237408
0,204,V,0.058782004
0,204,V,0.057066906
0,204,V,0.08811236
0,204,V,0.14268033
0,205,V,0.07819399
0,205,V,0.04369766
0,205,V,0.0463189
0,205,V,0.2457987
0,206,H,-0.21809673
0,206,H,-0.014111895
0,206,H,-0.29534423
0,206,V,-0.01330532
0,206,V,-0.0609204
0,206,V,-0.085262544
0,207,H,0.16595158
0,207,H,-0.019387059
0,207,H,0.044108335
0,207,H,-0.104033396
0,207,V,-0.20600058
0,207,V,-0.1135582
0,207,V,-0.13040121
0,207,V,0.07459624
0,208,V,0.24490716
0,208,V,0.24624974
0,208,V,0.107100494
0,208,V,0.26426008
0,208,V,0.7277415
0,208,V,0.3785746
0,209,H,-0.3503692
0,209,H,-0.30365732
0,209,H,-0.45039952
0,209,H,-0.26028827
0,209,H,-0.31762385
0,209,H,-0.27152807
0,209,H,-0.92016333
0,209,H,-0.93199164
0,210,H,-0.89852345
0,210,V,0.99912703
0,210,V,1.0
0,210,V,0.9798006
0,210,V,-0.8187022
0,211,H,0.34616092
0,211,H,0.29315427
0,211,H,0.5027439
0,211,H,8.190182e-05
0,211,H,0.06137977
0,211,V,0.31571996
0,211,V,0.2256624
0,211,V,0.2996101
0,211,V,0.22622585
0,211,V,0.3006748
0,211,V,0.44336593
0,212,H,-1.0
0,212,H,-1.0
0,212,H,-1.0
0,212,H,-1.0
0,212,H,-1.0
0,212,V,1.0
0,212,V,-0.9303852
0,213,V,-0.04688824
0,213,V,0.058949377
0,213,V,-0.027571945
0,213,V,-0.006662785
0,213,V,0.07325959
0,213,V,-0.086737975
0,213,V,0.044890095
0,213,V,-0.050349686
0,213,V,-0.15658842
0,213,V,0.019831967
0,213,V,-0.0074220006
0,213,V,0.052783933
0,213,V,-0.26411244
0,213,V,-0.2130106
0,213,V,-0.24137641
0,214,H,0.3911953
0,214,H,0.037268683
0,214,H,0.02417499
0,214,H,-0.34225303
0,214,H,0.4279004
0,214,H,0.00875898
0,214,H,0.018629745
0,214,H,-0.2927583
0,214,V,0.32126752
0,214,V,-0.024153922
0,214,V,-0.08799496
0,214,V,-0.042047706
0,214,V,-0.40183872
0,214,V,0.28561056
0,214,V,-0.05163783
0,214,V,-0.075583965
0,214,V,-0.07029012
0,214,V,-0.40153518
0,214,V,0.2893147
0,214,V,-0.21082832
0,215,V,0.4644288
0,215,V,-1.0
0,215,V,-1.0
0,215,V,-0.9650007
0,215,V,-0.7744017
0,216,H,0.11335749
0,216,H,0.039473917
0,216,H,0.22124536
0,216,H,0.19738144
0,216,H,0.16300614
0,216,H,0.2108786
0,217,H,-0.48175323
0,217,H,-0.9903203
0,217,H,-1.0
0,217,H,-1.0
0,217,V,1.0
0,217,V,1.0
0,217,V,1.0
0,217,V,1.0
0,217,V,0.9352397
0,217,V,0.9481523
0,217,V,0.9030644
0,218,H,-1.0
0,218,H,-1.0
0,218,V,1.0
0,218,V,1.0
0,218,V,1.0
0,218,V,1.0
0,219,H,-0.94495213
0,219,H,-0.95814174
0,219,H,-0.9179166
0,219,V,-0.48679247
0,219,V,-0.030367188
0,219,V,-0.856335
0,219,V,0.25624776
0,219,V,0.020385845
0,219,V,0.50802475
0,219,V,-0.822767
0,219,V,0.18601821
0,219,V,-0.1129364
0,219,V,0.46358928
0,219,V,0.60579264
0,219,V,0.73745143
0,220,V,0.20027983
0,221,H,0.16068749
0,221,H,0.13863981
0,221,H,0.20884688
0,221,H,-0.11249125
0,221,H,-0.013245384
0,221,H,-0.004917062
0,221,H,-0.006111662
0,221,H,0.02174676
0,221,H,-0.1465797
0,221,H,-0.01048737
0,221,H,-0.017872842
0,221,H,-0.0031839176
0,221,H,-0.004812329
0,221,H,-0.22425756
0,221,H,-0.22280395
0,221,H,-0.26873788
0,221,V,-0.22939365
0,221,V,-0.22658868
0,221,V,-0.22808912
0,221,V,-0.059520263
0,221,V,0.00035000956
0,221,V,-0.02447912
0,221,V,-0.008585533
0,221,V,0.036217354
0,221,V,-0.054451764
0,221,V,-0.008008501
0,221,V,-0.026271703
0,221,V,-0.010282464
0,221,V,0.023752755
0,221,V,0.18428013
0,221,V,0.19262473
0,221,V,0.18982041
0,222,H,-0.1463457
0,222,H,0.055015404
0,222,H,0.027608551
0,222,H,0.06846503
0,222,H,0.03988048
0,222,H,-0.15621236
0,222,H,0.028224794
0,222,H,0.044233166
0,222,H,0.084147096
0,222,H,0.063585415
0,223,H,-0.6852661
0,223,H,-0.76166755
0,223,H,-0.019913705
0,223,H,-0.84461725
0,223,H,-0.117324755
0,223,H,-0.6301437
0,223,H,-0.92770755
0,223,H,-0.9894896
0,223,H,-0.09424655
0,224,H,-0.029590765
0,224,H,0.026777059
0,224,H,-0.005153539
0,224,H,-0.029273314
0,224,H,0.020386338
0,224,H,0.046882857
0,224,H,-0.1473983
0,224,V,0.04067703
0,224,V,0.07066635
0,224,V,0.22258483
0,224,V,0.2961382
0,225,H,-0.026173985
0,225,H,0.02335121
0,225,H,-0.020179106
0,225,H,0.0056080692
0,225,H,-0.10541695
0,225,H,-0.054548655
0,225,H,0.008090462
0,225,H,0.015288164
0,225,H,0.0020553195
0,225,H,-0.09126143
0,225,H,-0.28034127
0,225,H,-0.17623176
0,225,V,0.1598983
0,226,H,-0.52205235
0,226,H,-0.43910524
0,226,H,-0.46803176
0,226,H,-0.4218656
0,226,V,-0.3999491
0,226,V,-0.03803728
0,226,V,-0.024416702
0,226,V,0.015229663
0,226,V,-0.057587434
0,226,V,0.3739229
0,227,H,1.0
0,227,H,1.0
0,227,H,1.0
0,227,H,0.38015237
0,227,H,0.39523476
0,227,H,0.37672144
0,227,H,0.31575963
0,227,H,0.3827737
0,227,H,0.4258101
0,227,V,0.16988967
0,227,V,0.36650664
0,227,V,0.38319424
0,227,V,0.47979268
0,227,V,1.0
0,228,H,-0.51996934
0,228,H,-0.37423235
0,228,H,-0.5096141
0,228,H,-0.14473517
0,228,H,0.5643995
0,228,V,0.40203217
0,228,V,0.7575891
0,228,V,0.62831944
0,228,V,0.7121972
0,228,V,-0.3353823
0,228,V,-0.1510341
0,228,V,0.23427674
0,229,H,0.90829724
0,229,H,0.926812
0,229,H,0.9485747
0,229,H,0.91962475
0,229,V,0.046252705
0,229,V,-0.05173096
0,229,V,-0.016658504
0,229,V,0.016330518
0,230,H,0.07359058
0,230,H,0.064032495
0,230,H,0.04646614
0,230,H,0.05173861
0,230,H,0.06196798
0,230,H,0.07738217
0,230,V,0.087812044
0,230,V,0.04512038
0,230,V,0.0068860603
0,230,V,0.09648264
0,230,V,0.042243775
0,230,V,0.0015424807
0,230,V,0.66496086
0,231,H,1.0
0,231,H,1.0
0,231,H,1.0
0,231,H,1.0
0,231,V,1.0
0,231,V,1.0
0,231,V,1.0
0,231,V,1.0
0,232,H,-1.0
0,232,H,-1.0
0,232,H,-1.0
0,232,H,-0.99681306
0,232,H,-0.96727425
0,232,V,-0.9974468
0,232,V,-0.99812376
0,232,V,-1.0
0,232,V,-1.0
0,232,V,-1.0
0,233,H,-0.085962795
0,233,H,0.10829981
0,233,H,0.06418297
0,233,H,0.113304794
0,234,V,-0.38985184
0,234,V,-0.48531023
0,234,V,-0.57756394
0,234,V,-0.55486375
0,235,V,-0.06622917
0,235,V,-0.12711559
0,235,V,0.07423599
0,235,V,-0.14225261
0,235,V,-0.2735327
0,235,V,-0.16696456
0,235,V,-0.29906428
0,235,V,-0.04523796
0,235,V,-0.2024881
0,235,V,-0.4353672
0,235,V,-0.22576374
0,236,H,-0.86670226
0,236,H,-0.8578008
0,236,H,-0.7986485
0,236,H,0.6441127
0,236,H,0.7523153
0,236,H,0.6705615
0,236,V,0.9747197
0,236,V,0.9382506
0,236,V,0.94989806
0,236,V,0.9179083
0,237,V,-0.8137384
0,237,V,-0.9600616
0,237,V,-0.93038315
0,237,V,-0.98500043
0,238,H,0.25499943
0,238,H,0.2602048
0,238,H,0.18436545
0,238,H,0.072600774
0,238,H,0.10808044
0,238,H,0.19835
0,238,H,0.09096972
0,238,H,0.019520693
0,238,H,0.115581624
0,238,H,0.0869116
0,238,H,0.14173028
0,238,H,0.02644042
0,238,H,0.052341875
0,238,H,-0.024512224
0,238,H,-0.12655212
0,239,V,0.6078263
0,239,V,0.9425529
0,239,V,0.92062074
0,239,V,0.89660925
0,239,V,0.87706345
0,240,H,-0.12488631
0,241,H,1.0
0,241,V,-0.5395899
0,241,V,-0.42783296
0,241,V,-0.42018703
0,241,V,-0.35081774
0,241,V,-0.38497925
0,241,V,-0.09936707
0,241,V,-0.398654
0,241,V,-0.3779667
0,241,V,-0.3230461
0,241,V,0.32303327
0,242,H,0.04324949
0,242,H,0.081813805
0,242,H,0.047456842
0,242,H,0.052463084
0,242,H,0.046878483
0,242,H,0.056992367
0,242,V,-0.045699216
0,242,V,-0.038725063
0,242,V,0.018908147
0,242,V,-0.01962414
0,242,V,-0.031958602
0,242,V,-0.06516686
0,242,V,-0.025645752
0,242,V,-0.079289675
0,242,V,-0.061392784
0,243,H,0.052382585
0,243,H,0.12242566
0,243,H,0.06779722
0,243,H,-0.0056324704
0,243,H,0.010469874
0,243,H,-0.035905942
0,243,H,-0.010528521
0,243,H,-0.0018586082
0,243,H,0.021696547
0,243,H,-0.039757088
0,243,H,-0.049110897
0,243,H,-0.07320797
0,244,H,-0.99660033
0,244,H,-0.23316194
0,244,H,-0.5633946
0,244,H,-0.18121871
0,244,H,-0.99018955
0,244,H,-0.48684365
0,244,H,-0.33861366
0,245,H,-0.10466625
0,245,H,-0.06656099
0,245,H,-0.074952014
0,245,H,-0.073834844
0,245,H,-0.07558615
0,245,H,-0.055427644
0,245,H,-0.30194843
0,245,H,-0.3742702
0,245,V,-0.25510636
0,245,V,-0.2360252
0,245,V,-0.059566185
0,245,V,-0.089483716
0,245,V,-0.051962417
0,245,V,-0.10173286
0,246,H,-1.0
0,246,H,-0.9839661
0,246,V,0.88710207
0,246,V,0.61081153
0,246,V,0.6368068
0,246,V,-0.26997393
0,247,H,-0.08020703
0,247,H,0.10904592
0,247,H,0.17869617
0,247,H,0.31316155
0,247,V,0.99889433
0,247,V,0.9683239
0,247,V,0.9854381
0,247,V,0.5250122
0,248,H,-0.18526833
0,248,H,-0.09124072
0,248,H,-0.06441589
0,248,H,-0.12257789
0,248,H,-0.0710908
0,248,H,-0.32003278
0,248,H,-0.10296535
0,248,H,-0.209669
0,248,H,-0.13042346
0,248,H,-0.32349548
0,248,H,-0.20375535
0,249,H,-1.0
0,249,H,-1.0
0,249,H,-1.0
0,249,H,-1.0
0,249,H,-1.0
0,249,H,-1.0
0,249,H,-1.0
0,249,H,-0.9997182
0,249,V,1.0
0,249,V,1.0
0,249,V,1.0
0,249,V,1.0
0,249,V,1.0
0,249,V,1.0
0,249,V,1.0
0,249,V,1.0
0,249,V,1.0
0,250,V,-0.21169876
0,250,V,-0.01997359
0,250,V,-0.015168632
0,251,H,0.5237492
0,251,H,0.14688104
0,251,H,0.0627234
0,251,H,0.28811532
0,251,H,0.08043588
0,251,H,0.04497054
0,251,H,0.23476619
0,251,H,0.07688895
0,251,H,0.056820076
0,251,H,0.19804633
0,251,H,-0.09377638
0,251,H,-0.14620243
0,251,V,0.3323792
0,251,V,0.07926692
0,251,V,0.12029582
0,251,V,0.032108035
0,251,V,0.52329564
0,251,V,0.20975298
0,251,V,0.21532749
0,251,V,0.52489954
0,251,V,0.18860632
0,251,V,0.2080052
0,252,V,0.92678195
0,252,V,0.8260998
0,253,H,0.71194535
0,253,H,0.5169614
0,253,H,0.5565789
0,253,H,0.012227704
0,253,H,0.15110068
0,253,H,0.12593791
0,253,H,0.12797311
0,253,H,0.08161109
0,253,H,0.036963183
0,253,H,0.09965334
0,253,H,0.14988223
0,253,H,-0.15691939
0,253,H,-0.29764506
0,253,H,-0.36843556
0,253,H,-0.30278507
0,253,V,-0.9736137
0,253,V,-0.75140727
0,253,V,-0.7543317
0,253,V,-0.75324655
0,253,V,-0.9916414
0,253,V,-0.3676542
0,253,V,-0.39517176
0,253,V,-0.53789395
0,253,V,-0.3183462
0,253,V,-0.29866502
0,253,V,-0.455552
0,253,V,-0.1437083
0,254,H,0.13814847
0,254,H,0.18583915
0,254,H,0.14903815
0,254,H,0.17093812
0,254,H,-0.0036857098
0,254,H,-0.014764917
0,254,H,0.014293685
0,254,V,-0.23883733
0,254,V,-0.03313675
0,254,V,-0.16614339
0,254,V,-0.035614498
0,254,V,-0.0416664
0,254,V,-0.011184662
0,254,V,0.043193277
0,255,H,0.25640216
0,255,H,0.21610345
0,255,H,-1.0
0,255,H,0.021598222
0,255,H,-1.0
0,255,H,-0.0070522986
0,255,H,-0.6088704
0,255,H,-0.12976484
0,255,V,-0.77105767
0,255,V,0.015187166
0,255,V,0.11827657
0,255,V,0.635675
0,255,V,-0.9565932
0,255,V,0.014399419
0,255,V,0.11095452
0,255,V,0.21054082
0,255,V,0.7212147
0,255,V,-0.9568099
0,255,V,0.15562707
0,255,V,0.15833643
0,255,V,0.094486274
0,255,V,0.6840081
0,255,V,0.39304748
0,256,H,0.68951565
0,256,H,-0.19013476
0,256,H,-0.2235328
0,256,H,-0.37170017
0,256,H,-0.50162274
0,256,H,-1.0
0,256,H,-1.0
0,256,H,-1.0
0,256,H,-0.66607857
0,256,V,-0.995728
0,256,V,-0.8452522
0,256,V,0.27754253
0,256,V,0.20557669
0,256,V,0.24585512
0,256,V,0.24915524
0,256,V,0.26768088
0,256,V,-0.44620112
0,256,V,0.91243094
0,257,H,-0.15000676
0,257,H,0.027647384
0,257,H,-0.22953643
0,257,V,-0.41766843
0,258,V,0.13551624
0,258,V,0.12180759
0,258,V,0.040142983
0,258,V,-0.09145527
0,259,V,0.9744224
0,259,V,0.9780337
0,259,V,-0.17407121
0,259,V,0.033205315
0,259,V,-0.15402573
0,259,V,0.9732074
0,259,V,-0.051086914
0,259,V,0.18227562
0,259,V,-0.0685423
0,259,V,0.9661948
0,259,V,-0.18235178
0,259,V,0.21825364
0,259,V,0.20524608
0,260,H,0.28717715
0,260,H,-0.15351264
0,260,H,0.2929823
0,260,H,-0.09115266
0,260,H,-0.18272977
0,261,H,0.9176239
0,261,H,0.99302095
0,261,H,0.9859052
0,261,H,0.9166791
0,261,V,-0.561205
0,261,V,-0.8147966
0,261,V,0.01653399
0,261,V,-0.5995045
0,261,V,-0.08829585
0,261,V,-0.6043621
0,261,V,0.19142337
0,261,V,-0.40572238
0,262,H,0.9073849
0,262,H,0.8549733
0,262,H,0.27929598
0,262,H,0.40027118
0,262,V,1.0
0,262,V,1.0
0,262,V,0.99996525
0,262,V,1.0
0,262,V,1.0
0,262,V,0.96647376
0,263,H,-0.12747875
0,263,H,-0.12379626
0,263,H,-0.11305835
0,263,H,-0.17423697
0,263,H,-0.1531182
0,263,H,-0.11418826
0,263,H,-0.06844089
0,263,H,-0.07254934
0,263,H,-0.032725282
0,263,H,-0.12002537
0,263,H,-0.05407366
0,263,H,-0.07845909
0,263,H,-0.09035369
0,263,H,-0.090754196
0,263,H,-0.033260625
0,263,H,-0.096312575
0,263,H,-0.00899483
0,263,H,-0.09997572
0,263,H,-0.008857964
0,263,V,-0.084539995
0,263,V,0.057116155
0,263,V,0.080027446
0,263,V,0.086274855
0,263,V,0.09841553
0,263,V,-0.115590274
0,263,V,0.04365252
0,263,V,0.02094424
0,263,V,0.061464086
0,263,V,0.0896883
0,263,V,-0.09698242
0,263,V,0.037842337
0,263,V,0.026983315
0,263,V,0.04191478
0,263,V,0.07360261
0,263,V,0.030674981
0,263,V,0.0027933596
0,263,V,0.08041617
0,263,V,0.07171146
0,264,H,-0.99928814
0,264,V,-0.16118644
0,264,V,-0.531707
0,264,V,-0.5147992
0,264,V,-0.6607238
0,265,H,0.14261968
0,265,H,0.41884887
0,265,H,0.041619956
0,265,H,0.03223663
0,265,H,0.029794134
0,265,H,-0.043022864
0,265,H,-0.0044115484
0,265,H,-0.095775746
0,265,V,-0.96054024
0,265,V,-0.96225256
0,265,V,-0.994919
0,265,V,-0.99947375
0,266,H,1.0
0,266,H,1.0
0,266,H,1.0
0,266,H,1.0
0,266,H,1.0
0,266,H,1.0
0,266,V,-1.0
0,266,V,-1.0
0,266,V,-1.0
0,266,V,-1.0
0,266,V,-1.0
0,266,V,-1.0
0,266,V,-1.0
0,266,V,-1.0
0,267,H,-1.0
0,267,H,0.021873025
0,267,V,-0.83086026
0,267,V,-1.0
0,267,V,-1.0
0,267,V,-1.0
0,268,H,-1.0
0,268,V,0.7320811
0,269,H,-0.316961
0,269,H,-0.420986
0,269,H,-0.1625832
0,269,H,-0.027400723
0,270,H,0.19220804
0,270,V,0.5876351
0,271,V,0.08571339
0,271,V,0.24716546
0,271,V,0.14304289
0,271,V,0.19122785
0,271,V,-0.13798034
0,271,V,-0.014769402
0,271,V,0.024013752
0,271,V,0.044159792
0,271,V,-0.14807142
0,271,V,0.006750338
0,271,V,0.05219589
0,271,V,-0.0108846
0,271,V,-0.11712464
0,271,V,0.048205577
0,271,V,-0.00752993
0,271,V,0.04214503
0,273,H,1.0
0,273,H,1.0
0,273,H,1.0
0,273,V,0.6396043
0,273,V,-0.30558768
0,274,H,0.18475178
0,274,H,0.040606685
0,274,H,-0.07217266
0,274,H,0.1280496
0,274,H,0.14484733
0,274,H,0.10608658
0,274,H,-0.028971976
0,274,H,0.10141454
0,274,H,0.1108064
0,274,H,0.20187296
0,274,H,0.04024843
0,274,V,-0.27176195
0,274,V,-0.21161531
0,274,V,0.19856723
0,274,V,0.1341995
0,274,V,-0.20611791
0,274,V,0.28320596
0,274,V,0.22145732
0,275,H,-0.97828364
0,275,H,-0.981855
0,275,H,-0.82034737
0,275,V,-1.0
0,276,H,-0.53944856
0,276,V,-0.018044608
0,276,V,0.005116162
0,276,V,0.1053145
0,276,V,0.33562726
0,276,V,0.28824314
0,276,V,0.13142148
0,276,V,0.27157444
0,276,V,0.39022553
0,276,V,0.30170086
0,276,V,0.22720689
0,276,V,0.30742902
0,276,V,0.7486958
0,276,V,0.5842708
0,276,V,0.6131328
0,277,H,-0.3256635
0,277,H,0.13745405
0,277,H,-0.50047725
0,277,H,0.027698984
0,277,H,-0.49973792
0,277,V,-0.21108855
0,277,V,-1.0
0,277,V,-0.1498186
0,277,V,-0.7931571
0,277,V,-0.99945915
0,277,V,-0.18969336
0,277,V,-0.99904096
0,278,V,0.040846225
0,278,V,-0.07901884
0,278,V,0.03693805
0,278,V,-0.062215142
0,279,H,0.79047704
0,279,H,0.7825773
0,280,V,-0.04229885
0,280,V,-0.5409959
0,280,V,-0.58624566
0,281,H,-0.9872402
0,281,H,0.85996985
0,281,H,0.86131674
0,281,H,0.88463235
0,281,H,0.9539512
0,282,H,1.0
0,282,H,1.0
0,282,H,1.0
0,282,H,1.0
0,282,H,0.99997
0,282,V,-1.0
0,282,V,-1.0
0,282,V,-1.0
0,282,V,-1.0
0,282,V,-1.0
0,283,H,0.98329437
0,283,H,-0.9380963
0,283,H,-0.074517615
0,283,H,0.0067671756
0,283,H,-0.009061241
0,283,H,0.9124107
0,283,H,-0.9097311
0,283,H,0.0067411307
0,283,H,-0.004463361
0,283,H,-0.0056931977
0,283,H,0.915284
0,283,H,-0.93032676
0,283,H,-0.246306
0,283,H,-0.23407461
0,283,H,-0.13123652
0,283,H,0.89617115
0,284,H,0.29328796
0,284,H,0.069238134
0,284,H,-0.002964403
0,284,H,-0.018204074
0,284,H,0.02013811
0,284,H,0.04036841
0,284,H,-0.005501452
0,284,H,-0.16119178
0,284,H,-0.124130554
0,284,V,-0.01934654
0,284,V,-0.088072255
0,284,V,-0.111610174
0,284,V,-0.05261711
0,284,V,-0.0920624
0,284,V,-0.058019955
0,284,V,0.08730314
0,284,V,0.07140036
0,284,V,0.084939204
0,284,V,0.05057861
0,285,H,-0.21208575
0,285,H,-0.2773549
0,285,V,0.08903046
0,285,V,0.18320319
0,285,V,0.030657925
0,285,V,0.059625123
0,285,V,-0.07589209
0,285,V,-0.05829992
0,285,V,-0.5024407
0,285,V,0.012191604
0,285,V,-0.092571676
0,285,V,0.019024247
0,285,V,-0.4813556
0,285,V,0.03537863
0,286,H,-0.15840009
0,286,H,-0.1876239
0,286,H,0.103378825
0,286,H,-0.13585949
0,286,H,0.3485697
0,286,H,-0.17943875
0,286,H,-0.08406096
0,286,H,0.0067379014
0,286,H,0.20593058
0,286,H,0.19843583
0,286,H,-0.12141265
0,286,H,0.04273929
0,286,H,0.025928035
0,286,H,0.032854825
0,286,H,0.32444248
0,286,H,-0.11498409
0,286,H,0.296199
0,286,H,0.3450143
0,286,H,0.37194481
0,286,H,0.42520332
0,287,H,0.046558984
0,287,H,-0.100447714
0,287,H,0.07350038
0,287,H,-0.06795117
0,287,H,0.010848105
0,287,H,0.14310384
0,287,H,-0.13851598
0,287,H,-0.00065156526
0,287,H,0.0070249746
0,288,H,-0.4799086
0,288,H,-0.49748975
0,288,H,-0.47715017
0,288,H,-0.33485407
0,288,V,0.18497452
0,288,V,0.21578296
0,289,H,1.0
0,289,H,1.0
0,289,H,1.0
0,289,H,1.0
0,289,V,-0.99872965
0,289,V,-1.0
0,289,V,-1.0
0,289,V,-1.0
0,290,H,-0.22384202
0,290,H,-0.13868804
0,290,H,-0.11834341
0,290,H,-0.031357385
0,290,H,0.03415405
0,291,H,1.0
0,291,H,0.9968932
0,291,H,0.99028397
0,291,H,0.24306963
0,291,H,0.23456015
0,291,H,0.15166003
0,291,H,0.00042567088
0,291,H,0.19396646
0,291,H,0.10149235
0,291,H,0.1227262
0,291,H,0.0147770215
0,291,H,-1.0
0,291,V,0.14571159
0,291,V,-0.09135753
0,291,V,-0.04576774
0,291,V,0.06623217
0,291,V,0.14891273
0,291,V,-0.08599338
0,291,V,-0.020255033
0,291,V,-0.010286577
0,292,H,0.054236233
0,292,H,-0.05250757
0,292,H,0.03139278
0,292,H,-0.060576204
0,292,H,-0.08255015
0,292,H,-0.13351335
0,292,V,0.01892567
0,292,V,-0.024136083
0,292,V,0.057528347
0,292,V,-0.007811973
0,292,V,0.06273399
0,293,H,-0.9968698
0,293,H,-1.0
0,293,H,-1.0
0,293,H,-1.0
0,293,H,-1.0
0,293,V,0.9987811
0,293,V,1.0
0,293,V,1.0
0,293,V,1.0
0,294,H,-0.18517448
0,294,H,0.9786941
0,294,V,1.0
0,294,V,1.0
0,294,V,1.0
0,294,V,1.0
0,294,V,0.75975055
0,295,H,-0.9867321
0,295,V,0.95377135
0,295,V,0.9745465
0,295,V,0.96173084
0,295,V,0.99964166
0,296,H,1.0
0,296,H,1.0
0,296,H,1.0
0,296,H,0.47572348
0,296,V,-1.0
0,296,V,-1.0
0,297,H,0.64273584
0,297,H,0.25245905
0,297,H,0.52190334
0,297,H,0.5032048
0,297,H,0.47239324
0,297,H,0.8025303
0,297,V,-0.1383244
0,297,V,-0.1795218
0,297,V,-0.10997725
0,297,V,-0.22869204
0,297,V,-0.04766591
0,298,H,0.9063668
0,298,H,0.99433845
0,298,H,0.9868465
0,298,H,0.98770493
0,298,H,0.9923124
0,298,V,-0.18425693
0,298,V,-0.1359993
0,298,V,-0.15325178
0,298,V,-0.061530884
0,298,V,-0.18811287
0,298,V,0.18303178
0,299,V,-0.4057559
0,299,V,-0.39131725
0,299,V,-0.48163405
0,299,V,-0.40127692
0,299,V,-0.56908077
0,299,V,-0.51389587
0,299,V,-0.49296713
0,299,V,-0.5744676
0,299,V,-0.4106579
0,299,V,-0.96873635
0,299,V,-0.46203116
0,299,V,-0.44799718
0,299,V,-0.43541372
0,300,H,0.9351328
0,300,H,0.9956973
0,300,H,0.9970689
0,300,V,0.92728955
0,300,V,0.97204924
0,300,V,0.9596236
0,300,V,0.44149795
0,301,H,0.13788755
0,301,H,-0.2183238
0,301,H,-0.18709235
0,301,H,-0.6947259
0,301,V,-0.8570697
0,301,V,-0.46156368
0,301,V,-0.47247937
0,301,V,-0.3370786
0,302,H,-1.0
0,302,H,0.2957834
0,303,H,-0.18602732
0,303,H,0.008807405
0,303,H,0.113598704
0,303,V,0.9510518
0,304,H,-0.07102147
0,304,H,-0.15273376
0,304,H,-0.027035909
0,304,H,0.09352157
0,304,H,0.06925213
0,304,H,0.07001501
0,304,H,0.0706081
0,304,H,0.3542546
0,304,H,0.30650178
0,304,H,0.21123992
0,304,V,0.3563864
0,304,V,0.3151586
0,304,V,0.123793356
0,304,V,0.2848277
0,304,V,0.07198684
0,304,V,0.21844324
0,304,V,-0.040951345
0,304,V,0.17597148
0,304,V,0.047423434
0,304,V,0.21199144
0,304,V,-0.052172005
0,304,V,-0.08580183
0,304,V,-0.1539713
0,304,V,-0.14516503
0,304,V,-0.299367
0,305,H,0.13669446
0,305,H,0.13031113
0,305,H,0.25038195
0,305,H,0.43163836
0,305,H,0.42453995
0,305,H,0.3714037
0,306,H,-0.32102773
0,306,H,0.9935977
0,306,V,0.9546607
0,306,V,1.0
0,306,V,1.0
0,306,V,1.0
0,307,H,-0.15056962
0,307,H,0.006299878
0,307,H,0.07121511
0,307,H,0.08133395
0,307,H,0.1521805
0,307,H,-0.07924897
0,307,H,0.15408832
0,307,H,0.18553011
0,307,H,0.23470756
0,307,H,0.3540074
0,307,H,-0.0492447
0,307,H,0.18228894
0,307,H,0.16195977
0,307,H,0.17124033
0,307,H,0.32953286
0,307,H,0.25700524
0,307,H,0.27935374
0,307,H,0.27694517
0,307,H,0.5246212
0,307,V,-0.030277425
0,307,V,0.20494539
0,307,V,0.168157
0,307,V,0.17372899
0,307,V,0.37455773
0,307,V,-0.26779985
0,307,V,0.009862532
0,307,V,0.0033548544
0,307,V,0.022206614
0,307,V,-0.19508035
0,307,V,-0.0023732774
0,307,V,-0.009103082
0,307,V,0.01798791
0,307,V,-0.2839477
0,307,V,-0.028070275
0,307,V,-0.07335851
0,307,V,0.014331838
0,307,V,-0.0450413
0,308,H,0.7243358
0,308,H,0.24932972
0,308,H,-0.059421547
0,308,H,0.74684423
0,308,H,0.29466
0,308,H,-0.013666231
0,308,H,-0.19788724
0,309,H,0.19869104
0,309,H,0.32063076
0,309,H,0.173141
0,309,H,0.049130365
0,309,H,0.084098436
0,309,H,0.14828244
0,309,H,0.22187726
0,309,H,0.116246015
0,309,H,0.062164105
0,309,H,-0.21474573
0,309,H,-0.141296
0,309,H,-0.10295132
0,310,H,-0.30463603
0,310,H,-0.8891651
0,310,H,-0.78197765
0,310,H,-0.9235996
0,310,H,-0.1346155
0,310,H,-0.97137076
0,310,H,-0.91344887
0,310,H,-0.27180472
0,310,H,-0.9567258
0,310,H,-0.88459015
0,310,H,-0.3184825
0,310,H,-0.93413347
0,310,H,-0.9483131
0,311,H,0.568915
0,311,H,0.1974244
0,311,H,-0.0027870932
0,311,H,-0.05288201
0,311,H,-0.017096963
0,311,H,-0.07577498
0,311,H,-0.020321568
0,311,H,0.043641623
0,311,H,0.05867838
0,311,H,0.027258335
0,311,H,0.1444329
0,311,V,-0.44018447
0,311,V,-0.26793054
0,311,V,-0.17884049
0,311,V,-0.19510274
0,311,V,-0.18344486
0,311,V,-0.37192556
0,311,V,-0.29728028
0,311,V,-0.45790383
0,312,H,0.1616375
0,312,H,0.2208713
0,312,H,0.17387407
0,312,H,0.19689207
0,312,H,-0.01184568
0,312,H,-0.011300537
0,312,H,-0.003296045
0,312,H,-0.06094476
0,312,H,-0.083041035
0,312,H,-0.030912163
0,312,H,-0.065891966
0,312,H,-0.065741286
0,312,H,0.026515799
0,312,H,-0.14116064
0,312,H,-0.26659882
0,312,H,-0.5464669
0,312,H,-0.57918084
0,313,H,-1.0
0,313,H,-1.0
0,313,H,-1.0
0,313,H,-1.0
0,313,V,0.83546746
0,313,V,-0.824047
0,313,V,0.8885379
0,313,V,-0.95907587
0,313,V,0.8661098
0,313,V,-0.9394396
0,313,V,0.8678645
0,313,V,-0.960831
0,314,H,-0.22482173
0,314,H,-0.47013533
0,314,H,-0.4441947
0,314,H,-0.50598615
0,314,H,-0.14105447
0,314,V,-0.040341813
0,315,H,0.5096194
0,315,H,0.1507996
0,315,V,0.32730672
0,315,V,0.064083226
0,315,V,0.10152325
0,315,V,0.7030325
0,315,V,0.25272667
0,315,V,0.22120312
0,315,V,0.1967941
0,315,V,0.3986945
0,315,V,0.50814295
0,315,V,0.1153179
0,315,V,0.9710251
0,315,V,0.6507789
0,316,H,0.18396482
0,316,H,0.14606597
0,316,H,0.16748613
0,316,H,0.08245996
0,316,H,0.11209083
0,316,H,0.055820372
0,316,H,-0.15558714
0,316,H,0.21063384
0,316,H,0.039070275
0,316,H,0.11751881
0,316,H,-0.11051692
0,316,H,0.05518118
0,316,H,0.08484075
0,316,H,0.054012544
0,316,H,0.052496087
0,316,H,-0.048023403
0,316,V,0.062609285
0,316,V,-0.1170092
0,316,V,-0.10369835
0,316,V,-0.0373364
0,316,V,0.14199585
0,316,V,-0.035910834
0,316,V,0.010106342
0,316,V,0.14860916
0,316,V,0.0076960414
0,316,V,0.00818756
0,316,V,0.11954035
0,316,V,0.014029643
0,316,V,0.074173644
0,316,V,0.04698796
0,317,H,-0.19889872
0,317,V,-0.05919623
0,317,V,0.73934126
0,317,V,0.058885124
0,317,V,-0.0434865
0,317,V,0.020625882
0,318,H,-0.44116187
0,318,H,-0.4033767
0,318,H,-0.32938388
0,318,H,-0.10847742
0,318,H,-0.095998235
0,318,H,-0.11517382
0,318,H,-0.06537506
0,318,H,0.27919483
0,318,H,0.21447134
0,318,H,0.17234442
0,318,H,0.08398067
0,319,V,0.034274463
0,319,V,0.048523325
0,319,V,0.061943788
0,319,V,0.20836166
0,319,V,-0.0029370533
0,319,V,0.004165339
0,319,V,0.030277677
0,319,V,0.110052705
0,319,V,0.004472886
0,319,V,0.027600406
0,319,V,0.020788228
0,319,V,0.13046443
0,319,V,0.09587595
0,319,V,0.10510959
0,319,V,0.11919564
0,319,V,0.029368987
0,320,H,-0.933211
0,320,H,-0.9955611
0,320,V,0.9265999
0,320,V,0.96769756
0,321,H,0.16111223
0,321,H,0.26767686
0,321,H,0.29035026
0,321,H,0.3523184
0,321,V,-1.0
0,321,V,-1.0
0,322,H,0.043107998
0,322,H,0.060403273
0,322,H,0.16928169
0,322,H,0.033154596
0,322,H,-0.01960011
0,322,H,-0.06589901
0,322,H,-0.10485074
0,322,H,-0.045898568
0,322,H,0.09093776
0,322,H,-0.07758777
0,322,H,-0.039559953
0,322,H,-0.09371752
0,322,H,-0.082364656
0,322,H,-0.004483639
0,322,H,-0.010064925
0,322,H,0.051794633
0,323,H,-0.46801594
0,323,H,-0.66558266
0,323,H,-0.619269
0,323,H,-0.2501408
0,324,V,-0.46481165
0,324,V,-0.37326756
0,324,V,-0.32570612
0,325,H,-0.010186775
0,325,H,-0.028139645
0,325,H,0.0001103939
0,325,H,-0.048852336
0,325,H,-0.012666419
0,325,H,0.013691049
0,325,H,-0.065826155
0,325,H,-0.08540692
0,325,H,-0.07668296
0,326,H,0.12707135
0,326,H,0.2813185
0,326,H,-0.028935948
0,326,H,0.18121836
0,326,H,-0.1963151
0,326,H,-0.12582359
0,326,H,-0.26459274
0,326,H,-0.3661167
0,326,H,-0.2512878
0,326,H,-0.100202106
0,326,H,-0.025762847
0,326,H,-0.27492708
0,326,H,-0.27303764
0,326,H,-0.39074698
0,326,H,-0.15390123
0,326,V,-0.3414937
0,326,V,-0.037723616
0,326,V,0.2618488
0,326,V,-0.020986423
0,326,V,-0.087564066
0,326,V,0.1469239
0,326,V,0.39165968
0,326,V,0.03265969
0,326,V,0.032776218
0,326,V,-0.01406623
0,326,V,0.5515169
0,326,V,0.41365278
0,326,V,0.02962426
0,327,H,-0.21518022
0,327,V,0.02927622
0,327,V,-0.3199202
0,327,V,0.40656164
0,327,V,0.40536425
0,327,V,0.5565982
0,327,V,-0.21479692
0,327,V,0.48032567
0,327,V,0.43045357
0,327,V,-0.14837842
0,327,V,0.6969414
0,328,H,-0.42059547
0,328,H,-0.4930771
0,328,H,-0.584957
0,328,H,-0.46210214
0,328,H,0.90685105
0,328,H,0.94902617
0,328,H,0.9634054
0,328,H,0.95410377
0,328,H,0.97555107
0,328,V,0.51464206
0,328,V,0.48387954
0,328,V,0.5045202
0,328,V,0.37838128
0,328,V,-0.902225
0,328,V,-0.9338256
0,328,V,-0.97781307
0,328,V,-0.9483043
0,329,H,0.47575486
0,329,H,0.25154632
0,329,H,0.32860115
0,329,H,0.32750875
0,329,H,-0.09274199
0,329,V,-0.27005732
0,329,V,-0.27147096
0,330,H,0.059528854
0,330,V,0.13199762
0,330,V,-0.27169475
0,330,V,-0.4833232
0,331,H,0.99930006
0,331,H,1.0
0,331,H,1.0
0,331,H,1.0
0,331,V,1.0
0,331,V,1.0
0,331,V,1.0
0,331,V,1.0
0,332,H,-0.55648965
0,332,H,-0.5471743
0,332,H,0.057342593
0,332,H,-0.2804582
0,332,V,-0.17584276
0,332,V,-0.29674762
0,332,V,-0.76352745
0,332,V,-0.76439774
0,333,H,-0.23697475
0,333,V,0.31741023
0,333,V,0.15172368
0,333,V,0.09478191
0,333,V,-0.24787448
0,333,V,-0.11008748
0,333,V,-0.09965401
0,334,V,0.28799367
0,334,V,0.24003589
0,334,V,-0.082605414
0,334,V,0.9700276
0,334,V,0.58825177
0,334,V,-0.00084013277
0,334,V,-0.026649011
0,334,V,0.98908687
0,334,V,0.21673436
0,334,V,-0.09995159
0,334,V,0.29150623
0,334,V,0.959529
0,334,V,0.44661438
0,334,V,0.5595379
0,334,V,0.4240019
0,334,V,0.9978367
0,335,H,-0.0597262
0,335,H,-0.013402465
0,335,H,-0.04504465
0,335,H,-0.019868229
0,335,H,-0.013472878
0,335,H,-0.005423504
0,335,H,-0.013807565
0,335,H,-0.008732017
0,335,H,-0.00081347406
0,335,H,0.03596312
0,335,H,0.042940002
0,335,H,0.04467127
0,335,V,-0.0076779155
0,335,V,0.010432323
0,335,V,0.035561286
0,335,V,-0.03519338
0,335,V,-0.0015866508
0,335,V,-0.017233498
0,335,V,0.00032900076
0,335,V,0.0108229015
0,335,V,-0.012057806
0,335,V,-0.05884684
0,335,V,-0.004132264
0,335,V,-0.0007638832
0,336,H,-0.16029741
0,336,H,-0.06595196
0,336,V,-0.5627209
0,336,V,-0.9120888
0,336,V,-0.8679181
0,336,V,-0.9155901
0,336,V,-0.9347126
0,336,V,-0.9497572
0,336,V,-0.962418
0,336,V,-0.8717694
0,337,H,0.9995192
0,337,V,0.7234421
0,337,V,0.44544068
0,337,V,0.42796332
0,337,V,0.57277715
0,338,H,-0.3840892
0,338,H,-0.47913146
0,338,H,-0.30190796
0,338,H,-0.02730466
0,338,V,0.87404805
0,339,H,0.06307377
0,339,H,-0.015681023
0,339,H,-0.13280901
0,339,V,0.8154038
0,339,V,0.8200569
0,339,V,0.5259959
0,339,V,0.907336
0,339,V,1.0
0,340,H,0.65347916
0,340,H,0.99959064
0,340,H,0.9999147
0,340,V,0.44613832
0,340,V,-0.22094965
0,341,H,-1.0
0,341,H,-1.0
0,341,H,-1.0
0,341,H,-1.0
0,341,H,-1.0
0,341,H,-1.0
0,341,H,-1.0
0,341,H,-1.0
0,341,H,-1.0
0,341,H,-1.0
0,341,H,-1.0
0,341,H,-1.0
0,341,V,-1.0
0,341,V,-1.0
0,341,V,-1.0
0,341,V,-1.0
0,341,V,-1.0
0,341,V,-1.0
0,341,V,-1.0
0,341,V,-1.0
0,341,V,-1.0
0,341,V,-1.0
0,341,V,-1.0
0,342,H,-0.03426313
0,342,H,0.035262838
0,342,H,0.00843902
0,342,H,-0.008405265
0,342,H,-0.01302863
0,342,H,0.0036384072
0,342,H,0.021268427
0,342,H,-0.09819413
0,343,H,0.6505564
0,343,H,1.0
0,343,V,0.86188483
0,343,V,1.0
0,344,H,1.0
0,344,H,0.916784
0,344,H,0.987578
0,344,H,0.976867
0,344,H,0.99995583
0,344,H,0.5905315
0,344,H,0.7241709
0,344,H,0.7550505
0,344,H,0.32706594
0,344,H,0.99965614
0,344,H,0.5655352
0,344,H,0.7175528
0,344,H,0.74955
0,344,H,0.35213238
0,344,H,1.0
0,344,H,0.51179624
0,344,V,-0.43605006
0,344,V,-0.5866832
0,344,V,-0.772377
0,344,V,-0.7198533
0,344,V,0.045886867
0,344,V,-0.27145517
0,344,V,-0.20099117
0,344,V,-0.22828875
0,344,V,-0.80497485
0,344,V,0.106594205
0,344,V,-0.057435032
0,345,V,-0.9998277
0,345,V,-0.9972928
0,345,V,-0.99024343
0,345,V,-0.7647015
0,345,V,-0.6041288
0,345,V,-0.4688194
0,345,V,-0.7113703
0,345,V,-0.5995809
0,345,V,-0.5989628
0,346,H,0.65921104
0,346,H,-0.20132561
0,346,H,0.03601638
0,346,H,-0.18977058
0,346,H,-0.7546227
0,346,H,0.88157016
0,346,H,0.925729
0,346,H,0.9222461
0,346,H,0.4640043
0,346,H,0.5720188
0,346,H,0.6371454
0,347,V,0.018986309
0,347,V,0.024942843
0,347,V,0.029196758
0,347,V,0.009283659
0,347,V,-0.0048547215
0,347,V,-0.0076971245
0,347,V,0.0083740335
0,347,V,0.0051511494
0,347,V,0.0047740717
0,347,V,0.0020536196
0,347,V,-0.013589372
0,347,V,-0.00018828186
0,348,H,-0.1268601
0,348,H,-0.0020913396
0,348,H,0.69960374
0,348,V,0.2805342
0,348,V,0.12438321
0,348,V,0.08010931
0,348,V,0.05017612
0,348,V,-0.122818954
0,348,V,0.053563856
0,348,V,-0.029217698
0,348,V,-0.090723686
0,348,V,-0.10724165
0,348,V,-0.051029474
0,348,V,-0.016908502
0,349,H,0.13425198
0,349,H,0.21158332
0,349,H,0.18967451
0,349,H,-0.08056624
0,349,V,-1.0
0,349,V,-1.0
0,349,V,-1.0
0,350,H,0.94705796
0,350,H,1.0
0,350,H,1.0
0,350,V,0.11767344
0,351,V,1.0
0,352,H,0.31369823
0,352,H,0.45267695
0,352,H,0.4448582
0,352,H,0.43067855
0,352,V,0.526122
0,353,H,0.45428574
0,353,H,0.36842483
0,353,H,0.3509322
0,353,H,0.4090131
0,353,H,0.33275065
0,353,H,0.14101377
0,353,H,0.099986665
0,353,H,0.15434763
0,353,H,0.3728631
0,353,H,0.13334613
0,353,H,0.11033567
0,353,H,0.15411119
0,353,V,-0.015647642
0,353,V,-0.003093499
0,353,V,0.018969094
0,353,V,-0.030068148
0,354,V,0.7600077
0,354,V,0.73339045
0,354,V,0.1349614
0,354,V,-0.16038159
0,354,V,-0.15389189
0,354,V,-0.5997799
0,354,V,-0.6724131
0,354,V,-0.22745955
0,355,H,-1.0
0,355,H,-1.0
0,355,V,-1.0
0,355,V,-1.0
0,356,H,-1.0
0,356,V,1.0
0,356,V,1.0
0,357,H,0.21168846
0,357,H,0.29207182
0,357,H,-0.016973665
0,357,H,-0.90162116
0,357,H,0.0064611593
0,357,H,0.028216802
0,357,H,-0.1197076
0,357,H,-0.9288265
0,357,H,-0.13669673
0,357,H,0.062068608
0,357,H,0.13794748
0,357,H,-0.06559656
0,357,H,-0.1320593
0,357,H,0.04374169
0,358,H,0.6414098
0,358,V,0.63543123
0,358,V,-0.57555354
0,358,V,-0.87552726
0,358,V,-0.8247305
0,358,V,0.37534562
0,358,V,-0.881617
0,358,V,-0.8492486
0,358,V,-0.0070855147
0,358,V,-0.8330905
0,358,V,-0.9320473
0,358,V,-0.862161
0,359,H,-0.018378489
0,359,H,-0.0062370244
0,359,H,0.011745227
0,359,H,0.006202386
0,359,H,-0.0063932016
0,359,H,0.005251223
0,359,H,-0.14163576
0,359,H,-0.16105317
0,359,V,0.023999944
0,359,V,0.013374729
0,359,V,0.023389876
0,359,V,0.12780872
0,359,V,0.041100528
0,359,V,0.008879584
0,359,V,0.024046237
0,359,V,0.113047905
0,359,V,0.100566864
0,359,V,0.124879405
0,360,H,1.0
0,360,H,1.0
0,360,H,0.9999888
0,360,H,1.0
0,360,V,0.19261523
0,360,V,0.19556364
0,360,V,0.22525753
0,360,V,0.47676486
0,361,H,0.5778825
0,361,H,0.51713085
0,361,H,0.6685038
0,361,H,0.069477126
0,361,H,0.018399183
0,361,H,0.09176059
0,361,H,-0.36643812
0,361,H,0.07894947
0,361,H,0.044472247
0,361,H,-0.017514748
0,361,H,-0.3570332
0,361,H,-0.23485363
0,361,H,-0.20740266
0,361,H,-0.24826343
0,362,V,-0.123295516
0,362,V,-0.06978526
0,362,V,-0.049651586
0,362,V,0.0042189904
0,362,V,-0.011990941
0,362,V,-0.019530132
0,362,V,0.010339003
0,362,V,0.0038422954
0,362,V,0.007944295
0,362,V,0.13104735
0,362,V,0.075751945
0,362,V,0.0919698
0,362,V,-0.2499294
0,363,H,1.0
0,363,H,1.0
0,363,H,1.0
0,363,H,1.0
0,363,V,1.0
0,363,V,1.0
0,363,V,1.0
0,363,V,1.0
0,364,H,1.0
0,364,H,0.99950963
0,364,V,0.9668053
0,364,V,0.9131759
0,364,V,0.9339345
0,364,V,0.8298959
0,365,H,0.14543746
0,365,H,0.068259016
0,365,H,-0.08388538
0,365,H,-0.084741965
0,365,H,-0.0032670312
0,365,H,-0.08245647
0,365,H,-0.21435276
0,365,H,-0.16766393
0,365,V,0.96004903
0,365,V,0.99516976
0,365,V,0.99025357
0,365,V,0.99283874
0,366,H,-0.5020833
0,366,H,-0.4493748
0,366,H,-0.4375477
0,366,H,-0.8443303
0,366,V,0.4206169
0,366,V,0.54118395
0,366,V,0.5598082
0,366,V,0.77918655
0,367,H,1.0
0,367,H,0.9931362
0,367,H,0.9956975
0,367,H,0.4428939
0,367,H,0.9859992
0,368,H,-0.65384054
0,368,H,0.2811229
0,368,H,0.23036341
0,368,H,-0.5995863
0,368,H,0.22295035
0,368,H,-0.57205063
0,368,H,-0.57612455
0,368,V,-0.21198665
0,368,V,0.20101172
0,368,V,-0.76045316
0,369,H,-0.092171386
0,369,H,0.31775576
0,369,H,0.28811142
0,369,H,0.25920925
0,369,V,0.3142095
0,369,V,0.086389415
0,369,V,0.071406916
0,370,H,-0.11264082
0,370,H,-0.05421345
0,370,H,-0.10164162
0,370,H,-0.050729375
0,370,V,0.057525657
0,370,V,-0.08760725
0,370,V,-0.07736745
0,370,V,-0.07821071
0,370,V,-0.12283036
0,370,V,0.05042829
0,370,V,-0.084297396
0,370,V,-0.0742938
0,370,V,-0.1099098
0,370,V,-0.13205995
0,371,H,-0.96333194
0,371,V,-0.9717495
0,372,H,-0.037010856
0,372,H,0.018955482
0,372,H,-0.051539022
0,372,H,-0.081704676
0,372,H,-0.028158084
0,372,H,-0.0379627
0,372,H,-0.2457548
0,372,H,-0.122319624
0,372,H,-0.1930845
0,372,H,0.117100805
0,372,V,-0.020330213
0,372,V,-0.103611566
0,373,H,0.95759565
0,373,H,0.93660736
0,373,H,0.24521357
0,373,H,0.9467383
0,373,H,0.13987055
0,373,H,-0.99881727
0,373,V,-0.8323042
0,373,V,-0.9040634
0,373,V,0.88411033
0,373,V,0.8533774
0,373,V,0.99594146
0,374,H,0.050287
0,374,H,0.11975039
0,374,H,-0.03973108
0,374,H,-0.027008586
0,374,H,0.02122544
0,374,H,-0.08733777
0,374,H,0.09760503
0,374,H,-0.025187518
0,374,H,-0.04909246
0,374,H,0.01440855
0,374,H,-0.06696158
0,374,H,0.1430399
0,374,H,-0.2909209
0,374,H,-0.3096095
0,374,V,0.001650522
0,374,V,-0.6873527
0,374,V,0.08242491
0,374,V,-0.23477493
0,374,V,0.103629574
0,374,V,-0.2122206
0,374,V,-0.09032262
0,375,H,0.9996861
0,375,H,0.9676012
0,375,H,0.9294375
0,375,V,-1.0
0,375,V,-1.0
0,375,V,-1.0
0,376,H,-0.90652615
0,376,H,0.4936518
0,377,H,-0.7955865
0,377,H,-0.98306525
0,377,H,-0.9940375
0,377,H,-0.978395
0,377,H,0.02185514
0,377,V,-0.258052
0,377,V,0.45136234
0,377,V,0.5538108
0,377,V,0.44201392
0,377,V,0.309056
0,378,H,-0.25432447
0,378,H,-0.10353149
0,378,H,-0.30252346
0,378,H,-0.04053322
0,378,H,-0.08811482
0,378,H,0.046545148
0,378,H,-0.060871985
0,378,H,0.037036132
0,378,H,-0.1859633
0,378,H,-0.06112434
0,378,H,-0.24482809
0,378,H,0.37531772
0,378,H,0.093378775
0,378,H,-0.011151844
0,378,H,-0.14328083
0,378,V,0.05543757
0,378,V,0.24178244
0,378,V,0.05501266
0,378,V,-0.020107107
0,378,V,-0.20267926
0,378,V,-0.053636655
0,378,V,-0.13909549
0,378,V,-0.34813544
0,378,V,-0.12178754
0,378,V,-0.039732702
0,378,V,-0.37178567
0,378,V,-0.3036672
0,379,H,0.9411098
0,379,H,0.7270006
0,379,H,0.74616176
0,379,H,0.71870655
0,379,V,-0.77883464
0,379,V,-0.9926492
0,380,H,-0.6015643
0,380,H,-0.6110578
0,380,H,-0.5610441
0,380,H,-0.47960678
0,381,H,-0.032470584
0,381,H,0.11734674
0,381,V,0.3815802
0,381,V,0.6474263
0,381,V,0.41049927
0,381,V,0.4169212
0,381,V,0.80016077
0,382,H,-0.12683353
0,382,H,-0.14183347
0,382,H,-0.16622443
0,382,H,-0.11605905
0,382,H,-0.107712716
0,382,V,0.028634397
0,382,V,-0.082262106
0,382,V,0.011318871
0,382,V,-0.0982459
0,382,V,0.004398919
0,382,V,-0.08562405
0,382,V,-0.011773957
0,382,V,0.028948897
0,383,H,-0.95695424
0,383,H,-0.96803
0,383,H,-0.96024114
0,383,H,-0.9494712
0,383,H,-0.95840603
0,383,H,-0.9695636
0,383,H,-0.6222273
0,383,V,0.90519714
0,384,H,0.34854984
0,384,H,0.04691599
0,384,H,0.037040457
0,384,H,0.1442828
0,384,H,-0.055386994
0,384,H,0.12737691
0,384,H,0.17655681
0,384,H,-0.04817598
0,384,H,-0.044775654
0,384,H,0.12153409
0,384,H,0.17218816
0,384,H,0.1403429
0,384,H,0.09009973
0,384,V,-0.07498379
0,384,V,0.32478562
0,384,V,0.397699
0,384,V,0.1429282
0,384,V,0.35318455
0,384,V,0.46023437
0,384,V,0.14313461
0,384,V,-0.054291915
0,384,V,0.0791079
0,384,V,0.2945814
0,385,H,-1.0
0,385,H,1.0
0,385,V,-1.0
0,385,V,-1.0
0,385,V,-1.0
0,385,V,-1.0
0,385,V,-1.0
0,386,H,0.024619104
0,386,H,0.32841614
0,386,H,0.32645872
0,386,V,-0.5710202
0,386,V,-0.540951
0,386,V,-0.532519
0,386,V,-0.47880235
0,386,V,-0.17242397
0,387,V,-0.12465658
0,387,V,-0.16686918
0,387,V,-0.029067306
0,387,V,-0.112440094
0,387,V,-0.03601232
0,387,V,0.07593239
0,387,V,0.023183083
0,387,V,-0.24991839
0,388,H,0.0045431373
0,388,H,0.0014630021
0,388,H,0.0004438568
0,388,H,-0.008596069
0,388,H,-0.16648068
0,388,H,-0.048191994
0,388,H,-0.0059353462
0,388,H,-0.05987766
0,388,H,-0.0064418693
0,388,H,-0.1601414
0,388,V,-0.14906561
0,388,V,0.08404696
0,388,V,0.079498
0,389,H,0.47961172
0,389,H,0.035739414
0,389,H,0.029385034
0,389,H,-0.20399383
0,389,H,-0.11769786
0,389,H,-0.15860663
0,389,H,-0.21487579
0,389,V,-0.32525936
0,389,V,-0.06443852
0,389,V,-0.05186048
0,389,V,0.57875335
0,389,V,0.33100086
0,389,V,0.24179266
0,389,V,0.19823813
0,390,H,-0.24907765
0,390,H,-0.27924395
0,390,H,0.076344214
0,390,H,0.22878946
0,390,H,0.13957116
0,390,H,0.16512445
0,390,H,-0.016981678
0,390,H,0.2624488
0,390,H,0.32745045
0,390,H,0.004876448
0,390,V,-0.2914013
0,390,V,0.019384561
0,390,V,0.24013765
0,390,V,-0.6815968
0,390,V,-0.36131814
0,390,V,-0.029843472
0,390,V,0.20178622
0,390,V,-0.7835834
0,390,V,-0.1661721
0,390,V,-0.120683424
0,390,V,-0.10698797
0,390,V,-0.642207
0,390,V,0.2199011
0,390,V,-0.5513556
0,390,V,-0.26499987
0,391,H,0.04790552
0,391,H,0.052102804
0,391,H,-0.0021246297
0,391,H,-0.024452591
0,391,H,-0.123268574
0,391,H,-0.016729528
0,391,H,-0.18683988
0,391,H,-0.25409216
0,391,H,-0.45518297
0,391,V,-1.0
0,391,V,-1.0
0,392,H,0.12247478
0,392,H,0.14695321
0,392,H,0.12648621
0,392,H,0.124828495
0,392,H,0.10649323
0,392,H,0.1616458
0,392,H,0.15757707
0,392,H,0.12119738
0,392,H,0.23771751
0,392,V,-0.010190882
0,392,V,0.01248459
0,392,V,0.027888961
0,392,V,0.07708357
0,392,V,0.05499897
0,392,V,0.08651442
0,392,V,0.06594459
0,392,V,0.09143606
0,393,V,1.0
0,394,H,0.66299534
0,394,H,0.14231442
0,394,H,0.1678266
0,394,V,-0.11086293
0,394,V,-0.11228209
0,394,V,-0.16658308
0,394,V,-0.19466153
0,394,V,-0.10622142
0,394,V,-0.11846393
0,394,V,-0.16161066
0,395,H,0.32858342
0,395,H,0.06852989
0,395,H,0.04911245
0,395,V,-0.39827418
0,395,V,-0.29299012
0,395,V,-0.2874183
0,395,V,0.017491195
0,396,H,0.7582138
0,396,H,0.5300546
0,396,H,0.592406
0,396,H,0.31836042
0,396,V,0.008293791
0,396,V,0.08503726
0,396,V,-0.4890615
0,396,V,-0.5210784
0,396,V,-0.34429234
0,396,V,-0.52583
0,397,H,0.18391027
0,397,H,0.15254152
0,398,H,-0.09599115
0,398,H,0.17016864
0,398,V,0.065078944
0,398,V,-0.17124821
0,399,V,-0.3963242
0,399,V,-0.08848095
0,399,V,-0.0347253
0,400,V,-0.0049975216
0,400,V,-0.09411046
0,400,V,-0.08991004
0,400,V,-0.10198914
0,400,V,-0.13403901
0,400,V,-0.00087594026
0,400,V,-0.01794268
0,400,V,-0.0039439863
0,400,V,-0.0035619657
0,400,V,-0.0043356763
0,400,V,-0.0047316933
0,400,V,-0.008029486
0,400,V,-0.025498737
0,400,V,0.0024825367
0,400,V,-0.007844375
0,400,V,0.03646346
0,400,V,0.04487062
0,400,V,0.0313943
0,400,V,0.03984069
0,400,V,0.1479884
0,401,H,-0.9100744
0,401,H,-0.8047903
0,401,V,1.0
0,401,V,1.0
0,402,H,-0.12788369
0,402,H,-0.0403224
0,402,H,0.0048050387
0,402,H,-0.041642994
0,402,H,-0.033357322
0,402,H,-0.032068282
0,402,H,-0.0072864993
0,402,V,0.12551005
0,402,V,0.10057107
0,402,V,0.1072893
0,402,V,0.08766749
0,403,H,-0.5524592
0,403,H,-0.6081053
0,403,H,-0.59786296
0,403,H,-0.3589525
0,403,V,0.7237433
0,404,H,-1.0
0,404,V,-1.0
0,404,V,-1.0
0,404,V,1.0
0,404,V,-1.0
0,404,V,1.0
0,404,V,-1.0
0,404,V,1.0
0,405,H,-1.0
0,405,H,-1.0
0,405,H,-1.0
0,405,H,-1.0
0,405,V,-1.0
0,405,V,-1.0
0,405,V,-1.0
0,405,V,-1.0
0,406,H,-0.56647396
0,406,H,-0.66677576
0,406,H,-0.19897306
0,406,H,-0.17715818
0,406,H,-0.3249026
0,406,H,-0.22265427
0,406,H,-0.2849361
0,406,H,-0.3963914
0,406,H,-0.02512579
0,406,H,-0.017978292
0,406,H,-0.18545613
0,406,H,-0.39444554
0,406,H,0.03737031
0,406,H,0.4950383
0,406,V,0.49078116
0,406,V,0.6370219
0,406,V,-0.09403429
0,406,V,0.7148995
0,406,V,-0.029558983
0,406,V,0.4330976
0,406,V,-0.39117157
0,406,V,0.061841097
0,407,H,0.28811985
0,407,H,-0.039918352
0,407,H,-0.061049815
0,407,H,-0.007491579
0,407,H,0.0038972113
0,407,H,0.02861953
0,407,H,0.009463804
0,407,H,-0.018094577
0,407,H,-0.16016586
0,407,H,-0.16278315
0,407,H,-0.1781103
0,407,V,0.0022374052
0,407,V,0.17949788
0,408,H,-0.9849017
0,408,H,-0.9135775
0,408,H,-0.93976545
0,408,H,-0.98667043
0,408,H,-0.98659796
0,408,H,-0.7685847
0,408,H,-0.69691616
0,408,H,-0.7280066
0,408,H,-0.8169588
0,408,H,-0.8263621
0,408,H,-0.7941003
0,408,H,-0.7466972
0,408,H,-0.769205
0,408,H,-0.8100366
0,408,H,-0.8461196
0,408,V,0.24000466
0,408,V,0.2271484
0,408,V,-0.03913134
0,408,V,-0.028191563
0,408,V,0.023748793
0,408,V,-0.05661175
0,408,V,-0.25485045
0,408,V,-0.19528188
0,409,V,0.057753555
0,409,V,0.17895742
0,409,V,0.1062099
0,409,V,0.12164409
0,409,V,0.06278952
0,409,V,0.12789762
0,409,V,0.12909174
0,409,V,0.07710782
0,409,V,0.124456815
0,409,V,0.16256402
0,409,V,0.07355679
0,409,V,0.10969314
0,410,H,-0.08304651
0,410,H,-0.06247608
0,410,H,-0.0769096
0,410,H,-0.053646974
0,410,H,-0.0889065
0,410,H,-0.07001264
0,410,H,-0.047983512
0,410,H,-0.10398349
0,410,H,-0.41818914
0,410,H,-0.49243155
0,410,V,-0.56189394
0,410,V,-0.53573054
0,410,V,-0.4878447
0,410,V,0.05378291
0,410,V,0.04770205
0,410,V,0.019489637
0,410,V,-0.057545163
0,410,V,0.055460844
0,410,V,0.019623067
0,410,V,-0.049626984
0,411,H,1.0
0,411,H,1.0
0,411,H,1.0
0,411,H,1.0
0,411,V,1.0
0,411,V,1.0
0,411,V,1.0
0,411,V,1.0
0,412,H,0.9598681
0,412,H,-0.9209976
0,412,H,0.66350573
0,412,H,-0.9052726
0,412,H,0.58343345
0,412,H,-0.98527986
0,412,H,0.21329619
0,413,H,1.0
0,413,H,1.0
0,413,H,0.9931083
0,413,H,0.9985698
0,413,H,0.9992514
0,413,H,0.9815017
0,413,H,0.9988543
0,413,H,0.9977906
0,413,H,0.99847394
0,413,H,0.9417339
0,413,H,1.0
0,413,H,1.0
0,413,H,0.94990194
0,414,H,-0.088917404
0,414,H,-0.25343004
0,414,V,-0.57526934
0,414,V,-0.4609568
0,415,H,-0.92986166
0,415,H,-0.9763214
0,415,H,-0.97414833
0,415,H,-0.97913885
0,415,H,0.037563954
0,415,V,1.0
0,415,V,1.0
0,415,V,1.0
0,415,V,0.9882712
0,416,V,0.23487218
0,416,V,0.15164256
0,416,V,0.106138244
0,416,V,-0.034278333
0,416,V,0.1388234
0,416,V,0.011744848
0,416,V,0.010106457
0,417,H,-0.3431067
0,417,H,0.31275526
0,417,H,0.011072135
0,417,H,0.34922656
0,417,H,-0.027563013
0,417,H,0.5539508
0,417,V,0.5466916
0,417,V,-0.008101797
0,417,V,-0.5046151
0,418,H,-0.79525816
0,418,V,0.08500336
0,419,H,-0.33390397
0,419,H,-0.20091274
0,419,H,-0.007949742
0,419,H,0.058837336
0,419,H,-0.273996
0,419,H,-0.20626232
0,419,H,-0.25980523
0,419,H,-0.30508566
0,419,H,-0.034465846
0,419,H,-0.4531586
0,419,H,-0.032062
0,419,H,-0.17970902
0,419,H,-0.25535902
0,419,H,-0.15181746
0,419,H,0.14415224
0,419,H,-0.033018973
0,419,H,0.16528076
0,419,H,0.021245485
0,419,H,0.04598437
0,420,H,0.82523197
0,420,H,0.3709277
0,420,H,0.3801872
0,420,H,0.4675937
0,420,H,0.35156143
0,420,H,0.34152654
0,420,H,0.4949292
0,420,V,-0.30076942
0,420,V,-0.27524948
0,420,V,0.11308399
0,420,V,0.17567453
0,420,V,0.06942645
0,420,V,0.18163791
0,420,V,0.24194379
0,420,V,0.16396283
0,420,V,0.47180963
0,420,V,0.7956497
0,421,H,0.09835951
0,421,H,0.019031895
0,421,H,0.079702616
0,421,H,0.03812962
0,421,H,0.0821416
0,421,H,0.07646582
0,421,V,-0.3765753
0,421,V,-0.37625888
0,421,V,-0.09637737
0,421,V,-0.08385908
0,421,V,-0.058791805
0,421,V,-0.08528431
0,421,V,0.057389766
0,421,V,0.05534051
0,422,V,-0.46140423
0,422,V,-0.41108465
0,422,V,-0.39952582
0,422,V,-0.3664542
0,423,V,-0.9670056
0,423,V,-0.3351174
0,423,V,-0.33615738
0,423,V,-0.2802254
0,423,V,-0.9904284
0,423,V,-0.31730464
0,423,V,-0.2685457
0,423,V,-0.14971715
0,423,V,-0.9846797
0,423,V,-0.3332942
0,423,V,-0.21103328
0,423,V,-0.22792526
0,423,V,-0.07777806
0,423,V,0.052950818
0,424,H,1.0
0,424,H,1.0
0,424,H,1.0
0,424,H,1.0
0,425,H,-1.0
0,425,H,-1.0
0,425,H,-1.0
0,425,H,-1.0
0,426,H,0.027093217
0,426,H,-0.03443237
0,426,H,-0.046637077
0,426,H,-0.007992706
0,426,H,-0.19663611
0,426,H,0.013466397
0,426,H,-0.03028755
0,426,H,-0.027146976
0,426,H,-0.06717796
0,426,H,-0.2105953
0,426,V,0.06468718
0,426,V,-0.03694283
0,426,V,-0.052840445
0,426,V,-0.017238697
0,426,V,-0.164009
0,426,V,0.06784806
0,426,V,-0.03405095
0,426,V,-0.07049014
0,426,V,-0.05287562
0,426,V,-0.16481711
0,427,H,0.9681125
0,427,H,-0.22538655
0,427,H,0.12344456
0,427,H,0.999617
0,427,H,-0.051463965
0,427,H,0.1438187
0,427,H,0.9990195
0,427,H,0.014886007
0,427,H,0.024031112
0,427,H,1.0
0,427,H,0.46316928
0,427,V,1.0
0,427,V,0.61003375
0,427,V,0.36142656
0,427,V,1.0
0,427,V,1.0
0,428,V,0.3912462
0,428,V,0.036419783
0,428,V,0.09857856
0,428,V,-0.47348446
0,429,H,-1.0
0,429,H,-1.0
0,429,V,0.5449475
0,429,V,-0.94214207
0,429,V,-1.0
0,429,V,-1.0
0,429,V,-1.0
0,430,H,-0.28186405
0,430,H,-0.34657457
0,430,H,-0.3772811
0,430,H,-0.312975
0,430,V,-0.7370388
0,430,V,-0.7026138
0,431,H,-0.66210365
0,431,H,-0.6037594
0,431,H,-0.60647887
0,431,V,-0.26651576
0,431,V,-0.32904682
0,431,V,-0.3167869
0,431,V,-0.25458366
0,432,H,0.35188287
0,432,H,0.2929447
0,432,H,0.287758
0,432,H,0.27114567
0,432,H,0.20053542
0,432,V,0.12299006
0,432,V,0.12450039
0,432,V,-0.029932965
0,432,V,-0.13336842
0,433,H,0.95196205
0,433,H,0.8272766
0,433,H,0.88003755
0,433,V,-0.16887668
0,433,V,0.39293808
0,433,V,-0.102571204
0,433,V,0.4881182
0,433,V,0.26122662
0,433,V,0.2893695
0,434,H,0.3853658
0,434,H,0.27800262
0,434,H,0.016853543
0,434,H,0.03549467
0,434,H,0.06971268
0,434,H,0.06828342
0,434,H,0.042709865
0,434,H,0.016193343
0,434,H,-0.39065048
0,434,H,-0.5194219
0,434,V,0.3814405
0,434,V,0.11636444
0,434,V,0.07228225
0,434,V,0.06361733
0,434,V,0.3868315
0,434,V,0.09329789
0,434,V,0.07485327
0,434,V,0.07182999
0,435,H,-0.98950845
0,435,V,-0.015887097
0,435,V,-0.013431108
0,435,V,0.010754174
0,435,V,0.081495255
0,435,V,0.016624002
0,435,V,0.17105806
0,435,V,-0.0021262346
0,436,H,0.64103186
0,436,H,0.67203385
0,436,H,0.7024715
0,436,H,0.92874634
0,436,V,0.061713703
0,436,V,0.090174936
0,436,V,0.078216776
0,437,H,-0.33012813
0,437,H,-0.3195349
0,437,H,-0.79952794
0,438,H,-0.17481431
0,438,H,-0.22657855
0,438,H,-0.84229195
0,439,H,-0.6114185
0,439,H,-0.35519654
0,439,H,-0.7673734
0,439,H,-0.8776546
0,439,H,-0.64470434
0,439,H,-0.74595386
0,439,H,-0.87046254
0,439,H,-0.63783866
0,439,H,-0.8749403
0,439,H,-0.95975655
0,439,H,-0.94263947
0,439,H,-0.9078639
0,439,V,-0.043157693
0,440,H,0.0054447474
0,440,H,0.022830395
0,440,H,0.033511057
0,440,H,-0.00024188252
0,440,H,-0.14821701
0,440,H,-0.1732828
0,440,V,0.005920349
0,440,V,-0.0013606843
0,440,V,0.022086868
0,440,V,0.027064132
0,440,V,0.021041527
0,440,V,0.0070626535
0,440,V,0.21608478
0,440,V,0.15517874
0,440,V,0.041589886
0,441,H,0.2916783
0,441,H,-0.049603384
0,441,H,-0.036376797
0,441,H,-0.36313465
0,441,V,-1.0
0,441,V,-0.19401355
0,441,V,-1.0
0,441,V,-0.16309313
0,441,V,-1.0
0,441,V,0.15785871
0,442,H,0.6574258
0,442,H,-0.0013207328
0,442,H,-0.95391226
0,442,H,0.49858207
0,442,H,-0.9544634
0,442,H,-0.9937438
0,443,V,0.7875505
0,443,V,0.8008299
0,443,V,0.75724745
0,444,V,0.047159582
0,444,V,0.09126554
0,444,V,0.093022674
0,444,V,0.13542822
0,445,H,0.89164674
0,445,H,0.54960227
0,445,H,0.59313136
0,445,H,0.54038453
0,445,H,0.60233325
0,445,H,0.42283455
0,445,H,0.8966352
0,445,H,0.016824352
0,445,V,-0.8652282
0,445,V,-0.09289769
0,445,V,-0.84179133
0,445,V,0.18454494
0,445,V,0.29715592
0,445,V,0.8350473
0,445,V,-0.7897319
0,445,V,0.124508925
0,445,V,0.27383706
0,445,V,0.17634659
0,445,V,0.7704594
0,445,V,0.802455
0,445,V,0.7982343
0,446,H,1.0
0,446,H,1.0
0,446,V,0.7516868
0,446,V,-0.97899526
0,447,V,-0.556671
0,448,H,0.7041124
0,448,H,0.5645803
0,448,H,0.48552155
0,448,H,-0.73937815
0,448,H,-0.056798518
0,448,H,0.09820213
0,448,V,0.57608396
0,449,H,-0.045004934
0,449,H,-0.0009279414
0,449,H,0.07103222
0,449,H,0.030152876
0,449,V,0.015146004
0,449,V,-0.04663106
0,449,V,-0.054887928
0,449,V,-0.0046025896
0,450,H,-1.0
0,450,H,-1.0
0,450,H,-1.0
0,450,H,-1.0
0,450,H,-1.0
0,450,H,-1.0
0,450,H,-1.0
0,450,H,-1.0
0,450,H,-1.0
0,450,H,-1.0
0,450,H,-0.99654245
0,450,V,-1.0
0,450,V,-0.99831516
0,450,V,-1.0
0,450,V,-1.0
0,450,V,-0.99907804
0,450,V,-1.0
0,450,V,-1.0
0,450,V,-1.0
0,450,V,-1.0
0,451,H,0.30801618
0,451,H,0.47509712
0,451,H,0.2741683
0,451,H,0.08137992
0,451,H,0.086352825
0,451,H,0.12616737
0,451,H,0.1986668
0,451,H,0.171906
0,451,H,0.13984655
0,451,H,0.07743931
0,451,H,-0.22569284
0,451,H,-0.011042081
0,452,H,-0.8106027
0,452,H,-0.5400748
0,452,H,0.06629584
0,452,V,-0.9635662
0,453,H,0.91491556
0,453,H,1.0
0,453,H,0.9989424
0,453,H,0.99805444
0,453,H,1.0
0,453,H,1.0
0,454,H,-1.0
0,454,H,-1.0
0,454,H,-1.0
0,454,H,-1.0
0,454,V,-0.54868346
0,454,V,-1.0
0,454,V,-0.99931294
0,454,V,-0.9964779
0,455,H,0.82167816
0,455,H,0.042595886
0,455,H,0.68497723
0,455,H,0.60101265
0,455,H,0.6135796
0,455,H,-0.043126028
0,455,H,-0.030919453
0,455,H,0.06454986
0,455,V,-0.79193056
0,455,V,-0.91272515
0,455,V,-0.7474635
0,455,V,-0.7475494
0,455,V,-0.6412704
0,456,V,-0.2108315
0,456,V,-0.058627445
0,456,V,-0.0659227
0,456,V,0.009645949
0,456,V,-9.8087716e-05
0,456,V,-0.0033735288
0,456,V,0.015392223
0,456,V,-0.07678731
0,456,V,-0.0016872762
0,456,V,-0.013727331
0,456,V,-0.0036223948
0,456,V,0.029539654
0,456,V,-0.101880446
0,456,V,0.05941955
0,456,V,0.052246712
0,456,V,0.04811511
0,456,V,0.05392922
0,457,H,0.1951067
0,457,H,0.2648746
0,457,H,0.0263422
0,457,H,-0.090209566
0,457,H,-0.09517114
0,457,H,-0.08353374
0,457,H,-0.028414851
0,457,H,-0.15603575
0,458,H,0.2284278
0,458,H,-0.11802247
0,458,H,-0.26017252
0,458,H,-0.13025124
0,458,H,-0.26507807
0,458,H,0.15203336
0,458,H,0.26741272
0,458,H,0.16252333
0,458,H,0.25833142
0,458,H,0.0861682
0,458,H,0.15760417
0,458,H,0.21840099
0,458,H,0.21466084
0,458,H,0.26676884
0,458,H,0.033987448
0,458,H,0.396732
0,458,H,0.5390907
0,458,H,0.5301803
0,458,H,0.4710665
0,458,H,0.35963118
0,459,H,-1.0
0,459,H,-1.0
0,459,H,-1.0
0,459,H,-0.32247216
0,459,H,-0.36836842
0,459,H,-0.49137914
0,459,V,0.99805266
0,459,V,0.9971123
0,459,V,0.99841714
0,459,V,0.99348724
0,459,V,0.9916959
0,459,V,0.9964826
0,459,V,0.43464884
0,459,V,0.40724003
0,459,V,0.25981152
0,459,V,0.9479359
0,460,V,-0.9911461
0,461,H,0.0982859
0,461,H,0.005551006
0,461,H,0.019999193
0,461,H,0.07152234
0,461,H,-0.045113225
0,461,H,0.109789684
0,461,H,0.039260365
0,461,H,0.028681142
0,461,H,0.03584919
0,461,H,-0.032081258
0,461,V,0.09094143
0,461,V,0.0023309984
0,461,V,-0.014317855
0,461,V,0.038177397
0,461,V,-0.07472591
0,461,V,0.0843836
0,461,V,-0.0005206376
0,461,V,-0.009515578
0,461,V,0.0018610363
0,461,V,-0.08871189
0,462,H,0.34599409
0,462,H,-0.06313254
0,462,H,0.3074933
0,462,H,-0.034488916
0,462,V,0.5455782
0,462,V,0.82173425
0,462,V,0.7380975
0,462,V,0.75543636
0,462,V,0.8243646
0,463,H,-0.42897302
0,463,H,-0.19749054
0,463,H,-0.2545647
0,463,H,-0.43595657
0,463,H,-0.2971083
0,463,H,-0.59166694
0,463,H,-0.46596926
0,464,H,-0.4271703
0,464,H,0.3841296
0,464,H,0.41014418
0,464,H,0.51166415
0,464,H,0.3996987
0,464,H,0.15578026
0,464,V,0.59099185
0,464,V,0.5145923
0,464,V,0.40999854
0,464,V,-0.28362346
0,464,V,-0.41625756
0,465,H,-0.44179446
0,465,H,-0.43807396
0,465,H,-0.110970035
0,465,H,-0.67225266
0,465,H,-0.5027373
0,465,H,-0.052048992
0,465,H,-0.50347555
0,465,H,-0.65594393
0,465,H,-0.106125996
0,465,H,-0.8040412
0,465,H,-0.19632138
0,465,V,0.43039307
0,465,V,0.5473631
0,465,V,0.5702622
0,465,V,0.6122899
0,465,V,0.63488746
0,465,V,0.5324049
0,465,V,0.5792393
0,465,V,0.4760641
0,465,V,0.59060353
0,465,V,1.0
0,465,V,0.5242741
0,465,V,0.5024673
0,465,V,0.47251126
0,466,H,0.9976527
0,466,H,0.9674304
0,466,H,0.972157
0,466,H,0.969291
0,466,V,-0.04341073
0,466,V,-0.51201516
0,466,V,-0.46400362
0,466,V,-0.03799316
0,466,V,-0.37536323
0,466,V,-0.42285913
0,466,V,-0.043999027
0,466,V,-0.4080265
0,466,V,-0.31907097
0,466,V,-0.3913623
0,466,V,0.10440475
0,467,V,0.19634886
0,467,V,0.22964536
0,467,V,0.19639929
0,467,V,0.4163024
0,467,V,0.23941973
0,467,V,0.42269
0,467,V,0.2614695
0,467,V,0.28301984
0,467,V,0.29297352
0,467,V,0.47755867
0,467,V,0.12999213
0,467,V,0.37404254
0,468,V,0.22938403
0,468,V,0.37122986
0,468,V,0.3380977
0,468,V,0.41029042
0,468,V,0.15096296
0,469,V,0.7715346
0,469,V,0.9520315
0,469,V,0.8805968
0,469,V,0.98500824
0,469,V,-0.9839635
0,469,V,-0.97363985
0,469,V,-0.9449368
0,469,V,-0.9805496
0,469,V,-0.94453114
0,470,H,-1.0
0,470,H,1.0
0,470,V,1.0
0,470,V,-1.0
0,471,V,-0.020753993
0,471,V,0.0692276
0,471,V,-0.0009579021
0,471,V,0.08237707
0,471,V,0.04072112
0,471,V,0.018572634
0,471,V,0.116581686
0,471,V,0.02748808
0,471,V,0.19265442
0,471,V,0.30268312
0,471,V,0.23773567
0,472,H,-1.0
0,472,H,-0.9638811
0,472,H,-0.95420027
0,472,H,-0.9809801
0,472,H,-1.0
0,472,H,-0.9551525
0,472,H,-0.9453147
0,472,H,-0.9907623
0,472,H,-1.0
0,472,H,-0.99989456
0,472,H,-1.0
0,472,H,-1.0
0,472,V,-0.6812546
0,472,V,-0.63323635
0,472,V,-0.5906974
0,472,V,0.96806926
0,473,H,-1.0
0,474,H,0.17681493
0,474,H,0.16213869
0,474,H,0.0052189915
0,474,H,0.05610564
0,474,H,0.018003182
0,474,H,-0.038098976
0,474,H,0.02994956
0,474,H,0.029245382
0,474,H,-0.040368177
0,474,H,-0.034674395
0,474,H,-0.07612973
0,474,H,-0.073242605
0,474,V,0.057967767
0,474,V,0.04373962
0,474,V,-0.0013487822
0,474,V,0.022899883
0,474,V,-0.0064237476
0,474,V,0.05702281
0,474,V,0.03391027
0,474,V,0.0017981473
0,474,V,0.03729952
0,474,V,-0.003113448
0,474,V,0.05131629
0,474,V,0.060946513
0,474,V,0.04602036
0,474,V,0.06245372
0,474,V,0.03131665
0,475,H,-0.61450243
0,475,H,-0.98700595
0,475,H,-0.9692501
0,475,H,-0.9554956
0,475,H,-0.9988517
0,475,V,-0.9853086
0,475,V,-0.9991991
0,475,V,-1.0
0,475,V,-1.0
0,475,V,-1.0
0,476,H,-0.2328293
0,476,H,-0.122905925
0,476,H,-0.22794026
0,476,H,-0.80215293
0,476,H,0.12580483
0,476,H,0.088612475
0,476,H,0.39745924
0,476,H,0.35339347
0,476,H,0.3950469
0,476,H,-0.10049238
0,476,V,0.83243406
0,476,V,0.3110638
0,476,V,0.18691042
0,476,V,0.18361986
0,476,V,-0.42412758
0,476,V,-0.12566969
0,476,V,-0.14842616
0,476,V,-0.24999651
0,476,V,-0.71061987
0,476,V,-0.11906718
0,476,V,-0.18869074
0,476,V,-0.77438223
0,476,V,-0.43139485
0,476,V,-0.2332575
0,476,V,-0.7754899
0,477,H,0.44521958
0,477,H,0.5322118
0,477,H,0.4607935
0,477,V,0.050201494
0,477,V,-0.069607206
0,477,V,-0.072504535
0,477,V,0.040302478
0,477,V,0.13051488
0,477,V,-0.12581152
0,477,V,-0.1586435
0,477,V,-0.060940843
0,478,V,0.026651882
0,478,V,0.1957024
0,478,V,-0.031400092
0,478,V,-0.04995319
0,478,V,-0.029449908
0,479,H,-0.99850476
0,479,H,-0.8320389
0,479,H,-0.9350018
0,479,H,-0.90468854
0,479,H,-0.4905292
0,479,H,0.2287489
0,479,H,0.6893164
0,479,H,0.7864008
0,479,H,0.6475961
0,479,V,0.9503204
0,479,V,0.9915538
0,479,V,0.9611525
0,479,V,-0.8918566
0,479,V,-0.9427567
0,479,V,-0.8513154
0,479,V,-0.64550126
0,480,V,0.85396713
0,480,V,0.79750234
0,480,V,0.6162446
0,480,V,0.1419472
0,480,V,0.7054941
0,480,V,0.59424114
0,480,V,0.13864371
0,480,V,0.67793876
0,480,V,0.5798452
0,480,V,0.47256166
0,480,V,0.36428133
0,481,H,0.117804416
0,481,H,0.14642242
0,481,H,0.15549462
0,481,H,0.028978115
0,481,V,0.9823837
0,482,H,0.25079617
0,482,H,-0.39307994
0,482,H,0.5072439
0,482,H,-0.3608189
0,482,H,0.4502307
0,482,H,-0.22382472
0,482,H,0.30670825
0,482,V,-0.2554439
0,482,V,0.38431576
0,482,V,-0.35705626
0,482,V,0.45262495
0,482,V,-0.37789822
0,482,V,0.43409604
0,482,V,-0.30699748
0,482,V,0.39785424
0,483,V,-0.3889787
0,483,V,-0.5643911
0,483,V,-0.22234017
0,483,V,-0.14424983
0,483,V,-0.28538722
0,483,V,-0.14006987
0,483,V,-0.09401615
0,483,V,-0.27038428
0,483,V,-0.14566047
0,484,V,-0.12887086
0,484,V,1.0
0,485,H,-0.9991809
0,485,H,-1.0
0,485,H,-1.0
0,485,H,-1.0
0,485,H,1.0
0,485,H,1.0
0,485,H,1.0
0,485,H,1.0
0,485,H,1.0
0,485,V,1.0
0,485,V,0.9994646
0,485,V,1.0
0,485,V,1.0
0,485,V,1.0
0,485,V,-1.0
0,485,V,-0.9998392
0,485,V,-1.0
0,485,V,-1.0
0,485,V,-1.0
0,486,H,0.08911104
0,486,H,-0.013828163
0,486,H,-0.06626477
0,486,H,0.29136366
0,486,H,0.13116196
0,486,H,0.25987664
0,486,H,0.09719182
0,486,H,0.33191496
0,486,H,0.17733274
0,486,H,0.1996231
0,486,V,0.9195631
0,486,V,0.46464127
0,486,V,0.53300214
0,486,V,0.44017136
0,486,V,0.5244123
0,487,H,-0.47187445
0,487,H,-0.5329359
0,487,H,-0.3987428
0,487,H,-0.38544875
0,487,H,-0.56770706
0,487,H,-0.18247642
0,487,H,-0.4341643
0,487,H,-0.44193473
0,487,H,0.008680986
0,487,H,-0.27184203
0,487,H,-0.24105601
0,487,H,-0.22796513
0,487,V,0.8509568
0,487,V,0.8984665
0,487,V,0.8171588
0,487,V,0.8946226
0,488,H,-0.9998536
0,488,H,-0.99824923
0,489,H,-0.5178496
0,489,H,-0.3757008
0,489,H,-0.4193638
0,489,H,-0.57066756
0,489,V,-0.026898524
0,489,V,0.046044428
0,489,V,0.309999
0,490,H,0.1277091
0,490,H,-0.052232634
0,490,H,0.019667791
0,490,H,-0.0060354285
0,490,H,-0.109446615
0,490,H,-0.108403035
0,490,H,-0.16806693
0,490,H,-0.33149052
0,490,H,-0.023220735
0,490,H,-0.115907006
0,490,H,-0.18704578
0,490,H,-0.08329913
0,490,H,-0.33038393
0,490,V,-0.028313259
0,490,V,-0.024692869
0,490,V,0.07774083
0,490,V,0.12628669
0,491,H,-0.7649162
0,491,H,-0.5382574
0,491,H,0.9806001
0,491,H,0.7995857
0,491,V,-0.9090959
0,492,H,-0.8534946
0,492,H,-0.83262175
0,492,H,-0.8167267
0,492,H,-0.33148772
0,492,H,0.2678866
0,492,H,0.23909609
0,492,H,0.18599324
0,492,V,0.01977361
0,492,V,0.028128227
0,492,V,0.113027394
0,492,V,-0.0034618056
0,492,V,-0.17006432
0,492,V,-0.10005253
0,492,V,0.0046238066
0,492,V,-0.14783508
0,492,V,-0.23400989
0,492,V,0.014586751
0,492,V,-0.53633165
0,492,V,-0.5882237
0,492,V,-0.47143668
0,492,V,-0.09346196
0,493,V,-1.0
0,493,V,-1.0
0,493,V,-1.0
0,493,V,-1.0
0,493,V,-1.0
0,493,V,-1.0
0,493,V,-1.0
0,493,V,-1.0
0,493,V,-1.0
0,493,V,-1.0
0,493,V,-1.0
0,494,H,-0.0016524812
0,494,H,0.30147567
0,494,H,-0.012043357
0,494,H,0.23493965
0,494,H,-0.010906599
0,494,H,0.29082525
0,494,V,0.28583965
0,494,V,0.053726718
0,494,V,0.38712686
0,494,V,0.8384274
0,494,V,0.8182024
0,495,H,-0.25035116
0,495,H,-0.3202561
0,495,H,-0.19152524
0,495,H,-0.028168341
0,495,V,0.27651206
0,495,V,0.31334206
0,495,V,0.22028431
0,495,V,0.326606
0,495,V,0.27800784
0,495,V,0.3333714
0,495,V,0.28959718
0,496,H,-1.0
0,496,H,-1.0
0,496,H,-1.0
0,496,H,1.0
0,496,H,1.0
0,496,H,1.0
0,496,V,1.0
0,496,V,-1.0
0,496,V,-0.9993332
0,496,V,-1.0
0,496,V,-1.0
0,497,H,0.8047737
0,497,H,0.5099426
0,497,H,0.46553922
0,497,V,0.3884388
0,497,V,0.03210387
0,497,V,-0.316218
0,497,V,0.2010959
0,497,V,0.09956295
0,497,V,0.026071142
0,497,V,0.30137566
0,497,V,-0.20535855
0,497,V,0.13051307
0,497,V,0.064322025
0,497,V,0.046147194
0,497,V,0.22011471
0,498,H,-1.0
0,498,H,-1.0
0,498,H,-1.0
0,498,H,-1.0
0,498,V,1.0
0,498,V,1.0
0,498,V,1.0
0,498,V,1.0
0,499,V,-0.080514185
0,499,V,-0.029709507
0,499,V,-0.040402878
0,499,V,0.39661947
1,0,H,-0.009893402
1,0,H,-0.0030434052
1,0,H,-0.017532926
1,0,H,0.10223517
1,0,H,-0.08609561
1,0,H,0.018444771
1,0,H,-0.012254781
1,0,H,0.018686071
1,0,H,0.093583964
1,0,H,-0.08558951
1,0,V,0.030682972
1,0,V,-0.080552876
1,0,V,-0.061016195
1,0,V,0.014612531
1,0,V,0.03718448
1,0,V,0.051547494
1,0,V,-0.00041047833
1,0,V,0.080663934
1,0,V,0.0381178
1,0,V,0.12622577
1,0,V,0.102928266
1,0,V,0.18291433
1,1,H,0.13773295
1,1,H,0.023321886
1,1,H,0.06381566
1,1,H,0.029419798
1,1,H,-0.0067735855
1,1,H,-0.043499134
1,1,V,0.20077738
1,1,V,0.07897664
1,1,V,0.12156643
1,1,V,0.051142864
1,1,V,0.033479698
1,2,H,-0.050969597
1,2,H,-0.3306342
1,2,H,-0.14267911
1,2,H,-0.15341778
1,2,H,0.32047245
1,2,H,-0.056082517
1,2,H,-0.044773832
1,2,H,0.29254907
1,2,H,-0.07116321
1,2,H,-0.10507234
1,2,H,0.31235707
1,2,H,-0.15624516
1,2,H,-0.0890713
1,2,H,-0.1262426
1,3,H,0.5756842
1,3,H,0.5213387
1,3,H,0.6460412
1,3,H,0.42924508
1,3,H,0.34674057
1,3,H,0.6460724
1,3,H,0.29257897
1,3,H,0.36520955
1,3,H,0.4831313
1,3,H,0.5798046
1,3,H,0.52832127
1,3,H,0.37842703
1,3,V,-0.18776828
1,3,V,-0.18739861
1,3,V,-0.029906385
1,3,V,-0.07693796
1,3,V,-0.2239215
1,3,V,-0.118355654
1,3,V,0.11998539
1,3,V,-0.11965605
1,3,V,-0.050151873
1,4,H,-0.94796854
1,4,H,-0.18018848
1,4,H,-0.8442089
1,4,H,-0.13706134
1,4,H,-0.8365948
1,4,H,-0.16203816
1,4,H,-0.44997025
1,4,V,-1.0
1,4,V,-0.97547716
1,5,H,-0.87717557
1,5,H,-0.95784754
1,5,H,-0.9394991
1,5,H,-0.92670214
1,5,H,-0.605194
1,5,V,0.97378176
1,5,V,0.99484986
1,5,V,0.9957272
1,5,V,0.99423236
1,6,H,0.25871366
1,6,H,0.082617596
1,6,H,-0.05397468
1,6,H,0.07677696
1,6,H,0.23957154
1,6,H,0.13088663
1,6,H,0.040718686
1,6,H,-0.03182617
1,6,H,0.11806663
1,6,H,0.2780013
1,6,H,0.31130567
1,6,H,0.15776733
1,6,H,0.25174877
1,7,V,-0.33196494
1,7,V,0.22802322
1,7,V,0.078551926
1,7,V,0.18919234
1,7,V,-0.6632296
1,7,V,-0.12806751
1,7,V,0.027008347
1,7,V,-0.051763274
1,7,V,-0.6114963
1,7,V,-0.013110821
1,7,V,0.17422566
1,7,V,-0.032924674
1,7,V,-0.49042764
1,7,V,-0.14579135
1,7,V,-0.009624782
1,7,V,0.071319446
1,7,V,0.03303959
1,8,V,0.752486
1,8,V,0.88957876
1,8,V,0.80282587
1,8,V,-0.9554822
1,8,V,-0.9582603
1,8,V,-0.93014294
1,9,H,-0.7071841
1,9,H,0.47883102
1,9,H,0.9769333
1,9,V,-0.8568744
1,9,V,-0.1965987
1,10,H,-0.7118834
1,10,H,0.68728274
1,10,H,-0.0643752
1,10,H,0.28423676
1,10,H,0.7725592
1,10,H,-0.0546081
1,10,H,0.23676857
1,10,H,-0.085267946
1,10,H,0.7828939
1,10,H,0.0311322
1,10,H,-0.24672282
1,10,H,-0.051174115
1,10,H,0.6047856
1,10,H,-0.38448685
1,10,H,-0.52769244
1,10,H,-0.6258543
1,10,H,0.71047753
1,10,V,-0.84803313
1,10,V,0.008938267
1,10,V,-0.017118873
1,10,V,-0.3370305
1,10,V,0.6778571
1,10,V,-0.76997036
1,10,V,0.5619106
1,10,V,-0.15631247
1,10,V,-0.23687772
1,10,V,0.81374717
1,10,V,-0.6051056
1,10,V,0.19525863
1,10,V,-0.32410407
1,10,V,0.1345208
1,10,V,0.7152402
1,10,V,0.52246314
1,10,V,0.8156817
1,11,H,0.009141848
1,11,H,0.08382468
1,11,H,0.10934641
1,11,H,-0.04031285
1,11,H,-0.073126994
1,11,H,0.043183357
1,11,H,0.048287645
1,11,H,0.03224378
1,11,H,0.02527431
1,11,V,0.027899513
1,11,V,0.0857827
1,11,V,0.026559692
1,11,V,0.087909676
1,11,V,0.065280065
1,11,V,-0.13787541
1,12,H,-0.33687198
1,12,H,0.7211329
1,12,V,0.9974122
1,12,V,1.0
1,12,V,1.0
1,12,V,1.0
1,12,V,0.8878771
1,13,H,-0.010697825
1,13,H,0.010617477
1,13,H,-0.26862139
1,13,V,-0.33239624
1,13,V,0.21327777
1,13,V,0.175336
1,13,V,0.14005782
1,13,V,0.15594704
1,13,V,0.15934613
1,13,V,-0.15424275
1,13,V,0.057828642
1,13,V,0.018767372
1,13,V,0.0717681
1,14,H,0.101145506
1,14,H,0.18766434
1,14,H,0.19340838
1,14,H,0.13168561
1,14,V,-0.3083698
1,14,V,-0.28942707
1,14,V,-0.25450537
1,14,V,-0.19553117
1,15,H,1.0
1,15,H,1.0
1,15,H,1.0
1,15,H,1.0
1,15,V,1.0
1,15,V,1.0
1,15,V,1.0
1,15,V,1.0
1,16,H,0.3165244
1,16,H,0.3138756
1,16,V,0.22279082
1,16,V,0.1130669
1,16,V,0.030804748
1,16,V,0.16062443
1,16,V,0.036776975
1,16,V,-0.013351836
1,16,V,0.24864368
1,16,V,0.29312733
1,17,V,-0.034250036
1,17,V,-0.012133458
1,17,V,0.005117987
1,17,V,-0.01199911
1,17,V,0.23059379
1,18,H,1.0
1,18,V,1.0
1,18,V,-1.0
1,18,V,-1.0
1,18,V,-0.99787444
1,19,H,-0.897272
1,19,H,-0.90314364
1,19,H,-0.8796591
1,19,H,-0.8676131
1,19,V,1.0
1,20,H,-0.122681856
1,20,H,-0.096626684
1,20,H,-0.16073826
1,20,H,-0.15105072
1,20,H,-0.09915893
1,20,H,-0.11176794
1,20,H,-0.27896032
1,20,H,-0.14441155
1,20,H,-0.13570645
1,20,H,-0.08369305
1,20,H,-0.24191575
1,20,H,-0.063374035
1,20,H,-0.119476415
1,20,H,-0.12122259
1,20,V,-0.0038447527
1,20,V,-0.008470023
1,20,V,0.012713379
1,20,V,-0.1652441
1,20,V,-0.098052196
1,20,V,-0.09386097
1,20,V,-0.32399634
1,20,V,-0.0800934
1,20,V,-0.08429873
1,20,V,-0.28578314
1,20,V,-0.23686154
1,20,V,-0.070253566
1,20,V,-0.27088997
1,21,H,-0.33235914
1,21,H,-0.30817866
1,21,V,-0.23905148
1,21,V,-0.1646424
1,21,V,-0.20698132
1,21,V,0.090742484
1,21,V,-0.027384065
1,21,V,0.15879461
1,21,V,0.047559883
1,21,V,-0.02501679
1,21,V,0.00874207
1,21,V,0.035434697
1,21,V,0.56043357
1,21,V,0.49863037
1,22,H,-0.25996587
1,22,H,0.009133836
1,22,H,-0.009899018
1,22,H,-0.012126245
1,22,H,-0.011860767
1,22,H,-0.41679114
1,22,H,-0.051665004
1,22,H,-0.08188553
1,22,H,-0.039147157
1,22,H,-0.036311805
1,22,H,-0.4068851
1,22,H,-0.04996162
1,22,H,-0.08019627
1,22,H,-0.036336005
1,22,H,-0.044463914
1,22,V,-0.073971525
1,22,V,0.0045428043
1,22,V,-0.10567476
1,22,V,0.04209603
1,22,V,-0.0930229
1,22,V,0.04746388
1,22,V,-0.08811901
1,22,V,0.041364342
1,23,H,0.9840985
1,23,H,1.0
1,23,H,1.0
1,23,H,0.9544711
1,23,V,-0.95584834
1,23,V,-0.97064584
1,23,V,-0.94008046
1,23,V,-0.87807006
1,24,H,0.30661935
1,24,H,0.2655995
1,24,H,0.19705418
1,24,H,0.13793194
1,24,H,0.08886067
1,24,H,0.084131956
1,24,H,0.08833624
1,24,H,0.08733858
1,24,H,0.07345667
1,24,V,0.31012577
1,24,V,0.21972232
1,24,V,0.29933575
1,24,V,0.20989658
1,24,V,0.45863765
1,24,V,0.4354335
1,25,H,1.0
1,25,H,1.0
1,25,H,1.0
1,25,H,1.0
1,25,V,-1.0
1,25,V,-0.995764
1,25,V,-1.0
1,25,V,-1.0
1,25,V,-1.0
1,26,H,0.27016813
1,26,H,0.27309972
1,26,H,0.28724977
1,26,H,0.25938624
1,26,V,-0.008018508
1,26,V,-0.30357072
1,26,V,-0.2869379
1,26,V,-0.5832996
1,27,V,-0.72807235
1,27,V,-0.44482818
1,27,V,0.20667139
1,27,V,-0.36054477
1,27,V,-0.4255156
1,28,H,-1.0
1,28,H,1.0
1,28,V,1.0
1,28,V,1.0
1,29,H,0.36248264
1,29,H,0.19343953
1,29,H,0.37290424
1,29,H,0.15287232
1,29,H,0.19755681
1,29,H,0.042638835
1,29,V,-0.5565444
1,29,V,-0.31666118
1,29,V,-0.34923938
1,29,V,-0.3943032
1,29,V,-0.38679004
1,29,V,-0.44797015
1,30,V,0.068731956
1,30,V,0.077327676
1,30,V,0.025280008
1,30,V,0.09854272
1,30,V,0.11768469
1,30,V,-0.004251992
1,30,V,0.18144645
1,30,V,0.029843407
1,30,V,0.011830747
1,30,V,0.18843485
1,30,V,0.0053290045
1,31,H,1.0
1,31,H,1.0
1,31,H,1.0
1,31,H,1.0
1,31,H,1.0
1,31,H,1.0
1,31,H,1.0
1,31,H,1.0
1,31,V,1.0
1,31,V,1.0
1,32,V,0.8811896
1,32,V,0.22738701
1,32,V,0.24769272
1,32,V,0.27937794
1,32,V,0.83338684
1,32,V,0.20679712
1,32,V,0.3285795
1,32,V,0.10134664
1,32,V,0.833135
1,32,V,0.25085855
1,32,V,0.27904144
1,32,V,0.25089815
1,32,V,0.7514056
1,32,V,0.134257
1,32,V,0.3345857
1,32,V,0.22234453
1,33,H,-0.9634716
1,33,H,-0.99903244
1,33,H,-1.0
1,33,H,0.8234945
1,33,H,1.0
1,33,H,1.0
1,33,V,1.0
1,33,V,1.0
1,33,V,1.0
1,33,V,1.0
1,34,H,-0.097623564
1,34,H,-0.083848245
1,34,H,0.059185643
1,34,H,0.008049778
1,34,H,-0.005341759
1,34,H,0.033605233
1,34,H,0.13330455
1,34,H,0.009342401
1,34,H,-0.05954151
1,34,H,0.050914284
1,34,H,0.14511015
1,34,H,0.0040273196
1,35,H,0.50723314
1,35,H,0.31683454
1,35,H,0.32365093
1,35,H,0.31271282
1,35,H,-0.16317801
1,35,V,-0.022564648
1,35,V,-0.2305117
1,35,V,-0.33907333
1,35,V,-0.13278615
1,35,V,-0.33585408
1,35,V,-0.23873875
1,35,V,-0.32002383
1,36,H,-0.0011952375
1,36,H,-0.15787509
1,36,H,-0.034290727
1,36,H,0.5121689
1,36,H,0.4757045
1,36,H,0.40108186
1,36,H,0.6806736
1,37,H,1.0
1,37,H,1.0
1,37,H,1.0
1,37,V,-0.21981627
1,37,V,-0.95743084
1,37,V,-0.7488274
1,37,V,-0.9595444
1,37,V,-0.91859496
1,37,V,-0.99436194
1,38,H,0.051931825
1,38,H,0.21249534
1,38,H,0.09814986
1,38,H,0.17142859
1,38,H,0.097255506
1,38,H,0.15820435
1,38,V,0.4532087
1,38,V,0.4180249
1,38,V,0.6521056
1,38,V,0.48633865
1,38,V,0.41502568
1,38,V,0.64760387
1,38,V,0.1555424
1,38,V,0.21701808
1,38,V,0.2859893
1,38,V,0.24168588
1,39,V,-1.0
1,40,H,-0.25684056
1,40,H,-0.035027254
1,40,H,0.051523544
1,40,H,-0.123308145
1,40,V,0.14619532
1,40,V,0.0036672552
1,40,V,-0.00448552
1,40,V,0.020567507
1,41,H,0.11442243
1,41,H,0.11073144
1,41,H,0.07535009
1,41,H,0.05277451
1,41,H,0.060504287
1,41,V,-0.055605575
1,41,V,-0.037475213
1,41,V,-0.15624307
1,41,V,-0.13817585
1,41,V,-0.20655625
1,42,V,-0.050071463
1,42,V,-0.17572862
1,42,V,0.074208505
1,42,V,-0.20418788
1,42,V,0.0063265725
1,43,H,-0.055486936
1,43,H,-0.06129302
1,43,H,-0.018544462
1,43,H,-0.5063169
1,43,H,-0.2583871
1,43,H,-0.17837489
1,43,H,-0.28788772
1,43,V,-0.1923412
1,43,V,0.22408101
1,43,V,-0.16978753
1,44,H,-0.012996036
1,44,H,-0.025874184
1,44,H,-0.05863839
1,44,H,0.03106564
1,44,H,0.039840203
1,44,H,0.022785313
1,44,H,0.012624902
1,44,H,0.012557734
1,44,H,0.048929993
1,44,H,0.10418577
1,44,H,0.0974927
1,44,H,0.09930692
1,44,V,0.017239606
1,44,V,0.068336114
1,44,V,0.058258336
1,44,V,-0.036959767
1,44,V,0.0059602885
1,44,V,-0.01895661
1,44,V,-0.0109353
1,44,V,0.008192328
1,44,V,-0.009315173
1,44,V,-0.07052787
1,44,V,-0.06539523
1,44,V,-0.056699738
1,45,V,-0.21688358
1,45,V,-0.21476936
1,45,V,-0.23615853
1,45,V,-0.14628091
1,45,V,0.049927775
1,45,V,-0.027073331
1,45,V,0.02250502
1,45,V,-0.026109377
1,45,V,0.012834565
1,45,V,-0.01777952
1,45,V,0.045231126
1,45,V,-0.01059606
1,45,V,0.22645995
1,45,V,0.10416631
1,45,V,0.17729333
1,45,V,0.10457882
1,46,H,0.9817338
1,46,H,0.9946527
1,46,H,0.99307793
1,46,H,0.8911675
1,47,H,-0.3400614
1,47,H,-0.45984566
1,47,H,-0.3902881
1,47,H,-0.4825167
1,47,V,-1.0
1,47,V,-1.0
1,47,V,-1.0
1,47,V,-1.0
1,48,H,-0.35263273
1,48,H,-0.38620955
1,48,H,-0.3402519
1,48,H,0.67915285
1,48,H,-0.42885214
1,48,V,0.48412147
1,48,V,-0.38980806
1,48,V,0.46164924
1,48,V,-0.36832482
1,48,V,0.46638438
1,48,V,-0.34301928
1,48,V,0.5585196
1,48,V,-0.31565356
1,49,H,-1.0
1,49,H,-1.0
1,49,H,-0.9967057
1,49,H,-0.9951346
1,49,V,-1.0
1,49,V,-1.0
1,49,V,-0.94973874
1,50,H,0.2341959
1,50,H,-0.22341877
1,50,H,0.039144825
1,50,H,-0.2395819
1,50,H,-0.06923682
1,50,V,0.06452663
1,51,H,-0.15264307
1,51,H,-0.02176598
1,51,H,-0.23749474
1,51,H,0.17256382
1,51,H,0.10295393
1,51,H,-0.04223938
1,51,H,0.025648914
1,52,H,-0.9603875
1,52,H,-0.9375148
1,52,V,0.86567384
1,52,V,1.0
1,52,V,1.0
1,52,V,0.98936796
1,52,V,0.9991872
1,53,V,-0.07157142
1,53,V,-0.043027513
1,53,V,-0.044560626
1,53,V,-0.06909743
1,53,V,-0.052204486
1,54,V,0.12708153
1,54,V,0.098217875
1,54,V,0.54071254
1,55,H,0.7549489
1,55,H,0.68694633
1,55,H,0.77129376
1,55,H,0.7957995
1,55,V,-0.67766804
1,55,V,-0.58107126
1,55,V,-0.5165034
1,55,V,-0.63308245
1,55,V,-0.5778679
1,55,V,-0.5169172
1,55,V,-0.8761687
1,55,V,-0.7984889
1,56,H,-1.0
1,56,H,-1.0
1,56,H,-1.0
1,56,H,-1.0
1,56,V,-1.0
1,56,V,-1.0
1,56,V,-1.0
1,56,V,-1.0
1,57,V,0.16217744
1,57,V,0.17823683
1,57,V,0.14493631
1,58,H,0.02710949
1,58,H,0.044415347
1,58,H,0.047324788
1,58,H,-0.017613035
1,58,V,0.18467912
1,58,V,0.106095105
1,58,V,0.1597188
1,58,V,0.10101178
1,58,V,0.06103763
1,59,H,-0.3563598
1,59,H,-0.23179643
1,59,H,-0.22673246
1,59,H,-0.2561252
1,59,H,-0.27409357
1,59,H,0.16093114
1,59,H,0.15022467
1,59,H,0.12998024
1,59,H,0.31985918
1,60,H,-0.0082381135
1,60,H,0.005547923
1,60,H,0.018215358
1,60,H,0.05704304
1,60,H,-0.0044368217
1,60,H,-0.005349256
1,60,H,0.038617123
1,60,H,0.052808102
1,60,V,0.003220341
1,60,V,-0.0071872794
1,60,V,0.0747545
1,60,V,-0.040738165
1,61,V,-0.39275444
1,61,V,-0.36547768
1,61,V,-0.47215137
1,62,H,0.50801426
1,62,H,0.38852146
1,62,H,0.46626353
1,62,V,0.31293565
1,62,V,0.3353402
1,62,V,0.3357369
1,62,V,0.9027486
1,63,V,-0.012008617
1,63,V,-0.06785348
1,63,V,-0.048329365
1,63,V,0.052636042
1,64,H,0.05432621
1,64,H,-0.10492265
1,64,H,0.021835402
1,64,H,-0.108300135
1,64,H,-0.2579077
1,64,H,0.068901636
1,64,H,-0.14092295
1,64,H,0.03430417
1,64,H,-0.18105981
1,64,H,-0.25782475
1,64,H,0.009690693
1,64,H,-0.17641523
1,64,H,-0.11922577
1,64,H,0.030127058
1,64,H,0.018860763
1,64,H,-0.31323662
1,64,H,-0.43689436
1,64,H,-0.30610064
1,64,V,0.21234332
1,64,V,-0.07851411
1,64,V,-0.19070856
1,64,V,-0.24765803
1,64,V,-0.87111634
1,64,V,0.30943716
1,64,V,0.010827317
1,64,V,-0.105807394
1,64,V,-0.2276444
1,64,V,-0.5561002
1,64,V,0.2987517
1,64,V,0.033027004
1,64,V,-0.0284922
1,64,V,-0.0750993
1,64,V,-0.53718424
1,64,V,0.75880194
1,64,V,-0.007409584
1,64,V,0.48609498
1,64,V,0.33418062
1,64,V,-0.3431394
1,65,H,0.65406996
1,65,H,-0.08276829
1,65,H,0.120505996
1,65,H,-0.07362382
1,65,H,0.061135203
1,65,H,-0.46733913
1,65,V,-1.0
1,65,V,-1.0
1,65,V,-1.0
1,65,V,-0.762691
1,65,V,-0.75598264
1,65,V,-0.79469717
1,66,H,-0.28341198
1,66,H,-0.3801406
1,66,H,-0.18294851
1,66,H,-0.75140315
1,66,H,0.009341536
1,66,H,-0.13449678
1,66,H,-0.0070438813
1,66,H,0.04145397
1,66,H,-0.038703468
1,66,H,-0.111711614
1,66,H,-0.027548376
1,66,H,0.049013004
1,66,H,-0.13948263
1,67,V,-0.31209478
1,67,V,0.058700874
1,67,V,-0.29940778
1,67,V,-0.004416038
1,68,H,-0.28268206
1,68,H,-0.75974125
1,69,H,-0.058094706
1,69,H,-0.037356164
1,69,H,-0.15623799
1,69,H,-0.19166748
1,69,H,-0.1296704
1,69,V,0.63432217
1,69,V,0.61951846
1,69,V,0.639629
1,70,H,0.9997692
1,70,H,1.0
1,70,H,1.0
1,70,H,1.0
1,70,V,-1.0
1,70,V,-1.0
1,70,V,-1.0
1,70,V,-1.0
1,71,V,-0.31050518
1,71,V,-0.059148975
1,71,V,0.043614157
1,71,V,0.057306312
1,71,V,-0.06474718
1,71,V,0.069238216
1,72,H,0.3220472
1,72,H,0.89342993
1,72,H,0.8610113
1,72,H,0.8921083
1,72,V,1.0
1,72,V,1.0
1,72,V,1.0
1,72,V,1.0
1,73,H,-0.6290519
1,73,H,-0.111962505
1,73,H,0.05122892
1,73,H,-0.22272609
1,73,H,0.46393204
1,73,H,-0.8285846
1,73,H,-0.10405387
1,73,H,-0.7789264
1,73,H,0.08479899
1,73,H,0.04651573
1,73,H,0.23270528
1,73,V,-0.91772425
1,73,V,-0.8374072
1,73,V,-0.3435341
1,73,V,-0.78771955
1,73,V,-0.26262432
1,73,V,-0.72992074
1,73,V,-0.4922707
1,74,H,-1.0
1,74,H,1.0
1,74,H,-1.0
1,74,H,1.0
1,74,H,-1.0
1,74,H,1.0
1,74,H,-1.0
1,74,H,1.0
1,74,V,-1.0
1,74,V,1.0
1,74,V,-1.0
1,74,V,1.0
1,74,V,-1.0
1,74,V,1.0
1,74,V,-1.0
1,74,V,1.0
1,75,V,-0.12716687
1,75,V,1.0
1,76,H,0.49455243
1,76,H,0.20756058
1,76,H,0.13214786
1,76,H,0.8828757
1,76,H,0.8743492
1,76,H,0.039345507
1,76,H,0.11217846
1,76,H,0.50137615
1,76,H,0.05607405
1,76,H,0.007860597
1,76,H,0.03450345
1,76,V,-0.07988891
1,76,V,-0.12393134
1,76,V,-0.09213498
1,76,V,-0.2897432
1,76,V,-0.09875186
1,76,V,-0.19581184
1,76,V,-0.07836248
1,76,V,-0.09514843
1,76,V,-0.07222387
1,76,V,-0.01140851
1,77,H,0.5377114
1,77,H,-0.109607555
1,77,H,-0.15113916
1,77,H,-0.09349012
1,77,H,-0.5304488
1,77,H,0.5942886
1,77,H,-0.08836192
1,77,H,-0.07896243
1,77,H,-0.14198495
1,77,H,-0.48223624
1,77,V,-0.1450118
1,77,V,-0.30183536
1,77,V,0.9163768
1,77,V,0.13861163
1,77,V,0.12366244
1,77,V,0.88428515
1,77,V,0.15327509
1,77,V,0.16783014
1,78,H,0.7583509
1,78,H,0.05160574
1,78,H,0.034988217
1,78,H,0.14847794
1,78,H,0.06632821
1,78,H,0.07891111
1,78,H,0.102126956
1,78,H,-0.64925194
1,78,H,-0.7415778
1,78,V,-0.23975864
1,78,V,-0.16500416
1,78,V,-0.2554861
1,78,V,-0.35273924
1,78,V,0.28822032
1,78,V,-0.36973524
1,78,V,-0.1613023
1,78,V,-0.16338402
1,78,V,-0.18579635
1,78,V,0.2452374
1,79,H,0.9387837
1,79,V,1.0
1,79,V,-0.17011471
1,79,V,1.0
1,80,H,0.10793915
1,80,H,0.10733437
1,80,H,0.15255684
1,80,H,0.047779176
1,80,H,-0.18513165
1,80,H,0.2148019
1,80,H,0.027303303
1,80,H,0.11568809
1,80,H,0.14893784
1,80,H,0.30045214
1,80,H,0.04045967
1,80,H,0.0923532
1,80,H,0.09809639
1,80,H,0.22732475
1,80,H,0.19141045
1,80,H,0.21284394
1,80,H,0.21116854
1,80,H,0.17750582
1,81,H,-1.0
1,81,H,-0.9016481
1,81,H,-0.9338978
1,81,H,-0.87345505
1,81,H,-0.9478267
1,81,V,0.65489274
1,81,V,0.7543683
1,81,V,0.7926781
1,81,V,1.0
1,81,V,-1.0
1,81,V,-0.092508696
1,81,V,-0.7569528
1,81,V,-0.5542641
1,82,H,-0.32517764
1,82,H,0.091658376
1,82,H,0.112866156
1,82,H,0.069719
1,82,H,0.21828058
1,82,V,0.37622157
1,83,V,-0.26730612
1,83,V,-0.30901325
1,83,V,-0.3183209
1,83,V,-0.3014709
1,84,H,-0.87001467
1,84,V,-0.4411527
1,84,V,-0.38902646
1,84,V,-0.47388595
1,84,V,-0.8419679
1,84,V,-0.9049657
1,85,H,-0.110538
1,85,H,-0.19045202
1,85,V,0.0065490995
1,85,V,0.054760214
1,85,V,0.119857974
1,86,H,-1.0
1,86,H,-1.0
1,86,H,-1.0
1,86,H,-1.0
1,86,H,-1.0
1,86,V,0.4486127
1,86,V,-0.96159595
1,86,V,-1.0
1,87,H,-0.26386958
1,87,H,0.084658474
1,87,H,0.4729468
1,87,H,-0.24345699
1,87,H,0.03239127
1,87,H,0.52850306
1,88,V,0.22541125
1,88,V,0.07934323
1,88,V,0.093131505
1,88,V,0.091136254
1,88,V,-0.0011811759
1,88,V,-0.007790352
1,88,V,0.032489564
1,88,V,0.03780755
1,88,V,-0.010916934
1,88,V,-0.010545547
1,88,V,-0.00025870552
1,88,V,-0.10703421
1,88,V,-0.041421417
1,88,V,-0.09339266
1,88,V,-0.069314376
1,88,V,-0.299409
1,89,H,0.37772435
1,89,H,-0.37462035
1,89,H,-0.06989806
1,89,H,-0.37749657
1,89,H,-0.08781487
1,89,H,-0.9064586
1,90,H,-0.011333726
1,90,H,-0.041746557
1,90,V,0.14389563
1,90,V,0.0016808605
1,90,V,0.05759818
1,90,V,-0.0108149825
1,90,V,-0.06872
1,91,H,0.96447235
1,91,V,-1.0
1,91,V,-1.0
1,92,H,0.5072776
1,92,H,0.54087716
1,92,H,0.5273892
1,92,H,0.43582723
1,92,H,0.47534412
1,92,H,0.5306028
1,92,H,0.39426804
1,93,H,-0.36731008
1,93,H,-1.0
1,93,H,-1.0
1,93,H,-1.0
1,93,V,-0.06908822
1,93,V,0.99980164
1,93,V,-0.19345456
1,93,V,1.0
1,93,V,-0.012036134
1,93,V,0.07028274
1,93,V,1.0
1,94,H,0.0001128819
1,94,H,0.02878377
1,94,H,0.02747106
1,94,H,-0.096550256
1,94,H,0.020948444
1,94,H,-0.0020147653
1,94,H,0.027080415
1,94,H,-0.068035305
1,94,H,-0.08922789
1,94,H,-0.10068378
1,94,H,-0.114367716
1,94,H,-0.21960177
1,94,V,0.034798026
1,94,V,0.01843077
1,94,V,0.0623343
1,94,V,-0.0015919149
1,94,V,0.0643223
1,94,V,0.15722288
1,95,H,-1.0
1,95,H,-0.9970519
1,95,H,1.0
1,95,V,1.0
1,95,V,1.0
1,95,V,1.0
1,95,V,1.0
1,95,V,1.0
1,96,H,1.0
1,96,H,-0.93458015
1,96,H,1.0
1,96,H,-0.75233734
1,96,H,1.0
1,96,H,-0.77606475
1,97,H,0.7573216
1,97,H,0.26375553
1,97,H,0.23601615
1,97,H,0.39960694
1,97,H,0.3856867
1,97,H,0.30001196
1,97,H,0.23667608
1,97,H,0.22581899
1,97,H,0.23472314
1,97,H,0.17452092
1,97,V,-0.396623
1,97,V,-0.24772547
1,97,V,-0.33169383
1,97,V,-0.16958287
1,97,V,0.06157752
1,97,V,-0.028128527
1,97,V,0.05629978
1,97,V,-0.0053349775
1,97,V,0.004507967
1,97,V,-0.13845603
1,97,V,0.032660775
1,97,V,-0.066498496
1,97,V,0.16883248
1,97,V,-0.047109917
1,97,V,-0.06677559
1,97,V,0.01761021
1,98,H,-0.15764043
1,98,H,-0.11732536
1,98,H,-0.15669507
1,98,H,-0.13614708
1,98,H,-0.1169684
1,98,H,-0.16900945
1,98,V,0.07475546
1,98,V,-0.017527694
1,98,V,-0.021920323
1,98,V,0.10069442
1,98,V,0.05409595
1,98,V,0.013009908
1,98,V,-0.025482407
1,98,V,0.35626918
1,98,V,0.17705998
1,99,H,0.3645627
1,99,H,0.63712597
1,99,H,0.67831653
1,99,H,0.62184286
1,99,V,-0.9969939
1,99,V,-1.0
1,99,V,-1.0
1,99,V,-0.99965185
1,100,H,-0.6946197
1,100,H,-0.20481339
1,100,H,-0.34829155
1,100,H,0.44612983
1,100,H,-0.8006852
1,100,V,-0.15716425
1,100,V,0.91918766
1,100,V,0.9343488
1,100,V,0.9212619
1,100,V,0.99951005
1,101,H,1.0
1,101,H,1.0
1,101,H,1.0
1,101,H,1.0
1,101,V,-1.0
1,101,V,-1.0
1,101,V,-1.0
1,101,V,-1.0
1,102,H,0.08516539
1,102,H,0.06998542
1,102,H,0.072328836
1,102,H,0.078651235
1,102,H,0.074316815
1,102,H,0.074564405
1,102,H,0.051018234
1,102,H,0.068926
1,102,H,0.068860844
1,102,H,0.033331506
1,102,H,0.012742897
1,102,H,0.009379088
1,102,V,-0.21823554
1,102,V,-0.22161613
1,102,V,-0.25758627
1,102,V,-0.41514394
1,102,V,-0.10258085
1,102,V,-0.105895564
1,102,V,-0.13660471
1,102,V,-0.17076482
1,102,V,-0.2727646
1,102,V,-0.08792544
1,102,V,-0.10279902
1,102,V,-0.12555932
1,102,V,-0.101748474
1,102,V,-0.28632712
1,102,V,-0.009869955
1,102,V,-0.108139984
1,102,V,-0.049927782
1,102,V,-0.068543166
1,102,V,-0.084582515
1,103,H,-0.9942994
1,103,V,-0.24621844
1,103,V,-0.9336976
1,103,V,-0.9053846
1,103,V,-0.9553229
1,104,H,0.31303814
1,104,H,0.3652353
1,104,H,0.24999967
1,104,H,-0.006914278
1,104,H,0.00029715
1,104,H,0.0075357947
1,104,H,0.0073701222
1,104,H,-0.0014167897
1,104,H,-0.003077115
1,104,H,-0.27309892
1,104,H,-0.27369174
1,104,H,-0.23969305
1,104,V,-0.359344
1,104,V,-0.42522502
1,104,V,-0.46822205
1,104,V,-0.057451714
1,104,V,-0.03456332
1,104,V,-0.04160828
1,104,V,-0.04807597
1,104,V,-0.03976943
1,104,V,-0.054952703
1,104,V,-0.11614162
1,104,V,0.100933276
1,104,V,0.1678753
1,104,V,0.19685526
1,105,H,0.06933632
1,105,H,-0.041926324
1,105,H,-0.019653128
1,105,H,-0.061661515
1,105,H,-0.18074134
1,105,H,0.051128972
1,105,H,-0.063339196
1,105,H,-0.09158499
1,105,H,0.0033499673
1,105,H,-0.12826465
1,106,H,-0.19383115
1,106,H,-0.14751418
1,106,H,-0.14875706
1,106,H,-0.16969354
1,106,H,-0.2937703
1,106,H,-0.36476752
1,106,V,0.11968392
1,106,V,0.08568044
1,106,V,0.15929201
1,106,V,0.12575802
1,106,V,0.11941306
1,106,V,0.13057512
1,106,V,0.6357505
1,106,V,0.4517223
1,106,V,0.2667339
1,107,H,0.91537267
1,107,V,-0.1859072
1,108,H,0.0025018929
1,108,H,0.18046455
1,108,H,-0.0345804
1,108,H,0.23849301
1,108,H,0.0059922943
1,108,H,0.30723986
1,108,H,0.01780611
1,108,H,0.2845061
1,108,H,0.28104675
1,108,H,0.38332096
1,108,H,0.2948327
1,109,H,0.1784449
1,109,H,-0.03826983
1,109,H,-0.06794915
1,109,H,-0.05588745
1,109,H,-0.039401777
1,109,V,-0.009131793
1,109,V,0.00051199336
1,109,V,-0.20255746
1,109,V,-0.17463881
1,109,V,-0.09881958
1,109,V,-0.052140024
1,110,H,-0.41544604
1,110,H,-0.30175194
1,110,H,-0.53230053
1,110,H,-0.33954728
1,110,H,-0.269886
1,110,H,-0.284479
1,110,H,0.09510144
1,110,H,0.063700765
1,110,V,-0.13624501
1,110,V,-0.5325482
1,111,H,0.8856252
1,111,H,0.99796826
1,111,H,0.99941254
1,111,V,0.9992633
1,111,V,0.9949924
1,111,V,0.9939536
1,111,V,0.9979542
1,112,H,-0.6720069
1,112,H,-0.76759124
1,112,H,-0.6799078
1,112,H,-0.83963627
1,112,H,0.3037036
1,112,H,-0.27288854
1,112,H,-0.29398072
1,112,H,-0.45438752
1,112,H,0.31816718
1,112,H,-0.23815621
1,112,H,-0.27138814
1,112,H,-0.4500203
1,112,H,0.57054466
1,112,H,0.121031255
1,112,H,0.20443296
1,112,H,0.1335379
1,112,H,-0.09172149
1,112,V,0.97036695
1,112,V,0.90950036
1,112,V,0.9523304
1,112,V,0.68270665
1,112,V,0.4721277
1,112,V,-0.124828115
1,112,V,-0.17985797
1,112,V,-0.13513416
1,112,V,-0.24537882
1,113,H,-0.7100107
1,113,H,-0.8022095
1,113,H,-0.7285677
1,113,H,-0.8068709
1,113,H,-0.26863363
1,113,V,-1.0
1,113,V,-1.0
1,113,V,-1.0
1,113,V,-1.0
1,113,V,-1.0
1,113,V,-1.0
1,113,V,-1.0
1,113,V,-1.0
1,113,V,-1.0
1,113,V,-1.0
1,113,V,-1.0
1,113,V,-1.0
1,113,V,-1.0
1,113,V,-1.0
1,113,V,-1.0
1,114,H,1.0
1,114,H,1.0
1,114,H,1.0
1,114,H,0.8784069
1,114,V,0.49500364
1,114,V,-0.942222
1,114,V,-0.8568036
1,114,V,-0.9645457
1,115,H,0.90233475
1,115,H,0.9744787
1,115,H,0.9720294
1,115,V,-0.91309154
1,115,V,-0.58234435
1,115,V,-0.95032495
1,115,V,-0.35883582
1,115,V,-0.9384226
1,115,V,-0.29331836
1,116,H,-0.5795678
1,116,H,-0.74013
1,116,H,-0.6441816
1,116,H,-0.6656085
1,116,H,-0.29615015
1,117,V,1.0
1,117,V,1.0
1,118,H,-0.15199095
1,118,H,-0.009484602
1,118,H,-0.025627838
1,118,H,-0.09461652
1,118,H,-0.05070581
1,118,H,-0.019948766
1,118,H,-0.06052255
1,118,H,-0.0394789
1,118,H,-0.013238098
1,118,H,-0.1058913
1,118,H,-0.106058665
1,118,H,-0.06687488
1,118,V,-0.0697943
1,118,V,-0.027232932
1,118,V,0.034588628
1,118,V,-0.044202007
1,118,V,-0.03263558
1,118,V,-0.024592448
1,118,V,-0.03140643
1,118,V,-0.04679646
1,118,V,-0.013841254
1,119,H,-0.6647815
1,119,H,-0.8264372
1,119,H,-0.89030993
1,119,H,-0.84903985
1,119,H,-0.827408
1,119,H,-0.7766912
1,119,H,-0.86711955
1,119,V,0.2979782
1,119,V,1.0
1,119,V,0.42521277
1,119,V,1.0
1,119,V,0.949713
1,119,V,0.44734186
1,119,V,1.0
1,119,V,1.0
1,119,V,0.93725264
1,120,H,0.051531363
1,120,H,0.085419446
1,120,H,0.15735623
1,120,H,-0.15081269
1,120,H,-0.0392664
1,120,H,-0.03782423
1,120,H,0.008301426
1,120,H,0.04360147
1,120,H,-0.14385822
1,120,H,0.0015398588
1,120,H,-0.008200106
1,120,H,-0.006845732
1,120,H,0.03713437
1,120,H,-0.18037999
1,120,H,-0.15943904
1,120,H,-0.19551092
1,120,V,-0.15127222
1,120,V,-0.03448019
1,120,V,-0.07440038
1,120,V,-0.046134226
1,120,V,0.09339677
1,120,V,-0.2112266
1,120,V,-0.055207178
1,120,V,-0.05147425
1,120,V,-0.055211775
1,120,V,0.048935395
1,121,H,-0.1459504
1,121,H,0.19540946
1,121,H,-0.043041307
1,121,H,-0.114624396
1,121,H,0.14197175
1,121,H,-0.20163585
1,121,H,-0.97909266
1,121,V,1.0
1,122,V,1.0
1,122,V,1.0
1,123,H,1.0
1,123,H,0.53197813
1,123,H,0.8412608
1,123,H,0.98300636
1,123,V,1.0
1,123,V,0.7958988
1,124,H,-0.93860394
1,124,H,-0.98406106
1,124,V,-0.4360707
1,124,V,-0.039646853
1,124,V,-0.15228511
1,124,V,0.081968606
1,124,V,-0.17340338
1,124,V,0.302996
1,124,V,-0.049549468
1,125,H,1.0
1,125,H,1.0
1,125,H,1.0
1,125,H,1.0
1,125,H,1.0
1,125,V,1.0
1,125,V,1.0
1,126,H,-1.0
1,126,H,-1.0
1,126,H,-1.0
1,126,H,-1.0
1,126,V,1.0
1,126,V,1.0
1,126,V,1.0
1,126,V,1.0
1,127,H,-0.3235719
1,127,V,-0.31717736
1,127,V,-0.43010613
1,127,V,-0.16169089
1,127,V,0.07666988
1,127,V,0.049860008
1,127,V,0.045121845
1,127,V,-0.16546252
1,127,V,0.04694221
1,127,V,0.09659007
1,127,V,0.031225702
1,127,V,0.2010735
1,128,H,1.0
1,128,H,1.0
1,128,H,1.0
1,128,H,1.0
1,128,H,0.87547237
1,128,H,0.99974805
1,128,H,0.9624289
1,128,H,0.84494936
1,128,H,0.9926308
1,128,H,0.9742446
1,128,V,1.0
1,128,V,1.0
1,129,H,-0.38315678
1,129,H,-0.18144974
1,129,H,-0.40688616
1,129,H,-0.9080411
1,129,H,-0.3890987
1,129,H,-0.39289966
1,129,H,-0.44006503
1,129,H,-0.9805078
1,129,H,-0.3701706
1,129,H,-0.44716838
1,129,H,-0.96307665
1,129,H,-0.14090633
1,129,H,-0.017260635
1,129,H,-0.08242914
1,129,H,-0.94372284
1,130,H,0.9313693
1,130,H,0.3495319
1,130,H,0.6759768
1,130,H,0.46353832
1,130,H,0.2917186
1,130,H,0.58664876
1,130,H,0.40146646
1,130,H,0.067348145
1,130,V,-0.8265781
1,130,V,0.1159728
1,130,V,0.116416976
1,130,V,0.09776971
1,130,V,0.13530502
1,130,V,0.04028297
1,130,V,0.028679343
1,130,V,0.07956537
1,130,V,-0.17390682
1,131,H,0.0028996114
1,131,H,0.087824956
1,131,H,0.095871866
1,131,H,0.09382652
1,131,H,0.08695277
1,131,H,-0.008588167
1,131,H,0.0025336805
1,131,H,0.0043175467
1,131,H,-0.008034211
1,131,H,0.02477807
1,131,H,-0.027257446
1,131,H,0.00043838675
1,131,H,-0.0059760627
1,131,H,-0.0004454928
1,131,H,0.030279666
1,131,H,0.0186999
1,131,H,-0.014711948
1,131,H,-0.023287075
1,131,H,-0.036589805
1,131,H,0.021759458
1,132,H,-0.21003881
1,132,H,-0.2704777
1,132,H,-0.24176444
1,132,V,-0.33369833
1,132,V,-0.11897115
1,132,V,-0.11618577
1,132,V,-0.5828833
1,132,V,-0.07004162
1,132,V,-0.5116028
1,132,V,-0.06666327
1,132,V,-0.056217007
1,133,H,-0.13040438
1,133,H,-0.15517002
1,133,H,-0.15381272
1,133,H,-0.29544595
1,134,H,-0.9778315
1,134,H,-0.090647995
1,134,H,-0.9599409
1,134,H,0.70368516
1,134,H,-0.9821886
1,134,H,0.67138195
1,134,H,-0.8749235
1,134,V,0.58032805
1,134,V,0.7803834
1,134,V,0.5348897
1,135,H,0.9872931
1,135,H,0.88818574
1,135,H,0.20782743
1,135,H,0.17661697
1,135,H,-0.7592911
1,135,H,0.85539544
1,135,H,-0.744366
1,135,H,0.71196294
1,135,H,-0.99712265
1,135,V,-1.0
1,135,V,0.99471253
1,135,V,-0.9402694
1,135,V,0.9893367
1,135,V,-0.9000465
1,135,V,1.0
1,136,H,0.9561985
1,136,H,0.9336217
1,136,H,0.943619
1,137,H,-1.0
1,137,H,0.5565795
1,137,H,-1.0
1,137,H,-1.0
1,137,H,0.90543365
1,137,H,-1.0
1,138,H,0.37648538
1,138,V,-0.34518358
1,138,V,-0.22648402
1,138,V,-0.12698333
1,138,V,-0.114355154
1,139,H,0.05026872
1,139,H,0.1235935
1,139,H,0.008412638
1,139,H,-0.048534352
1,139,H,-0.0025314773
1,139,H,-0.08275347
1,139,H,-0.006822561
1,139,H,0.014912284
1,139,H,-0.120888375
1,139,H,-0.08436925
1,139,V,0.6858153
1,139,V,0.6351393
1,139,V,0.7346638
1,140,H,-0.037468378
1,140,H,-0.02661676
1,140,H,-0.026410164
1,140,H,-0.026803577
1,140,H,0.02605874
1,140,H,-0.031159578
1,140,H,-0.06153964
1,140,H,-0.06406858
1,140,H,-0.024617737
1,140,H,0.027395822
1,140,V,-0.34672755
1,140,V,-0.48240346
1,140,V,-0.09218888
1,140,V,-0.08200804
1,140,V,-0.08665968
1,140,V,-0.09636356
1,140,V,0.13379766
1,140,V,0.22498414
1,141,H,0.53305274
1,141,H,0.58266157
1,141,H,0.5705803
1,141,H,0.5312546
1,141,V,0.019591298
1,141,V,0.016371682
1,141,V,0.047658443
1,141,V,0.345513
1,142,H,-1.0
1,142,H,-1.0
1,142,H,-1.0
1,142,H,-1.0
1,142,V,0.99856144
1,142,V,0.99961984
1,142,V,1.0
1,142,V,1.0
1,142,V,1.0
1,143,H,0.17297968
1,143,H,0.15734734
1,143,H,0.08010817
1,143,H,0.18510509
1,143,V,0.5038523
1,143,V,0.19156677
1,143,V,0.18922038
1,143,V,0.13731515
1,144,H,0.7818641
1,144,H,0.69053316
1,144,H,0.4853628
1,144,H,0.62527764
1,144,H,-0.90697336
1,144,H,0.7064165
1,144,H,0.5513862
1,144,H,0.4713361
1,144,H,0.40132937
1,144,H,-0.38285625
1,144,V,1.0
1,144,V,-0.6965246
1,144,V,1.0
1,144,V,-0.6867184
1,144,V,1.0
1,144,V,-0.6869053
1,144,V,0.88002545
1,144,V,-0.50645405
1,145,H,0.25355998
1,145,H,0.048464373
1,145,H,0.13109007
1,145,H,0.09140664
1,145,H,0.116225176
1,145,H,-0.08765982
1,145,H,0.0808261
1,145,V,0.105422705
1,145,V,0.09670782
1,145,V,0.059950214
1,145,V,0.028076243
1,145,V,0.074791245
1,145,V,-0.032189943
1,145,V,0.047580767
1,145,V,0.023826934
1,145,V,0.0601184
1,145,V,0.09785204
1,146,V,0.9292177
1,146,V,0.84763
1,146,V,0.99474883
1,147,H,0.12841305
1,147,H,0.27610505
1,147,H,0.0815935
1,147,H,0.05364256
1,148,H,0.92831326
1,148,H,0.8599194
1,148,H,0.68339837
1,148,H,0.6713984
1,148,H,0.6130338
1,148,H,0.8768607
1,148,V,0.3319075
1,148,V,0.16850352
1,148,V,0.7204102
1,148,V,0.06694399
1,148,V,0.025559846
1,148,V,0.7513142
1,148,V,0.07683878
1,148,V,0.073965415
1,148,V,0.7133542
1,148,V,-0.16546506
1,148,V,-0.12502031
1,148,V,0.29664674
1,149,V,0.31235936
1,149,V,0.23187919
1,149,V,0.29559892
1,149,V,0.065085
1,149,V,0.006413753
1,149,V,0.04606889
1,149,V,0.020432763
1,149,V,-0.3098681
1,149,V,-0.1568866
1,150,H,-1.0
1,150,H,-1.0
1,150,H,-0.9315448
1,150,V,-0.36886153
1,150,V,1.0
1,150,V,1.0
1,150,V,1.0
1,151,H,0.1785087
1,151,H,0.21872346
1,151,V,0.5128427
1,151,V,0.59056765
1,151,V,0.2804626
1,151,V,0.38744542
1,151,V,0.37364754
1,151,V,0.42561707
1,151,V,0.67949605
1,152,H,-0.9966017
1,152,H,-0.98652107
1,152,H,-1.0
1,152,H,-1.0
1,152,V,0.93562037
1,152,V,0.9181944
1,152,V,0.9207267
1,153,H,-0.038590267
1,153,H,-0.0147801945
1,153,H,0.019507354
1,153,H,-0.026480919
1,153,H,-0.007117713
1,153,H,0.016325062
1,153,H,-0.24303408
1,153,H,-0.22293942
1,153,H,-0.1446187
1,153,V,-0.048270043
1,153,V,-0.019544987
1,153,V,0.010992842
1,153,V,0.1288338
1,153,V,-0.023106463
1,153,V,-0.025121676
1,153,V,-0.009388095
1,153,V,0.10081736
1,153,V,0.20804588
1,153,V,0.2917399
1,154,H,0.2980113
1,154,H,0.23199399
1,154,H,0.29815957
1,154,H,0.047606308
1,154,V,0.92716753
1,154,V,0.9419333
1,154,V,0.99391454
1,155,H,-0.99629736
1,155,H,-0.8890769
1,155,H,-0.918674
1,155,H,-0.90766484
1,155,H,-0.9960242
1,155,V,-0.118175544
1,155,V,-0.08733137
1,155,V,-0.09678765
1,155,V,0.10325773
1,155,V,-0.03433371
1,155,V,0.10299943
1,155,V,0.14041318
1,155,V,0.24456765
1,156,H,1.0
1,157,H,-0.46934322
1,157,H,-0.10964456
1,157,H,-0.36803603
1,157,H,0.07224192
1,157,H,-0.26266465
1,157,H,0.11209375
1,157,H,-0.16442212
1,157,H,0.20147784
1,157,V,0.047544643
1,157,V,0.45192006
1,157,V,-0.099901214
1,157,V,0.25517347
1,157,V,-0.09138237
1,157,V,0.285339
1,157,V,-0.09940932
1,157,V,0.1628617
1,158,H,1.0
1,158,H,-0.39130938
1,158,H,-0.67908394
1,158,H,-1.0
1,159,H,0.42433742
1,159,H,0.07646745
1,159,H,-0.070956305
1,159,H,-0.048208132
1,159,V,-0.8015606
1,159,V,-0.8837271
1,160,V,-0.19319285
1,160,V,-0.13801429
1,160,V,-0.30074182
1,160,V,-0.2521715
1,160,V,0.05539151
1,160,V,-0.30421627
1,160,V,-0.22151208
1,160,V,-0.29586393
1,160,V,-0.025015078
1,161,H,0.82451
1,161,H,0.293865
1,161,H,0.30945864
1,161,H,0.15332887
1,161,V,-0.21344244
1,161,V,0.40112296
1,161,V,0.14861701
1,161,V,0.28145176
1,161,V,0.5824061
1,161,V,0.21988821
1,161,V,0.19660848
1,161,V,0.23452829
1,161,V,0.47289136
1,161,V,0.62247276
1,161,V,0.5715765
1,162,H,1.0
1,162,H,1.0
1,162,H,1.0
1,162,H,1.0
1,162,V,1.0
1,162,V,1.0
1,162,V,1.0
1,162,V,1.0
1,163,V,-0.19495727
1,163,V,-0.1948383
1,163,V,-0.19103515
1,163,V,-0.011897271
1,164,H,-1.0
1,164,H,-1.0
1,164,H,-1.0
1,164,H,-1.0
1,165,H,0.025077177
1,165,H,0.25146025
1,165,H,0.22452842
1,165,H,-0.3242594
1,165,H,-0.2511538
1,165,H,-0.17882398
1,165,H,-0.15653607
1,165,H,-0.20915459
1,165,H,-0.70362645
1,165,H,-0.7063395
1,165,H,-0.58238363
1,165,H,-0.6038826
1,165,V,-0.68117416
1,165,V,-0.94697595
1,165,V,-0.63220704
1,166,V,-0.41983137
1,166,V,-0.34313655
1,166,V,0.72314286
1,166,V,-0.014484064
1,166,V,-0.09830471
1,166,V,-0.13426544
1,166,V,0.66552854
1,166,V,0.015907597
1,166,V,-0.11738534
1,166,V,-0.03453627
1,166,V,0.77744603
1,166,V,0.3441182
1,166,V,0.40085286
1,167,H,1.0
1,167,H,1.0
1,167,H,1.0
1,167,H,1.0
1,167,H,1.0
1,167,V,1.0
1,167,V,1.0
1,168,H,-0.59545904
1,168,H,-0.6991795
1,168,H,-0.56407326
1,168,H,0.31295186
1,168,H,0.28665403
1,168,H,0.20279
1,168,V,0.4421719
1,168,V,0.45013678
1,168,V,0.23558632
1,168,V,0.58506054
1,168,V,-0.1349591
1,168,V,-0.11499187
1,168,V,-0.012509988
1,168,V,-0.26212746
1,168,V,0.059383586
1,168,V,-0.77080107
1,168,V,-0.3967861
1,168,V,-0.29100752
1,168,V,-0.38421172
1,168,V,-0.353659
1,169,H,0.28051245
1,169,H,0.08397481
1,169,H,0.06940696
1,169,H,0.066150315
1,169,H,-0.2681119
1,169,H,0.2665415
1,169,H,-0.009173033
1,169,H,0.04139233
1,169,H,0.07801545
1,169,H,-0.2167993
1,169,H,0.29386568
1,169,H,-0.049495373
1,169,H,-0.09430398
1,169,H,-0.018868253
1,169,V,-0.14592853
1,169,V,-0.12714294
1,169,V,0.04054575
1,169,V,-0.025504772
1,169,V,0.07063792
1,169,V,-0.03920652
1,169,V,0.10702724
1,169,V,0.10672751
1,170,H,-0.026813505
1,170,H,-0.031699985
1,170,H,-0.035032418
1,170,H,0.056081075
1,170,V,0.19568169
1,170,V,0.19693014
1,170,V,-0.072796166
1,170,V,-0.040636607
1,170,V,0.005975366
1,170,V,0.03528109
1,170,V,0.34926203
1,171,H,-1.0
1,171,H,-1.0
1,171,H,-1.0
1,171,H,-1.0
1,171,H,-1.0
1,171,V,-1.0
1,172,V,0.06982761
1,172,V,0.8892789
1,172,V,-0.28500193
1,172,V,0.8975519
1,172,V,-0.21202245
1,172,V,0.6300275
1,172,V,-0.050322365
1,173,H,-1.0
1,173,H,-1.0
1,173,H,-1.0
1,173,H,-1.0
1,173,H,-0.9999876
1,173,V,1.0
1,173,V,1.0
1,174,H,-0.27578977
1,174,H,-0.39158773
1,174,H,-0.477476
1,174,H,-0.55972385
1,174,H,-0.538914
1,174,H,-0.8103908
1,174,H,-0.49217692
1,174,H,-0.54994756
1,174,H,-0.5396208
1,174,H,-0.8051385
1,174,H,-0.7217441
1,174,H,-0.8207323
1,174,H,-0.72862464
1,174,V,-0.20693271
1,174,V,0.025011001
1,174,V,-0.120164685
1,174,V,0.18252932
1,174,V,-0.09921027
1,174,V,0.21751706
1,175,V,-0.066458754
1,175,V,0.14539015
1,175,V,0.04174115
1,175,V,0.16003247
1,175,V,0.07626869
1,175,V,0.40480208
1,175,V,0.27056888
1,176,H,0.19286802
1,176,H,-0.0841872
1,176,H,-0.08040752
1,176,H,0.030606879
1,176,H,-0.050830256
1,176,H,-0.0425473
1,176,H,0.044136252
1,176,H,-0.22764987
1,176,V,-0.046056613
1,176,V,0.046224058
1,176,V,0.08795312
1,176,V,0.11039611
1,176,V,0.117375374
1,176,V,-0.079453595
1,176,V,0.05214024
1,176,V,0.09295134
1,176,V,0.08553824
1,176,V,0.11803976
1,176,V,0.21746631
1,176,V,0.20835418
1,176,V,0.30283254
1,177,H,0.048467454
1,177,H,0.09720388
1,177,H,0.046652764
1,177,H,0.0770135
1,177,H,0.104801446
1,177,H,0.0446464
1,177,H,0.090881445
1,177,V,-0.099986225
1,177,V,-0.0036331525
1,177,V,-0.057560265
1,177,V,0.036885228
1,177,V,-0.004252031
1,178,H,-0.40027806
1,178,H,-0.29617548
1,178,H,-0.28258818
1,178,H,0.04780533
1,178,H,0.037751053
1,178,H,-0.057793822
1,178,H,0.6752944
1,178,H,-0.09972386
1,178,H,-0.012787741
1,178,H,0.69347775
1,178,H,0.37921065
1,178,H,0.24670675
1,178,H,0.7756456
1,178,V,-0.37999558
1,178,V,-0.23982295
1,178,V,-0.25913322
1,178,V,-0.67530566
1,178,V,-0.6830977
1,178,V,-0.696097
1,178,V,-0.7978102
1,178,V,-0.7775751
1,178,V,-0.73299646
1,179,H,-0.9969587
1,179,H,-0.9993116
1,179,H,-1.0
1,179,H,-0.87084997
1,179,H,0.9979662
1,179,H,0.996724
1,179,H,1.0
1,179,H,0.6256252
1,179,V,-1.0
1,179,V,-1.0
1,180,V,-0.89288086
1,180,V,-0.95488924
1,180,V,-0.98724544
1,180,V,-0.4827112
1,180,V,-0.65352076
1,180,V,-0.5738497
1,180,V,-0.56545347
1,180,V,-0.62473565
1,180,V,-0.8156784
1,180,V,-0.5354626
1,181,H,-0.21728796
1,182,H,-0.18035129
1,182,H,-0.14871977
1,182,H,-0.1497646
1,182,H,-0.016079687
1,182,H,0.06534111
1,182,H,0.07538182
1,182,H,0.06142949
1,182,H,0.09547389
1,182,H,0.06802567
1,182,H,0.084244974
1,182,H,0.118771896
1,182,H,0.24014336
1,182,H,0.26022452
1,182,H,0.26896602
1,182,H,0.52093726
1,182,V,0.002024897
1,182,V,0.16199878
1,182,V,0.14935149
1,182,V,0.1263069
1,182,V,0.011148968
1,182,V,-0.041234694
1,182,V,-0.030003583
1,182,V,-0.0388982
1,182,V,-0.029853268
1,182,V,-0.031282082
1,182,V,-0.18078157
1,182,V,-0.121585555
1,182,V,-0.11506727
1,183,V,1.0
1,183,V,0.9998669
1,183,V,0.9992741
1,183,V,0.9968971
1,184,H,-0.35244074
1,184,H,-0.5444045
1,184,H,-0.58119917
1,184,H,-0.2943081
1,184,V,0.9997338
1,184,V,0.9639824
1,184,V,0.94988054
1,184,V,0.9488722
1,185,H,-0.29759872
1,185,H,-0.31080264
1,185,H,-0.26114038
1,185,H,-0.1069031
1,185,V,-0.3555037
1,186,V,-0.07216988
1,186,V,-0.004984875
1,186,V,-0.027913671
1,186,V,-0.019174924
1,186,V,-0.013295244
1,186,V,-0.023877317
1,186,V,0.18334018
1,187,H,-0.83170396
1,187,V,0.9555103
1,187,V,0.9998043
1,187,V,0.9974257
1,187,V,0.99983335
1,187,V,0.996773
1,188,H,-0.9486577
1,188,H,-0.9060443
1,188,H,-0.9040764
1,188,H,-0.65243906
1,188,H,1.0
1,188,H,1.0
1,188,H,1.0
1,189,H,-1.0
1,189,H,-1.0
1,189,H,-1.0
1,189,H,-1.0
1,189,V,-1.0
1,189,V,-1.0
1,189,V,-1.0
1,189,V,-1.0
1,190,H,1.0
1,190,H,1.0
1,190,H,1.0
1,190,H,1.0
1,190,V,1.0
1,190,V,1.0
1,190,V,1.0
1,190,V,1.0
1,191,H,-0.0034976264
1,191,H,0.13366343
1,191,H,0.31444895
1,191,H,-0.08680893
1,191,H,0.16429582
1,191,H,-0.029442769
1,191,H,0.050692227
1,191,H,-0.06586694
1,191,H,0.29350117
1,191,H,-0.09575367
1,191,H,0.061605543
1,191,H,0.15342517
1,191,H,0.31575808
1,191,H,0.10608014
1,191,H,0.04087126
1,191,H,0.30582297
1,191,V,0.025655685
1,191,V,-0.107934706
1,191,V,0.10294488
1,191,V,-0.11337907
1,191,V,0.24658178
1,191,V,-0.067487635
1,191,V,0.080027245
1,191,V,0.3365221
1,191,V,-0.02111704
1,191,V,-0.3076188
1,191,V,-0.36351234
1,191,V,0.16860309
1,191,V,0.09146693
1,192,H,0.31539673
1,192,H,0.21685536
1,192,H,0.10112758
1,192,H,-0.19223776
1,192,H,-0.039878454
1,192,H,-0.059057627
1,192,H,-0.0541923
1,192,H,-0.012319512
1,192,H,-0.20640005
1,192,H,-0.057781387
1,192,H,-0.06725202
1,192,H,-0.060894202
1,192,H,-0.017344574
1,192,H,-0.24542685
1,192,H,-0.1888097
1,192,H,-0.17235574
1,192,H,-0.14152499
1,192,V,-0.3981884
1,192,V,-0.4648566
1,192,V,-0.5175361
1,192,V,-0.080744155
1,192,V,-0.05074191
1,192,V,-0.0074421954
1,192,V,-0.019402059
1,192,V,-0.03317611
1,192,V,-0.035033315
1,192,V,-0.032645356
1,192,V,-0.033246987
1,192,V,-0.017624646
1,192,V,-0.023721516
1,192,V,0.011613728
1,192,V,0.039055444
1,192,V,0.010220941
1,192,V,0.025367042
1,192,V,0.067135796
1,193,H,-0.024369549
1,193,H,-0.2071586
1,193,H,-0.25977316
1,193,H,-0.32495087
1,193,H,-0.33243614
1,193,H,0.26723722
1,193,H,0.053024873
1,193,H,0.17715341
1,193,H,-0.101275146
1,193,H,0.31331763
1,193,H,0.06411656
1,193,H,-0.05911284
1,193,H,0.38108394
1,193,H,0.1986971
1,193,H,0.28240788
1,193,H,0.32189068
1,193,H,0.17078789
1,194,H,-0.819363
1,194,V,0.3541697
1,194,V,0.44498524
1,194,V,0.44197413
1,194,V,0.5084828
1,195,H,-0.5399122
1,195,H,-0.52155036
1,195,H,-0.35280028
1,195,V,-0.2812214
1,195,V,-0.018296437
1,195,V,-0.08705674
1,195,V,0.12651627
1,195,V,-0.06500255
1,195,V,0.12878415
1,196,V,-0.98631823
1,196,V,-0.9708389
1,196,V,-0.98469996
1,196,V,-0.8971101
1,197,H,0.9706982
1,197,H,0.5975428
1,197,H,0.56964785
1,197,H,0.59625965
1,197,V,0.30769446
1,197,V,0.29389364
1,197,V,0.83530724
1,197,V,0.13834488
1,197,V,0.12323194
1,197,V,0.023563405
1,197,V,0.8996624
1,198,H,-0.030322209
1,198,H,0.10068882
1,198,H,0.15795094
1,198,H,0.32467854
1,198,V,1.0
1,198,V,0.91024166
1,198,V,1.0
1,198,V,0.9796858
1,198,V,0.8217052
1,198,V,0.39491802
1,198,V,0.84681714
1,199,H,1.0
1,199,H,1.0
1,199,H,1.0
1,199,H,1.0
1,199,H,1.0
1,199,H,1.0
1,199,H,1.0
1,199,H,1.0
1,199,H,1.0
1,199,H,1.0
1,199,H,1.0
1,199,H,1.0
1,199,H,1.0
1,199,H,1.0
1,199,H,1.0
1,199,H,1.0
1,199,V,-0.9849553
1,199,V,-0.9905772
1,200,H,-0.41133982
1,200,H,0.9582131
1,200,H,0.797476
1,200,V,0.2541461
1,200,V,-0.5715998
1,200,V,-0.9827911
1,201,H,-0.9993087
1,201,H,-1.0
1,201,H,-1.0
1,201,H,-1.0
1,201,H,-0.99900234
1,201,H,-0.99880004
1,201,H,-0.99931216
1,201,H,-0.9791264
1,202,H,1.0
1,202,H,1.0
1,202,H,1.0
1,202,H,1.0
1,202,H,1.0
1,203,H,0.21731485
1,203,H,-0.4998249
1,203,H,-0.039582584
1,203,H,0.13102566
1,203,H,0.27420193
1,203,H,0.03599213
1,203,H,0.15034084
1,203,H,0.26174852
1,203,V,0.17867033
1,203,V,0.10040908
1,203,V,-0.24870043
1,203,V,-0.37886322
1,203,V,-0.71118367
1,203,V,-0.0038990628
1,203,V,-0.2159851
1,203,V,-0.31142348
1,203,V,-0.7036275
1,204,H,-0.99182016
1,204,H,-0.9974653
1,204,H,-0.99164695
1,204,H,-1.0
1,204,H,-1.0
1,204,H,-0.99982965
1,204,H,-1.0
1,204,V,-1.0
1,204,V,-1.0
1,204,V,-1.0
1,204,V,-1.0
1,204,V,-1.0
1,204,V,-1.0
1,204,V,-1.0
1,204,V,-1.0
1,204,V,-1.0
1,204,V,-1.0
1,204,V,-1.0
1,204,V,-1.0
1,204,V,-1.0
1,204,V,-1.0
1,204,V,-1.0
1,205,H,-0.85291606
1,205,H,-0.8267827
1,205,H,-0.937759
1,205,H,-0.9382281
1,205,H,-0.9594655
1,205,H,-0.8969474
1,205,H,-0.8696874
1,205,H,-0.9306596
1,205,H,-0.83807135
1,205,H,-0.9799949
1,205,H,-0.69111216
1,205,H,-0.5607489
1,205,H,-0.6595596
1,205,H,0.0037068783
1,206,H,1.0
1,206,V,-1.0
1,206,V,0.7420746
1,206,V,-1.0
1,207,H,0.9550137
1,207,H,0.9878905
1,207,H,0.9863927
1,207,H,0.99859565
1,207,V,1.0
1,207,V,1.0
1,207,V,1.0
1,208,V,1.0
1,208,V,1.0
1,208,V,0.96191186
1,209,H,-0.28763512
1,209,H,0.9845087
1,209,H,1.0
1,209,H,1.0
1,209,H,1.0
1,209,H,1.0
1,209,V,1.0
1,209,V,1.0
1,209,V,1.0
1,209,V,1.0
1,209,V,0.9958137
1,210,H,-0.56365377
1,210,H,-0.48018587
1,210,H,0.0030752406
1,210,V,-0.517487
1,210,V,-0.0007272426
1,210,V,-0.5081359
1,211,H,0.0039316015
1,211,H,-0.0863443
1,211,H,0.51695395
1,211,H,0.30732566
1,211,H,0.24915221
1,211,H,0.3023623
1,211,V,0.9993212
1,212,H,-0.9534337
1,212,H,-0.9195379
1,212,V,0.13106585
1,212,V,0.20789337
1,212,V,0.110515766
1,212,V,-0.18974574
1,212,V,-0.07385599
1,212,V,0.23113148
1,212,V,-0.083627485
1,212,V,-0.03613571
1,212,V,0.05359793
1,212,V,0.11607686
1,212,V,-0.4126256
1,212,V,-0.059996862
1,213,H,0.16947027
1,213,H,0.121797696
1,213,H,0.28625956
1,213,H,0.30606854
1,213,H,0.17065439
1,213,H,0.17910425
1,213,H,0.61043704
1,213,H,0.5576975
1,213,H,0.64792603
1,213,V,0.060956255
1,213,V,-0.14515027
1,213,V,-0.09192483
1,213,V,-0.4875657
1,213,V,-0.4914848
1,214,H,0.2088292
1,214,H,0.18397662
1,214,H,0.1602681
1,214,H,0.1438526
1,214,V,-0.1882902
1,215,H,-0.142053
1,215,H,-0.16821624
1,215,H,-0.1713053
1,215,H,-0.13039301
1,215,V,0.1410948
1,215,V,0.062279373
1,215,V,-0.07862084
1,215,V,-0.12467273
1,215,V,-0.08096721
1,216,H,0.14060268
1,216,H,0.16005975
1,216,H,0.047653787
1,216,H,-0.010288193
1,216,H,0.07706812
1,216,H,-0.055888485
1,216,H,0.008841995
1,216,H,0.07855226
1,216,H,-0.10184041
1,216,H,-0.11387863
1,216,H,0.055289973
1,216,V,0.8627006
1,216,V,0.82663167
1,217,H,1.0
1,217,H,-0.19630656
1,217,H,-0.021597428
1,217,H,-0.10211183
1,217,H,-0.18379371
1,217,H,-0.10992296
1,217,H,0.0106452955
1,217,H,-1.0
1,217,V,0.26048478
1,217,V,0.29251438
1,217,V,0.119379975
1,217,V,0.41771615
1,217,V,0.38756424
1,217,V,0.31674615
1,217,V,1.0
1,218,H,-0.99951875
1,218,H,-0.93274856
1,218,H,-0.8572304
1,218,H,-0.9438055
1,218,H,-0.9998561
1,218,H,-0.89740664
1,218,H,-0.8137497
1,218,H,-0.95397455
1,218,H,-1.0
1,218,H,-1.0
1,218,H,-0.999018
1,218,H,-1.0
1,218,V,-0.28139648
1,218,V,-0.26183987
1,218,V,0.15927513
1,218,V,-0.17843692
1,218,V,0.14018121
1,218,V,0.9113403
1,219,V,-0.06195799
1,219,V,-0.03322253
1,219,V,-0.024939103
1,219,V,0.028402718
1,219,V,-0.08145734
1,219,V,-0.030512234
1,219,V,-0.12630053
1,219,V,-0.052563813
1,219,V,-0.054057322
1,219,V,-0.051829603
1,219,V,-0.0674666
1,219,V,-0.040410604
1,219,V,-0.10869849
1,219,V,-0.15034488
1,219,V,-0.060804375
1,219,V,-0.090752095
1,219,V,-0.039373178
1,220,H,-0.028842742
1,220,H,0.06306611
1,220,V,0.98924685
1,220,V,0.96657026
1,220,V,0.94943684
1,220,V,0.9873601
1,220,V,1.0
1,220,V,0.9614914
1,220,V,0.90688086
1,220,V,0.9916718
1,221,H,0.11475608
1,221,H,-0.028034449
1,221,H,0.03426247
1,221,H,-0.4254783
1,221,V,-0.99773127
1,221,V,-0.62540776
1,221,V,-0.6448163
1,221,V,-0.5567315
1,222,H,0.0057242815
1,222,H,-0.103366844
1,222,H,0.07359391
1,222,H,-0.12109181
1,222,H,-0.06965946
1,222,H,-0.082638405
1,222,H,-0.11592502
1,222,V,-0.94043875
1,222,V,-0.98199755
1,222,V,-0.9716901
1,222,V,-0.9762922
1,222,V,-0.95358425
1,223,H,0.1450014
1,223,H,-0.029101426
1,223,H,0.063193694
1,223,H,0.058493104
1,223,H,0.08687916
1,223,H,0.06865844
1,223,H,0.035555903
1,223,H,-0.016255403
1,223,V,-0.03690911
1,223,V,-0.17827165
1,223,V,-0.066193625
1,223,V,-0.10694805
1,223,V,-0.05260441
1,223,V,-0.08447146
1,223,V,0.017775433
1,223,V,-0.04598283
1,224,H,0.9717587
1,224,V,0.9983163
1,225,H,-0.18880503
1,225,H,-0.049678538
1,225,H,0.04617599
1,225,H,0.16598608
1,225,V,-0.11876204
1,225,V,-0.21326157
1,225,V,-0.21770985
1,225,V,-0.16195199
1,225,V,-0.1424666
1,226,H,0.72855616
1,226,H,-0.99140596
1,226,H,0.63501054
1,226,H,-0.96399087
1,226,H,0.6163686
1,226,H,-0.9874414
1,226,H,0.5532944
1,227,H,0.9719706
1,227,H,0.9498626
1,227,H,0.9943465
1,227,H,0.9992359
1,227,V,-0.2600747
1,227,V,-0.2338011
1,227,V,-0.08597173
1,227,V,-0.2450435
1,227,V,-0.08025754
1,227,V,-0.26826054
1,228,H,0.15643348
1,228,H,0.21606997
1,228,H,0.24639308
1,228,H,0.19142172
1,229,H,-0.34535328
1,229,H,-0.46553242
1,229,H,-0.1771021
1,229,H,-0.14544986
1,229,H,-0.116450846
1,229,H,-0.17751877
1,229,H,0.19514522
1,229,H,0.1918678
1,230,H,-1.0
1,230,H,1.0
1,230,V,1.0
1,231,H,-0.24008042
1,231,H,0.0547692
1,231,H,-0.0031209714
1,231,H,-0.010180747
1,231,H,0.15597272
1,231,H,0.00898662
1,231,H,-0.06665385
1,231,H,-0.14100635
1,231,H,-0.116766356
1,231,V,-0.08928712
1,231,V,-0.06442805
1,231,V,0.043636594
1,231,V,0.03516063
1,231,V,0.02995825
1,231,V,0.008146215
1,231,V,0.05415072
1,231,V,0.038436677
1,231,V,0.054676402
1,231,V,0.030043876
1,231,V,-0.00560059
1,232,H,-0.4241886
1,232,H,-0.635561
1,232,H,-0.55577934
1,232,H,-0.7120987
1,232,H,0.7054269
1,232,H,0.7926729
1,232,H,0.7855551
1,232,H,0.84037125
1,232,H,0.8648115
1,232,V,-0.84767634
1,233,H,1.0
1,234,V,-0.13352132
1,234,V,-0.13677585
1,234,V,-0.20974913
1,234,V,-0.17862417
1,234,V,-0.14360002
1,234,V,-0.22515465
1,234,V,-0.23997782
1,234,V,-0.24695383
1,234,V,-0.29121718
1,235,H,-0.09877811
1,235,H,-0.1315776
1,235,H,0.16787285
1,235,H,0.077718385
1,235,H,0.07215142
1,235,H,0.1393966
1,235,V,0.089245565
1,235,V,0.025213685
1,235,V,0.0019207872
1,235,V,-0.1519501
1,235,V,-0.07292627
1,235,V,-0.13852435
1,235,V,-0.12491468
1,235,V,-0.04097626
1,235,V,-0.06134982
1,235,V,0.19981992
1,235,V,0.18940888
1,236,H,0.14746508
1,236,H,0.081250764
1,236,H,0.005161364
1,236,H,-0.033619475
1,236,H,-0.039273795
1,236,H,0.026805656
1,236,H,-0.031075433
1,236,H,-0.0023261867
1,236,V,0.14326358
1,236,V,0.17372277
1,236,V,0.15954372
1,236,V,0.10609387
1,236,V,0.12469592
1,236,V,0.1431925
1,236,V,-0.042381313
1,236,V,0.018025778
1,236,V,0.07803285
1,237,H,-0.0035651424
1,237,H,0.050018333
1,237,H,0.11927741
1,237,H,0.107538685
1,238,H,-0.09648454
1,238,H,-0.2302368
1,238,H,-0.2321163
1,238,H,-0.23435484
1,238,H,-0.30149353
1,238,V,0.21661752
1,238,V,0.08444163
1,238,V,0.15289171
1,238,V,-0.016259927
1,238,V,0.12602317
1,238,V,-0.015496675
1,238,V,0.103943855
1,238,V,-0.009551892
1,239,H,0.20629549
1,239,H,0.5726154
1,239,H,0.5678837
1,239,H,0.69115514
1,239,V,-0.5801144
1,239,V,-0.99933004
1,239,V,-0.9997719
1,239,V,-0.9999298
1,240,H,0.8251142
1,240,H,0.8081587
1,240,H,0.9677277
1,240,H,-0.33901653
1,240,H,0.087404236
1,240,H,0.16184466
1,240,H,0.14412186
1,240,H,0.5840373
1,240,H,-0.26278672
1,240,H,0.08600901
1,240,H,0.10279252
1,240,H,0.14793073
1,240,H,0.5903341
1,240,H,-0.54995483
1,240,H,-0.15800233
1,240,H,-0.20417807
1,240,H,-0.12049383
1,240,V,-0.75366634
1,240,V,-0.3129411
1,240,V,-0.38894892
1,240,V,0.16071118
1,240,V,0.24662957
1,240,V,0.18423831
1,240,V,0.8411607
1,240,V,-0.30769995
1,240,V,0.16530378
1,240,V,0.31547967
1,240,V,0.20077729
1,240,V,0.8607034
1,240,V,0.7935116
1,241,H,0.4628574
1,241,H,0.27780554
1,241,H,0.25641328
1,241,H,0.58215386
1,241,H,0.5971173
1,241,H,0.3918918
1,241,H,0.15556665
1,241,H,0.38518137
1,241,H,0.22853158
1,241,H,0.03495123
1,241,H,0.21524082
1,241,H,0.26934063
1,241,V,0.7257792
1,241,V,0.45459992
1,241,V,0.19156192
1,242,H,0.99908185
1,242,H,0.99425954
1,242,H,0.8640612
1,242,H,0.8481959
1,242,H,0.5578653
1,242,V,-0.9822357
1,242,V,-0.9898492
1,242,V,-0.9705252
1,242,V,-0.99470985
1,242,V,-0.9941638
1,242,V,-0.98696554
1,242,V,-0.93924767
1,242,V,-1.0
1,242,V,-0.98877895
1,242,V,-0.9750479
1,242,V,-0.9902746
1,242,V,-0.9803315
1,242,V,-0.9569861
1,242,V,-0.96995556
1,243,H,0.589369
1,243,H,-0.059925325
1,243,H,0.23522241
1,243,H,-0.28279683
1,243,H,0.19669722
1,243,H,0.14355096
1,243,H,0.37089694
1,243,H,0.20067893
1,243,H,0.47031844
1,243,H,0.13173983
1,243,V,-0.101992555
1,243,V,0.09159462
1,243,V,-0.15253371
1,243,V,-0.33680272
1,243,V,-0.0023236654
1,243,V,0.025726452
1,243,V,-0.12936229
1,243,V,-0.5063896
1,243,V,-0.52327
1,244,V,-1.0
1,244,V,-1.0
1,244,V,-1.0
1,245,H,0.33213755
1,245,H,0.09397947
1,245,H,0.16689938
1,245,H,0.13071755
1,245,H,0.19629066
1,245,H,0.029185973
1,245,V,0.48094746
1,245,V,0.4900922
1,245,V,0.5752894
1,246,V,-0.27407634
1,246,V,-0.39250964
1,246,V,-0.388346
1,246,V,-0.3811971
1,247,H,-1.0
1,247,H,-1.0
1,247,H,-1.0
1,247,H,-0.9976399
1,247,V,1.0
1,247,V,0.9975958
1,247,V,1.0
1,247,V,1.0
1,247,V,1.0
1,248,V,-0.3817964
1,248,V,-0.2954091
1,248,V,-0.33941862
1,248,V,-0.42361692
1,248,V,-0.2773407
1,248,V,-0.18877292
1,248,V,-0.18660076
1,248,V,-0.38482565
1,248,V,-0.2191148
1,248,V,-0.16473901
1,248,V,-0.09023776
1,248,V,-0.21216431
1,248,V,-0.0051340056
1,248,V,-0.25338036
1,248,V,0.028523294
1,248,V,-0.02306809
1,249,H,0.042902403
1,249,H,0.02219267
1,249,H,-0.24730505
1,249,H,-0.14775687
1,249,H,-0.18887727
1,249,V,-0.032369662
1,249,V,0.08645245
1,249,V,-0.02605065
1,249,V,0.38609487
1,250,H,0.136207
1,250,H,0.23083983
1,250,H,0.19702613
1,250,H,-0.009684667
1,250,H,0.05250237
1,250,H,0.11493259
1,250,H,0.083879575
1,250,H,0.09904877
1,250,V,0.04269754
1,250,V,-0.15273993
1,250,V,-0.08104045
1,250,V,-0.10662781
1,250,V,0.10114493
1,250,V,-0.12997164
1,250,V,-0.34438822
1,250,V,0.10345582
1,250,V,-0.08524909
1,250,V,-0.105876364
1,250,V,-0.16148762
1,250,V,-0.012178195
1,250,V,-0.12322899
1,251,H,-1.0
1,251,H,-1.0
1,251,H,-1.0
1,251,H,-1.0
1,251,V,-0.99125296
1,251,V,-0.99524814
1,251,V,-0.99455386
1,251,V,-0.9962986
1,252,H,0.33165446
1,252,V,1.0
1,252,V,1.0
1,252,V,1.0
1,252,V,0.99684656
1,252,V,1.0
1,252,V,1.0
1,253,H,0.1808774
1,253,H,0.025103299
1,253,H,0.10823325
1,253,H,0.0025236714
1,253,H,-0.03544341
1,253,H,-0.040871326
1,253,H,-0.141391
1,253,V,-0.921649
1,253,V,-0.9540446
1,253,V,-0.9405695
1,253,V,-0.95101637
1,253,V,-0.94490623
1,254,H,0.2748991
1,254,H,0.09647367
1,254,H,0.12041982
1,254,H,-0.07873151
1,254,H,0.01902379
1,255,H,-0.9577181
1,255,H,-0.83269787
1,255,H,-0.89469945
1,255,H,-0.8904441
1,255,H,-0.7908177
1,255,V,-0.03097705
1,255,V,-0.11081131
1,255,V,0.038087863
1,255,V,0.017218912
1,255,V,0.050589148
1,255,V,0.14045176
1,256,H,-1.0
1,256,H,-1.0
1,256,H,-1.0
1,256,H,-1.0
1,256,V,1.0
1,256,V,1.0
1,256,V,1.0
1,256,V,1.0
1,257,H,-0.59264266
1,257,H,-0.42081618
1,257,H,0.092616424
1,257,V,0.097978
1,257,V,0.26910543
1,257,V,0.15058018
1,257,V,-0.61256033
1,258,H,-1.0
1,258,H,-1.0
1,258,H,-1.0
1,258,H,-1.0
1,258,H,-1.0
1,258,V,0.99792093
1,258,V,0.9927101
1,258,V,0.99087
1,258,V,-0.9996737
1,258,V,-1.0
1,258,V,-1.0
1,258,V,-0.99990016
1,258,V,-1.0
1,259,H,-0.054342635
1,259,H,0.102413364
1,259,H,0.08209146
1,259,H,0.077004656
1,259,H,0.07825315
1,259,V,-0.20962228
1,259,V,-0.10089203
1,259,V,-0.016182516
1,259,V,-0.07179554
1,259,V,0.077704996
1,259,V,-0.011490223
1,259,V,-0.0328878
1,259,V,0.07250555
1,259,V,0.03187941
1,259,V,0.14822629
1,260,V,0.8449072
1,260,V,0.8058507
1,260,V,0.8664802
1,260,V,0.700611
1,261,H,1.0
1,261,V,1.0
1,261,V,-1.0
1,261,V,1.0
1,261,V,-1.0
1,261,V,1.0
1,261,V,-1.0
1,261,V,1.0
1,262,V,-0.8172325
1,262,V,-0.25678322
1,262,V,-0.27851385
1,262,V,-0.121185884
1,263,H,0.3661684
1,263,H,0.23027706
1,263,H,0.25275734
1,263,H,0.50923723
1,263,V,-0.23099862
1,263,V,-0.98829275
1,263,V,-0.98024327
1,263,V,-0.9955968
1,264,H,0.9420112
1,264,V,-0.99631846
1,265,V,-0.2754033
1,265,V,-0.1493202
1,265,V,-0.164055
1,265,V,-0.12209643
1,265,V,-0.25113127
1,265,V,-0.09679868
1,265,V,-0.03451602
1,265,V,-0.054785494
1,265,V,-0.22205622
1,265,V,-0.09984823
1,265,V,-0.015381883
1,265,V,-0.04857596
1,265,V,-0.4009878
1,265,V,-0.12368208
1,265,V,-0.14849791
1,265,V,-0.057301465
1,266,H,1.0
1,266,H,1.0
1,266,H,1.0
1,266,H,0.93878645
1,266,V,0.84893936
1,266,V,0.8833444
1,266,V,0.91521317
1,266,V,0.6119063
1,266,V,-0.6133476
1,267,H,0.30355373
1,267,H,-0.4270008
1,267,H,-0.40498343
1,267,H,-0.38517615
1,267,H,-0.34994382
1,267,H,1.0
1,267,H,1.0
1,267,H,1.0
1,267,V,0.9829219
1,267,V,0.87443894
1,267,V,0.90797573
1,267,V,0.82528234
1,267,V,0.81496346
1,267,V,-0.111103915
1,267,V,-0.5348844
1,267,V,-0.84806055
1,267,V,-0.71761805
1,268,H,0.0916939
1,268,H,0.076646455
1,268,H,0.08567914
1,268,H,0.09099415
1,269,H,-1.0
1,269,H,-0.947989
1,269,H,-0.7975642
1,269,H,-0.7099395
1,269,H,-0.18639748
1,269,H,0.21732347
1,269,V,-0.9873736
1,269,V,-0.98322845
1,269,V,-0.9891918
1,270,V,0.4258208
1,270,V,0.3569481
1,270,V,0.34639516
1,270,V,0.18333173
1,271,H,1.0
1,271,H,1.0
1,271,H,1.0
1,271,H,1.0
1,271,V,-1.0
1,271,V,-1.0
1,271,V,-1.0
1,271,V,-1.0
1,272,V,0.0846227
1,272,V,-0.045904487
1,272,V,-0.15329655
1,272,V,-0.06627916
1,272,V,-0.0718094
1,273,H,0.98459643
1,273,H,1.0
1,273,H,1.0
1,273,H,1.0
1,273,H,1.0
1,273,V,1.0
1,273,V,1.0
1,273,V,1.0
1,273,V,0.9921761
1,273,V,-0.030583045
1,274,V,0.18404129
1,274,V,-0.020954259
1,274,V,-0.055684898
1,274,V,-0.04926408
1,274,V,-0.030500503
1,274,V,-0.020278296
1,274,V,-0.018736633
1,274,V,-0.029969739
1,274,V,-0.053866915
1,275,H,0.33432552
1,275,H,0.25640523
1,275,H,0.20578079
1,275,H,0.29093924
1,275,H,0.12839957
1,275,V,0.0008407993
1,275,V,0.14820653
1,275,V,-0.04607648
1,275,V,0.1295558
1,275,V,-0.053354695
1,275,V,0.32534087
1,276,H,-0.26547927
1,276,H,-0.08072965
1,276,H,-0.0012441973
1,276,H,-0.29581046
1,276,H,-0.14695124
1,276,H,0.00962012
1,276,H,-0.48815256
1,276,V,-0.36069396
1,276,V,0.041528787
1,276,V,-0.033785198
1,276,V,-0.061233476
1,276,V,-0.09156437
1,276,V,0.23672
1,276,V,0.24569747
1,276,V,-0.11418438
1,276,V,0.09587234
1,276,V,0.3603191
1,276,V,0.02385219
1,276,V,0.59979767
1,276,V,-0.17560452
1,276,V,0.35509956
1,276,V,0.2930308
1,277,H,-0.47333923
1,277,H,-0.011189586
1,277,H,-0.3851203
1,277,H,-0.031079749
1,277,H,-0.31890494
1,277,H,-0.0007431134
1,277,H,-0.52492523
1,278,V,0.020037895
1,278,V,-0.109445885
1,278,V,-0.12588075
1,278,V,-0.10049727
1,279,H,-0.98527616
1,279,H,-0.9826102
1,279,H,-0.9816777
1,279,H,-0.99869835
1,279,V,0.9998091
1,279,V,0.99959755
1,279,V,1.0
1,280,H,0.45076403
1,280,H,0.46625835
1,280,H,-0.4446122
1,280,H,0.50417596
1,280,H,-0.40100718
1,280,V,0.09213203
1,280,V,-0.31145597
1,280,V,-0.3603327
1,280,V,-0.83507174
1,280,V,0.3205646
1,280,V,-0.21691798
1,280,V,-0.33361056
1,280,V,-0.8868094
1,280,V,0.33358043
1,280,V,-0.14743422
1,280,V,-0.2533367
1,280,V,0.36584926
1,281,H,0.64035285
1,281,H,0.6438641
1,281,H,0.60060275
1,281,H,-0.5307579
1,281,H,0.35287574
1,281,H,0.49323386
1,281,H,0.44265667
1,281,H,0.71714485
1,281,V,0.73596615
1,281,V,0.8305537
1,281,V,0.75931424
1,281,V,0.11243628
1,281,V,0.7737413
1,282,H,-0.99179506
1,282,V,-0.15597199
1,282,V,-0.21584085
1,282,V,-0.20647427
1,282,V,-0.019917104
1,283,H,-0.042196345
1,283,H,-0.36716315
1,283,H,-0.14059465
1,283,H,-0.069702804
1,283,H,-0.11548402
1,283,V,-0.08003287
1,283,V,-0.4054359
1,284,V,-1.0
1,284,V,-0.42049068
1,284,V,-0.42395177
1,284,V,-0.27274492
1,285,H,-0.852575
1,285,H,-0.8130316
1,285,H,0.9772746
1,285,H,0.9769141
1,285,H,0.988876
1,285,V,0.9938759
1,285,V,0.9866626
1,285,V,0.9512102
1,285,V,0.9829497
1,285,V,-0.7741133
1,286,V,0.5597524
1,287,H,-1.0
1,287,H,-1.0
1,287,H,-1.0
1,287,H,-0.9996014
1,287,V,-1.0
1,287,V,-1.0
1,288,H,-0.4792249
1,288,H,-0.14732224
1,288,H,-0.66145813
1,288,H,-0.6446142
1,288,H,-0.7793516
1,289,H,-0.8888327
1,289,H,-0.9748358
1,289,H,-0.9615542
1,289,H,-0.7584769
1,289,H,0.7736623
1,289,H,0.87683856
1,289,H,0.8366391
1,290,H,0.09385664
1,290,V,-0.9630854
1,290,V,-0.253407
1,290,V,-0.58325064
1,290,V,-0.11652905
1,290,V,-0.31642917
1,290,V,-0.6327018
1,290,V,-0.13767716
1,291,H,0.08206918
1,291,H,-0.046785202
1,291,H,-0.029284095
1,291,H,0.07744636
1,291,H,-0.121448934
1,291,H,0.05774324
1,291,H,-0.053798474
1,291,H,0.052912015
1,291,H,-0.030530935
1,291,H,0.09267855
1,291,H,0.08410711
1,291,H,0.11535727
1,292,H,0.6018964
1,292,V,0.9506215
1,292,V,1.0
1,292,V,0.9990391
1,293,H,-0.26162553
1,293,H,-0.2724985
1,293,H,-0.33071664
1,293,H,-0.09946377
1,293,H,-0.568746
1,293,H,-0.16922113
1,293,H,-0.1421207
1,293,H,-0.15015432
1,293,H,-0.039486222
1,293,H,-0.5271993
1,293,H,-0.17824353
1,293,H,-0.1711382
1,293,H,-0.17432632
1,293,H,-0.03194237
1,293,H,-0.40972733
1,293,H,-0.18372415
1,293,H,-0.15857078
1,293,H,-0.18168254
1,293,H,0.1558646
1,293,V,0.41173017
1,293,V,0.49422377
1,293,V,0.5478123
1,293,V,0.6400517
1,293,V,0.23577958
1,293,V,0.30491754
1,293,V,0.239424
1,293,V,0.2240211
1,293,V,0.29178616
1,294,H,-0.983365
1,294,H,-0.53202635
1,294,H,-0.08226279
1,294,H,0.22330993
1,294,V,0.9670508
1,295,H,-0.21075615
1,295,H,-0.37905362
1,296,H,0.2701801
1,296,V,-0.96065426
1,296,V,-0.9872786
1,296,V,-0.97581315
1,296,V,-0.39046463
1,296,V,-0.5419234
1,296,V,-0.4924758
1,296,V,-0.4678515
1,296,V,-0.6159813
1,296,V,-0.5722426
1,297,H,-0.37804523
1,297,H,-0.37674528
1,297,H,-0.15593286
1,297,H,-0.4704293
1,297,H,-0.071759865
1,297,H,-1.0
1,297,H,-1.0
1,297,V,0.49180543
1,297,V,0.48210874
1,297,V,0.59765863
1,297,V,0.88043714
1,297,V,0.5687035
1,297,V,0.45520297
1,297,V,0.69129795
1,297,V,0.64656615
1,297,V,0.86874735
1,297,V,0.69082105
1,297,V,1.0
1,297,V,1.0
1,297,V,1.0
1,297,V,1.0
1,297,V,1.0
1,298,V,0.11203989
1,298,V,0.12183935
1,298,V,0.08094054
1,299,H,0.22090144
1,299,H,0.34198207
1,299,H,0.3657441
1,299,H,0.15880342
1,299,V,0.2551291
1,299,V,0.38343635
1,299,V,0.45351025
1,299,V,0.21525715
1,299,V,-0.2141838
1,299,V,-0.22845353
1,300,H,0.99959546
1,300,H,0.99445844
1,300,H,0.99294287
1,300,V,-0.42298603
1,300,V,-0.30259594
1,300,V,-0.3142625
1,300,V,-0.08769665
1,301,H,-0.67247844
1,301,H,-0.1274728
1,302,H,0.3448491
1,302,H,0.5298012
1,302,H,0.56905854
1,302,H,0.2902838
1,302,V,0.9625788
1,302,V,0.93453807
1,302,V,0.93443525
1,302,V,0.80050284
1,303,H,1.0
1,303,H,1.0
1,303,H,1.0
1,303,H,1.0
1,303,V,0.99991375
1,303,V,1.0
1,303,V,1.0
1,303,V,1.0
1,304,H,-0.8472557
1,304,H,-0.97973233
1,304,H,-0.9838369
1,304,H,-0.98512185
1,304,V,-0.2653005
1,304,V,-0.08241946
1,304,V,-0.06944217
1,304,V,-0.07134354
1,305,H,0.23201013
1,305,H,0.11526401
1,305,H,0.081508
1,305,H,-0.27319077
1,306,H,-0.2976788
1,306,H,0.0247613
1,306,H,-0.16525164
1,306,H,-0.28339297
1,306,H,-0.27584708
1,306,H,0.008610433
1,306,H,-0.98808193
1,306,H,-0.97752136
1,306,V,0.10102646
1,306,V,0.17657104
1,306,V,0.091833785
1,306,V,0.16143303
1,306,V,0.30272982
1,306,V,0.15433803
1,306,V,0.66422176
1,306,V,0.93949276
1,306,V,0.82984143
1,307,H,0.13137132
1,307,H,0.10262167
1,307,H,0.2096534
1,307,H,0.018891584
1,307,H,0.11722017
1,307,H,0.18962574
1,307,H,0.16759935
1,307,H,0.045016877
1,308,H,-0.09083501
1,308,H,-0.2114852
1,308,H,-0.19746304
1,308,H,-0.15551193
1,308,H,-0.1227732
1,308,H,0.07293209
1,308,H,-0.029946683
1,308,H,-0.063448586
1,308,H,-0.035539165
1,308,H,-0.024775106
1,308,H,0.053038687
1,308,H,-0.08290449
1,308,H,-0.04862234
1,308,H,-0.019831086
1,308,H,-0.014473182
1,308,H,0.1823356
1,308,H,-0.013604983
1,308,H,0.0041110585
1,308,H,-0.06909213
1,308,H,0.12294414
1,309,H,0.046165258
1,309,H,0.06750093
1,309,H,0.0067130313
1,309,H,0.1497664
1,309,V,-0.9998003
1,309,V,-1.0
1,309,V,-0.9982675
1,310,H,-0.09860321
1,310,H,-0.082110696
1,310,H,-0.038412713
1,310,H,-0.056234363
1,310,H,-0.037930597
1,310,H,-0.04811877
1,310,V,0.15541531
1,310,V,0.14673686
1,311,H,-0.14739537
1,311,H,-0.23322907
1,311,H,-0.047396846
1,311,H,-0.108526796
1,311,H,-0.036289718
1,311,H,-0.051653028
1,311,H,-0.03251954
1,311,H,0.023580862
1,311,V,0.27019897
1,311,V,0.3615755
1,311,V,0.35146734
1,311,V,0.33146366
1,311,V,0.14590928
1,311,V,0.22042748
1,312,H,0.18507761
1,312,H,0.42902365
1,312,H,0.43349344
1,312,H,0.44576532
1,312,H,0.71167624
1,312,V,-0.40408874
1,312,V,-0.26089925
1,312,V,-0.10533382
1,312,V,-0.24922346
1,312,V,-0.07455055
1,312,V,-0.28933248
1,312,V,0.07553443
1,313,H,-0.70095444
1,313,H,-0.8396132
1,313,H,0.082020484
1,313,H,0.2738793
1,313,H,0.3426972
1,313,V,-0.73494035
1,313,V,-0.71663904
1,313,V,-0.78653574
1,314,H,0.12423021
1,314,H,0.37722892
1,314,H,0.3919522
1,314,H,0.44032198
1,315,H,-0.3016015
1,315,H,-0.39884332
1,315,H,-0.403959
1,315,H,-0.5960422
1,315,H,-0.7576235
1,315,V,-0.3399353
1,315,V,-0.28822285
1,315,V,-0.41491142
1,315,V,-0.6086924
1,315,V,-0.42694536
1,315,V,-0.61131334
1,315,V,-0.5463833
1,316,H,-1.0
1,316,H,-1.0
1,316,H,-1.0
1,316,H,-1.0
1,316,V,1.0
1,316,V,1.0
1,316,V,1.0
1,316,V,1.0
1,317,V,0.99825156
1,317,V,0.9222227
1,317,V,0.91349494
1,317,V,0.17052738
1,318,H,-0.9991056
1,318,H,-1.0
1,318,H,-1.0
1,318,H,-1.0
1,318,V,-1.0
1,318,V,-1.0
1,318,V,-1.0
1,319,H,0.22843699
1,319,H,0.37269956
1,319,H,-0.041462705
1,319,H,0.021892857
1,319,H,0.071146436
1,319,H,0.07938924
1,319,H,0.10342913
1,319,H,0.28683499
1,319,H,0.36950895
1,319,H,-0.0054778573
1,319,V,0.7449502
1,319,V,-0.118621185
1,319,V,0.76940525
1,319,V,0.10745273
1,319,V,0.22257125
1,319,V,0.12188246
1,319,V,0.6758811
1,319,V,0.124414854
1,319,V,0.31187916
1,319,V,0.13631871
1,319,V,0.7247277
1,319,V,-0.17559966
1,319,V,-0.042546287
1,319,V,0.112185225
1,319,V,-0.2835624
1,320,H,-0.22311543
1,320,H,-0.34348607
1,320,H,-0.20633143
1,320,H,-0.5768298
1,320,H,-0.34429216
1,320,V,-0.61074114
1,320,V,-0.66445124
1,320,V,-0.4870717
1,320,V,-0.48745072
1,320,V,-0.649682
1,320,V,-0.45648706
1,320,V,-0.743374
1,321,H,0.18099566
1,321,H,-0.015178568
1,321,H,-0.08572004
1,321,V,0.006861963
1,321,V,0.030629775
1,321,V,-0.060326733
1,321,V,0.15786038
1,321,V,0.06879549
1,322,H,0.042967055
1,322,H,0.0921982
1,322,H,0.29321647
1,322,H,-0.1254387
1,322,H,0.098119766
1,322,H,-0.05176826
1,322,H,0.03561424
1,322,H,0.16421488
1,322,H,-0.12101449
1,322,H,0.027990352
1,322,H,0.14147548
1,322,H,-0.08804716
1,322,H,-0.07349381
1,322,H,-0.14391413
1,322,H,0.119119585
1,323,V,0.03546349
1,323,V,-0.08574984
1,323,V,0.27154672
1,323,V,-0.14775607
1,323,V,0.2722223
1,323,V,0.03552811
1,323,V,0.30167383
1,323,V,-0.01700995
1,323,V,-0.41645828
1,323,V,0.11345595
1,324,V,0.7714724
1,324,V,-0.9892455
1,325,H,-0.5539146
1,325,H,-0.29081643
1,325,H,-0.17106196
1,326,H,0.62013084
1,326,H,0.71646404
1,326,H,0.7645783
1,326,H,0.5115931
1,326,V,0.359267
1,326,V,-0.08259018
1,326,V,0.40539393
1,326,V,-0.13910137
1,326,V,0.34721154
1,326,V,-0.115313895
1,326,V,-0.13998574
1,327,V,0.039216768
1,327,V,0.98501277
1,327,V,0.50583386
1,327,V,0.4033854
1,327,V,0.99458843
1,327,V,0.5565893
1,328,H,0.17582491
1,328,H,-0.51452565
1,328,H,-0.12818712
1,328,H,-0.6990607
1,328,H,-0.57656777
1,328,H,-0.13578522
1,328,H,-0.44649303
1,328,H,0.041060843
1,328,H,-0.5777655
1,328,H,-0.5725281
1,329,H,0.38346374
1,329,H,0.5392451
1,329,H,0.32458526
1,329,H,0.16344535
1,329,H,0.55004394
1,329,H,0.63619375
1,329,H,0.17402774
1,329,V,-0.56778246
1,329,V,-0.01997743
1,329,V,-0.10934041
1,329,V,-0.3557423
1,329,V,0.028067196
1,329,V,-0.17857836
1,329,V,-0.033232808
1,330,H,0.024658421
1,330,H,0.0040025585
1,330,H,-0.024018845
1,330,H,-0.00870626
1,330,H,0.05228964
1,330,H,0.016217327
1,330,H,-0.0052059465
1,330,H,0.00010939188
1,330,H,0.058285695
1,330,H,0.04627166
1,330,H,0.095103264
1,330,H,0.0746009
1,331,V,0.5196647
1,331,V,0.19907352
1,331,V,0.24681282
1,331,V,0.2651541
1,331,V,-0.094320655
1,331,V,0.443155
1,331,V,0.029351464
1,331,V,0.05495284
1,331,V,0.045516584
1,331,V,-0.24920076
1,331,V,0.39568526
1,331,V,0.0691762
1,331,V,0.09370828
1,331,V,0.049527314
1,331,V,-0.24997443
1,331,V,0.1990216
1,331,V,0.12416302
1,331,V,0.14888385
1,331,V,-0.37154245
1,332,H,-0.35880902
1,332,H,-0.39225984
1,332,H,-0.50555956
1,332,H,-0.24021922
1,332,H,-0.2968887
1,332,H,-0.34043407
1,332,V,0.16189232
1,333,H,0.31623948
1,333,H,0.5075703
1,333,H,0.20298441
1,333,H,-0.86800206
1,333,H,-0.10905884
1,333,H,-0.08129606
1,333,H,-0.1358198
1,333,H,-0.8531757
1,333,H,-0.101251364
1,333,H,-0.106371626
1,333,H,-0.06497462
1,333,H,-0.7532145
1,333,H,-0.3210415
1,333,H,-0.4407129
1,333,H,-0.24219634
1,333,V,-0.84728885
1,333,V,-0.84895664
1,333,V,-0.01284819
1,333,V,0.7640503
1,333,V,-0.83290434
1,333,V,0.063669786
1,333,V,0.040694207
1,334,H,-0.03388902
1,334,H,0.025819533
1,334,H,0.019888977
1,334,H,0.0121573545
1,334,H,0.020166315
1,334,H,0.0075267293
1,334,H,-0.117360175
1,334,H,-0.06802832
1,334,V,-0.0545602
1,334,V,-0.005326692
1,334,V,-0.0015375841
1,334,V,0.015027281
1,334,V,0.13492228
1,334,V,-0.10237074
1,334,V,0.025886135
1,334,V,0.0031488237
1,334,V,0.018143393
1,334,V,0.09444317
1,334,V,0.24174717
1,334,V,0.18187739
1,334,V,0.18509951
1,335,H,-0.0020748791
1,335,H,-0.088713475
1,335,H,-0.064138174
1,335,H,0.03973472
1,335,H,-0.06255063
1,335,H,-0.13309939
1,335,H,-0.010050657
1,335,H,0.004382656
1,335,H,-0.15286943
1,335,V,-0.2109346
1,335,V,-0.1648686
1,335,V,-0.26864913
1,335,V,0.10316318
1,335,V,-0.06573575
1,335,V,0.018537074
1,335,V,-0.0399664
1,335,V,-0.14165516
1,335,V,0.030628273
1,335,V,0.098573655
1,335,V,-0.112694465
1,335,V,-0.10481497
1,336,H,-0.24175225
1,336,H,-0.0682965
1,336,H,-0.13328497
1,336,H,-0.23754892
1,336,H,-0.033650015
1,336,H,-0.0059253764
1,336,V,-0.10121858
1,336,V,-0.22480501
1,336,V,-0.38378423
1,336,V,-0.34902135
1,336,V,0.019353667
1,336,V,-0.26988363
1,336,V,-0.32223707
1,336,V,-0.41437265
1,336,V,-0.04367194
1,337,H,0.37244162
1,337,H,0.30114755
1,337,H,0.30767855
1,337,H,0.2288673
1,337,V,-0.98802274
1,338,V,-0.8999533
1,339,V,1.0
1,339,V,0.9999873
1,339,V,0.99925965
1,339,V,0.99901915
1,339,V,1.0
1,339,V,-1.0
1,339,V,-1.0
1,339,V,-1.0
1,339,V,-1.0
1,339,V,-1.0
1,340,H,-0.24745071
1,340,H,-0.27840313
1,340,H,-0.29297978
1,340,H,-0.6194799
1,340,V,-0.6613107
1,340,V,-0.5043228
1,340,V,-0.5233518
1,340,V,-0.4575248
1,341,H,0.84644485
1,342,H,-0.9237819
1,342,H,-0.85153186
1,342,H,-0.70729256
1,342,H,-0.90031433
1,342,H,-0.9846225
1,342,H,-0.9841938
1,342,H,-0.9488092
1,342,V,0.37026793
1,342,V,-0.69255733
1,342,V,-0.88495827
1,342,V,-0.74340963
1,342,V,-0.99062514
1,343,H,0.444293
1,343,H,0.40854904
1,343,H,0.3150124
1,343,H,0.29637712
1,343,V,-0.063988805
1,343,V,-0.11243284
1,344,V,0.3868407
1,344,V,0.65445334
1,344,V,0.6553401
1,344,V,0.6928369
1,344,V,0.5357366
1,345,H,-0.34807542
1,345,H,-0.25038695
1,345,H,-0.16738303
1,345,H,-0.070285484
1,345,H,-0.083613046
1,345,H,-0.08020556
1,345,V,0.07522602
1,345,V,0.061427698
1,345,V,-0.11776736
1,345,V,-0.26532206
1,345,V,-0.29242024
1,346,H,0.2341778
1,346,H,0.17367512
1,346,H,0.12754378
1,346,H,0.22333264
1,346,H,0.10683949
1,346,H,0.07222961
1,346,H,0.08140585
1,346,H,0.11920443
1,346,H,0.0661662
1,346,H,0.075916596
1,346,H,0.09157473
1,346,H,0.15220103
1,346,H,-0.12578845
1,346,H,-0.10004439
1,346,H,-0.06729188
1,346,V,0.1251157
1,346,V,0.20261893
1,346,V,0.1742921
1,346,V,0.15385813
1,346,V,0.25098398
1,346,V,0.25389922
1,347,H,-0.040939126
1,347,H,0.15618663
1,347,H,0.21529528
1,347,V,0.08146467
1,347,V,0.008801422
1,347,V,-0.0044066715
1,347,V,0.16653569
1,348,H,0.98801976
1,348,H,0.9849408
1,348,H,0.864948
1,348,H,-0.4687074
1,348,V,-0.4779282
1,348,V,0.99732536
1,348,V,-0.48866892
1,348,V,0.9924317
1,348,V,-0.4737961
1,348,V,0.9978055
1,348,V,-0.44197607
1,349,H,-0.9982302
1,349,H,-0.972609
1,349,H,-0.9732751
1,349,H,-0.95450675
1,349,H,-0.4671811
1,349,V,0.054915402
1,350,H,1.0
1,350,H,1.0
1,350,H,1.0
1,350,H,0.9970446
1,350,H,0.71318847
1,350,H,0.6542817
1,350,H,0.6318005
1,350,H,0.9491152
1,350,H,0.6247819
1,350,H,0.5919274
1,350,H,0.66248775
1,350,H,0.93694764
1,350,V,-0.9947817
1,350,V,-0.97981566
1,350,V,-0.22833943
1,350,V,-0.0846593
1,350,V,-0.980562
1,350,V,-0.16978005
1,350,V,-0.025280423
1,351,H,-0.26373282
1,351,H,-0.36385533
1,351,H,-0.39453134
1,351,H,-0.262959
1,351,H,-0.40998858
1,351,H,-0.5262935
1,351,H,-0.4660864
1,351,V,0.879704
1,351,V,0.8588046
1,351,V,0.9787248
1,351,V,0.6814991
1,351,V,0.6773064
1,351,V,0.6817547
1,351,V,0.5944852
1,352,H,-0.15431176
1,352,H,-0.018206293
1,352,H,-0.15158519
1,352,H,-0.21268535
1,352,H,-0.37842077
1,352,H,-0.34921685
1,352,V,-0.3238123
1,352,V,-0.3539843
1,352,V,-0.12513565
1,352,V,-0.14545894
1,352,V,-0.18069465
1,353,H,-0.019887716
1,353,H,0.07478007
1,353,H,0.05069855
1,353,H,0.06531883
1,353,V,-0.105322115
1,353,V,-0.14359528
1,353,V,-0.040296853
1,353,V,-0.03232772
1,353,V,-0.035405155
1,353,V,-0.019154169
1,353,V,-0.03856029
1,353,V,0.049568266
1,354,H,-0.45334747
1,354,H,-0.43496335
1,354,H,-0.4161119
1,354,H,-0.43374133
1,354,H,-0.27022544
1,354,H,0.4039954
1,354,V,-0.46235874
1,355,H,0.1266184
1,355,H,0.34744126
1,355,H,0.24429835
1,355,H,0.13725555
1,355,H,0.33354715
1,355,H,0.21991414
1,355,H,0.018343376
1,355,H,0.09950404
1,355,H,0.061393026
1,355,V,-0.20766985
1,355,V,-0.20617293
1,355,V,0.020480758
1,356,H,-0.2789378
1,356,V,-0.01777261
1,356,V,-0.44974306
1,356,V,0.27786967
1,356,V,-0.27376413
1,356,V,-0.07358913
1,356,V,-0.22347897
1,356,V,-0.032431513
1,356,V,-0.11017801
1,356,V,0.23144935
1,357,H,-1.0
1,357,H,-1.0
1,357,V,1.0
1,357,V,1.0
1,358,V,-0.117431305
1,358,V,-0.039380997
1,358,V,-0.13847202
1,358,V,-0.04494035
1,358,V,0.1065947
1,358,V,-0.08987643
1,358,V,0.055057276
1,358,V,0.055344783
1,358,V,-0.03933118
1,358,V,-0.15000656
1,358,V,0.027763592
1,358,V,0.019847684
1,358,V,0.16245548
1,358,V,-0.08785302
1,358,V,-0.061604306
1,358,V,0.07741315
1,359,V,-0.23582898
1,359,V,-0.48343158
1,359,V,-0.27526912
1,359,V,-0.2823346
1,359,V,-0.4318969
1,359,V,-0.6796178
1,360,H,-0.990923
1,360,H,0.8962317
1,360,H,-0.99893326
1,360,H,0.93598956
1,360,H,-0.9977916
1,360,H,0.94734836
1,360,H,-0.96290797
1,360,V,-0.9846006
1,360,V,-0.49560234
1,360,V,-0.4660826
1,360,V,-0.37721288
1,360,V,0.35696483
1,360,V,-0.99975955
1,360,V,-0.5466331
1,360,V,-0.5127591
1,360,V,-0.2947625
1,360,V,0.75695264
1,360,V,-0.9993028
1,360,V,-0.5216324
1,360,V,-0.5030521
1,360,V,-0.34358796
1,360,V,0.6834211
1,360,V,-0.3817265
1,360,V,0.49468976
1,361,H,0.7976346
1,361,H,0.8842581
1,361,H,0.82572186
1,361,H,0.8824578
1,361,V,0.7486432
1,361,V,0.8525246
1,361,V,0.7590815
1,361,V,0.6287453
1,362,V,-0.18657243
1,362,V,-0.23429869
1,364,H,0.21161678
1,364,H,0.35898334
1,364,V,-0.20043448
1,364,V,0.4344464
1,364,V,0.18476442
1,364,V,0.34040326
1,364,V,0.68313295
1,364,V,0.63543516
1,364,V,0.7991176
1,365,H,0.025846718
1,365,H,0.174067
1,365,H,0.28486052
1,365,H,0.14801665
1,365,V,-0.37900555
1,365,V,-0.37809902
1,365,V,-0.2891878
1,365,V,-0.30844992
1,365,V,-0.25455022
1,365,V,-0.4092893
1,365,V,-0.48822895
1,365,V,-0.48801
1,365,V,-0.4839975
1,366,H,-0.59972656
1,366,H,-0.36412823
1,366,H,-0.3495478
1,366,H,-0.19919817
1,367,H,-0.36294562
1,367,H,-0.73962194
1,367,H,0.2217458
1,367,H,0.13174431
1,367,H,-0.79522675
1,367,H,-0.11754624
1,367,H,0.13717835
1,367,H,0.26556572
1,367,H,-1.0
1,367,H,-0.9711055
1,367,V,-0.035901006
1,367,V,-0.4027964
1,367,V,0.058979094
1,367,V,0.056684274
1,368,H,-0.48151213
1,368,H,-0.47274145
1,368,H,-0.46431875
1,368,H,-0.60951763
1,368,V,-0.18170725
1,368,V,-0.030120658
1,368,V,-0.05803225
1,368,V,-0.025466815
1,368,V,-0.07389438
1,368,V,-0.17959276
1,368,V,-0.11047906
1,368,V,-0.11309042
1,368,V,-0.09905285
1,368,V,-0.11577238
1,368,V,-0.007055238
1,368,V,-0.14288516
1,368,V,-0.07403363
1,368,V,-0.1773754
1,368,V,-0.09226705
1,368,V,-0.036653012
1,369,H,-0.86827606
1,369,H,-0.8350421
1,369,H,0.9854795
1,369,H,0.65172935
1,369,V,0.97406965
1,369,V,-0.9693876
1,370,H,-0.10509552
1,370,H,-0.09590494
1,370,H,-0.11088397
1,370,H,-0.08805133
1,370,H,-0.107078016
1,370,V,0.04290769
1,370,V,0.04321537
1,370,V,-2.9301538e-05
1,370,V,0.034358427
1,370,V,0.00040741178
1,370,V,0.022200037
1,371,H,0.48994386
1,371,V,0.788986
1,371,V,0.7155378
1,371,V,0.65575224
1,371,V,0.6668328
1,372,H,0.5063377
1,372,H,0.27956417
1,372,H,0.30947518
1,372,H,0.30291808
1,372,H,0.3448991
1,372,H,0.35571238
1,372,H,-0.15758285
1,372,V,0.33109456
1,372,V,0.35378057
1,372,V,0.23812373
1,373,H,0.012828242
1,373,H,-0.03714833
1,373,H,-0.081809975
1,373,H,-0.058334347
1,373,H,0.03560576
1,373,H,-0.16895464
1,373,H,-0.1159324
1,373,H,-0.035789616
1,373,H,-0.047726624
1,373,H,-0.2507907
1,374,H,0.83197415
1,374,H,0.7440858
1,374,H,0.8796159
1,374,V,-0.55353266
1,374,V,0.025033765
1,374,V,-0.12933049
1,374,V,-0.011867675
1,375,H,1.0
1,375,H,1.0
1,375,H,1.0
1,375,H,1.0
1,375,V,0.96953654
1,375,V,0.9593715
1,375,V,0.7761855
1,375,V,0.9261862
1,375,V,0.7317631
1,375,V,0.62522036
1,376,H,-0.8283617
1,376,H,-0.15686075
1,376,H,-0.04376241
1,376,H,-0.21528773
1,376,H,-0.8748809
1,376,H,-0.23494953
1,376,H,-0.09130275
1,376,H,-0.21155946
1,376,H,-0.8567286
1,376,H,-0.20787396
1,376,H,-0.15154077
1,376,H,-0.06749625
1,376,H,-0.9536602
1,376,H,-0.19985151
1,376,H,-0.0891844
1,376,V,-0.9855002
1,376,V,-0.9989445
1,376,V,-0.9990852
1,377,H,0.15872267
1,377,H,-0.0034499408
1,377,H,-0.1278734
1,377,H,0.18148825
1,377,H,-0.08021193
1,377,H,-0.09145805
1,377,H,-0.07265038
1,377,H,-0.12377898
1,377,H,0.19578227
1,377,H,-0.04740415
1,377,H,-0.09481338
1,377,H,-0.14275478
1,377,H,-0.12641914
1,377,H,-0.1591415
1,377,H,-0.09413834
1,377,H,-0.26073125
1,377,V,-0.39974236
1,377,V,-0.46341276
1,377,V,0.021028932
1,377,V,-0.097247556
1,377,V,-0.27620417
1,377,V,-0.22303481
1,377,V,0.022619747
1,377,V,0.01459106
1,377,V,-0.2520341
1,377,V,-0.28068963
1,377,V,-0.18390621
1,377,V,-0.009960698
1,378,H,-0.8979047
1,378,H,-0.9194054
1,378,H,-0.8723909
1,378,H,-0.42448407
1,378,H,-0.5266444
1,378,V,1.0
1,378,V,1.0
1,378,V,1.0
1,378,V,1.0
1,378,V,1.0
1,379,H,-0.96512914
1,379,H,-0.5817634
1,379,H,-0.49468544
1,379,H,-0.51981324
1,379,H,-0.49530646
1,379,H,-0.6728618
1,379,H,-0.9506639
1,379,H,-0.33617666
1,379,H,-0.03827938
1,379,H,0.5911429
1,379,H,0.79755694
1,379,H,0.5734672
1,379,H,-0.15984383
1,380,H,-0.15405276
1,380,H,-0.08171999
1,380,H,-0.043876212
1,380,H,-0.024335505
1,381,H,-0.49073485
1,381,H,-0.36304575
1,381,H,-0.3995957
1,381,H,-0.32193297
1,381,H,-0.07218417
1,382,H,0.8859466
1,382,H,0.6702213
1,382,H,0.56877154
1,382,H,0.7369965
1,382,H,0.8333775
1,382,H,0.6276768
1,382,H,0.72571075
1,382,H,0.6511559
1,382,H,0.8823405
1,382,H,0.74642223
1,382,H,0.82715416
1,382,V,-0.6754287
1,382,V,-0.6739527
1,382,V,-0.68677855
1,382,V,-0.06826047
1,382,V,-0.31516784
1,382,V,-0.27599788
1,382,V,-0.24268675
1,382,V,-0.38715518
1,382,V,-0.37201783
1,382,V,-0.47864375
1,383,H,-1.0
1,383,H,-1.0
1,383,H,1.0
1,383,H,1.0
1,383,H,1.0
1,383,V,-1.0
1,383,V,-1.0
1,383,V,-1.0
1,383,V,-1.0
1,383,V,-1.0
1,384,H,-0.70951486
1,384,H,-0.5170137
1,384,H,-0.4513098
1,384,H,-0.4909882
1,384,H,-0.6816176
1,385,H,-1.0
1,385,H,-1.0
1,385,H,-1.0
1,385,H,-0.9829233
1,385,V,1.0
1,385,V,1.0
1,385,V,1.0
1,385,V,1.0
1,386,H,0.74148065
1,386,H,0.7152994
1,386,H,0.056971364
1,386,H,0.05168681
1,386,H,0.12403837
1,386,H,-0.015525737
1,386,H,-0.6759653
1,386,H,-0.575815
1,386,H,-0.5458902
1,386,V,-0.24479364
1,386,V,-0.3402396
1,386,V,-0.26859406
1,386,V,-0.28940266
1,386,V,-0.1813862
1,387,H,-0.9913461
1,387,H,-1.0
1,387,H,-1.0
1,387,H,-1.0
1,387,H,0.74127424
1,387,V,-1.0
1,388,H,-0.29734543
1,388,H,-0.302003
1,388,V,0.39058566
1,388,V,0.6084223
1,388,V,0.7140219
1,388,V,0.7851343
1,388,V,0.6804721
1,389,H,0.22355086
1,389,H,0.5067477
1,389,H,0.4137581
1,389,H,0.48708934
1,389,V,0.6488122
1,389,V,0.5962286
1,389,V,0.63822025
1,389,V,0.85213536
1,390,H,-1.0
1,390,H,0.505324
1,390,H,0.46892118
1,390,H,-0.032937497
1,390,V,1.0
1,390,V,0.9999412
1,391,H,-0.6885413
1,391,H,-0.60875046
1,391,H,-0.5563246
1,392,V,1.0
1,393,H,0.36714396
1,393,H,0.55438036
1,393,H,-0.006060318
1,393,H,0.04719601
1,393,H,-0.10354117
1,393,H,-0.15395798
1,393,H,0.048736423
1,393,H,0.19008057
1,393,V,-0.23963155
1,393,V,-0.40602943
1,393,V,0.36012322
1,393,V,-0.04551458
1,393,V,0.1739635
1,393,V,-0.16370198
1,393,V,-0.065759994
1,393,V,0.27707055
1,393,V,0.19191998
1,393,V,0.37655693
1,393,V,0.0031803963
1,393,V,0.94301903
1,394,H,0.4144343
1,394,V,0.2830702
1,394,V,0.0071534435
1,394,V,0.051217522
1,394,V,-0.14097354
1,395,H,-0.9107037
1,396,H,0.04217565
1,396,H,0.042206466
1,396,H,0.03245087
1,396,H,0.033654317
1,396,H,0.05558089
1,396,H,0.010276301
1,396,H,0.008208514
1,396,H,0.02723535
1,396,V,-0.11128921
1,396,V,-0.19620672
1,396,V,0.019272832
1,396,V,0.11807171
1,396,V,0.04351806
1,396,V,0.05001027
1,396,V,0.12705614
1,396,V,0.35673118
1,397,H,-0.99979824
1,397,H,-0.91728264
1,397,H,-0.87177503
1,397,H,-0.94648826
1,397,H,0.99976695
1,397,H,0.90339977
1,397,H,0.92079157
1,397,H,0.5344751
1,397,V,-1.0
1,397,V,-1.0
1,397,V,-1.0
1,397,V,-1.0
1,398,H,-0.07373105
1,398,H,0.105626166
1,398,H,0.09880879
1,398,H,-0.094872646
1,398,H,0.013667535
1,398,H,-0.022048725
1,398,H,-0.082827635
1,398,H,0.011111334
1,398,H,0.025528561
1,399,H,1.0
1,399,H,1.0
1,399,H,1.0
1,399,V,-0.15383595
1,399,V,-0.53613347
1,399,V,-0.5134818
1,399,V,-0.6069336
1,400,H,0.0056204596
1,400,H,-0.006624612
1,400,H,0.029694997
1,400,H,0.10119259
1,400,H,0.024900677
1,400,H,0.013958802
1,400,H,0.027157135
1,400,H,0.09118262
1,400,H,-0.14616393
1,400,H,-0.17163484
1,400,V,0.0002656745
1,400,V,-0.026641116
1,400,V,-0.0049963114
1,400,V,-0.012247397
1,400,V,-0.005836037
1,400,V,-0.016076637
1,400,V,0.09335051
1,401,H,-0.991521
1,401,H,-0.93820864
1,401,H,-0.33974838
1,401,H,-0.6801551
1,401,H,-0.8262089
1,401,H,-0.6981089
1,401,H,-0.8848326
1,401,H,-0.842113
1,401,H,-0.9820374
1,401,H,-0.970329
1,402,H,1.0
1,402,H,1.0
1,402,H,1.0
1,402,H,1.0
1,402,H,1.0
1,402,V,-1.0
1,403,H,-0.059743445
1,403,V,-0.12653194
1,403,V,-0.11216312
1,403,V,-0.15101369
1,403,V,-0.4331308
1,404,V,-0.13869002
1,404,V,-0.2973382
1,404,V,-0.33213228
1,405,H,0.6784602
1,405,H,-0.3791649
1,405,H,-0.261097
1,405,H,-0.3441479
1,405,H,-0.34580958
1,405,H,-0.2812142
1,405,H,-0.919193
1,405,H,-0.8184639
1,405,H,-0.75567394
1,405,V,-0.17129594
1,406,H,0.9550441
1,406,H,0.9958645
1,406,H,0.54507005
1,406,H,0.898001
1,406,H,0.95936084
1,406,H,0.471601
1,406,H,0.8416103
1,406,H,0.9827011
1,406,V,-1.0
1,406,V,-1.0
1,406,V,-1.0
1,406,V,-1.0
1,406,V,-1.0
1,406,V,-1.0
1,406,V,-0.99943876
1,406,V,-1.0
1,407,H,-0.001045619
1,407,H,-0.21959567
1,407,H,-0.45224956
1,407,H,-0.4974647
1,407,H,-0.31183234
1,407,V,0.0012885882
1,408,H,-0.15232544
1,408,H,-0.14019042
1,408,H,0.06368049
1,408,H,-0.13191915
1,408,H,-0.040050734
1,408,H,-0.31297588
1,408,V,-0.115186125
1,408,V,-0.020276975
1,408,V,0.034854166
1,408,V,-0.028951067
1,408,V,0.12710068
1,409,H,-0.48222104
1,409,H,-0.40087292
1,409,V,-0.41983193
1,409,V,-0.24384266
1,409,V,-0.2573526
1,409,V,-0.07974337
1,410,H,0.2101649
1,410,H,0.3868913
1,410,H,0.46450353
1,410,H,0.16645494
1,410,H,0.013010504
1,410,H,0.25060588
1,410,H,0.06674298
1,410,H,0.20057626
1,410,H,0.15153453
1,410,H,0.06665927
1,410,H,0.21021698
1,410,H,0.16896477
1,410,H,0.07341811
1,410,H,0.07997457
1,410,H,0.02160772
1,410,H,0.1882796
1,410,V,-1.0
1,411,H,-0.007497673
1,411,H,-0.039987966
1,411,H,0.030753177
1,411,H,0.0036016225
1,411,H,-0.13253906
1,411,H,-0.034072448
1,411,H,-0.18267755
1,411,H,-0.120228395
1,411,H,-0.29357538
1,411,H,-0.24456674
1,411,H,-0.20603758
1,411,V,-0.004600462
1,411,V,-0.10768436
1,411,V,-0.107529305
1,411,V,-0.258375
1,411,V,-0.2376353
1,411,V,-0.19922242
1,411,V,-0.31848872
1,411,V,-0.12503971
1,411,V,-0.44845688
1,411,V,-0.11308108
1,411,V,0.012974238
1,411,V,-0.08085039
1,412,H,1.0
1,412,H,1.0
1,412,H,1.0
1,412,H,1.0
1,412,V,0.9830081
1,412,V,0.92612547
1,412,V,0.95877326
1,412,V,0.97882205
1,412,V,-0.87746143
1,412,V,-0.80757004
1,412,V,-0.54809487
1,412,V,-0.5672824
1,413,H,0.99281883
1,413,H,-0.92823064
1,413,H,0.9902529
1,413,H,-0.9244884
1,413,H,0.99333173
1,413,H,-0.91000557
1,413,H,0.99714273
1,413,H,-0.96708405
1,413,V,1.0
1,413,V,-0.8895686
1,413,V,0.9924032
1,413,V,-0.8345261
1,413,V,0.9876463
1,413,V,-0.79712105
1,413,V,0.9948188
1,413,V,-0.8824569
1,414,V,-0.024424257
1,414,V,0.10629242
1,414,V,0.095186725
1,414,V,0.022005867
1,414,V,0.053182505
1,414,V,-0.054661065
1,414,V,0.03892805
1,414,V,0.061066348
1,414,V,0.048205927
1,414,V,0.31866089
1,415,H,-1.0
1,415,H,-1.0
1,415,V,-0.99967766
1,416,H,0.08986585
1,416,H,-0.07662159
1,416,H,-0.117123336
1,416,H,-0.090896
1,416,H,0.1256613
1,416,H,-0.05634783
1,416,H,-0.067463554
1,416,H,-0.07521801
1,416,V,-0.16376026
1,416,V,-0.19197756
1,417,H,0.75030935
1,417,H,0.92804533
1,417,H,0.6459155
1,417,H,0.9414893
1,417,H,0.9433834
1,417,H,0.9847651
1,417,H,0.6807329
1,417,H,0.9186981
1,417,H,0.92165065
1,417,H,0.8844699
1,417,H,0.99253124
1,417,H,0.65851164
1,417,H,0.95376825
1,417,H,0.89765507
1,417,H,0.870997
1,417,V,1.0
1,417,V,1.0
1,417,V,1.0
1,417,V,1.0
1,417,V,1.0
1,417,V,1.0
1,417,V,1.0
1,417,V,1.0
1,417,V,1.0
1,417,V,1.0
1,417,V,1.0
1,417,V,1.0
1,417,V,1.0
1,418,H,-0.24112459
1,418,H,-0.23934306
1,418,H,-0.001937094
1,418,H,-0.0063018897
1,418,H,-0.006952036
1,418,H,-0.016971856
1,418,H,0.037480656
1,418,H,-0.017544523
1,418,H,-0.05673124
1,418,H,-0.033154637
1,418,H,0.026662737
1,418,H,0.057838704
1,418,H,-0.06425624
1,418,H,0.003814901
1,418,H,0.0023645456
1,418,H,-0.007114635
1,418,V,0.014605891
1,418,V,0.060831998
1,418,V,0.039922856
1,418,V,-0.035586417
1,418,V,-0.027804257
1,418,V,-0.038683906
1,418,V,-0.08632556
1,418,V,-0.024250137
1,418,V,-0.011692423
1,418,V,-0.037584245
1,418,V,-0.066582575
1,418,V,-0.23237649
1,418,V,-0.13923012
1,418,V,-0.1380367
1,418,V,-0.16239418
1,419,H,0.4626005
1,419,H,0.20442829
1,419,H,0.34756428
1,419,H,0.37448236
1,419,H,-0.18227074
1,419,H,0.13027146
1,419,H,-0.08923852
1,419,H,0.21821411
1,419,H,-0.018047655
1,419,H,-0.16908482
1,419,H,-0.079900935
1,419,H,0.046835266
1,419,H,-0.21035281
1,419,H,-0.2034591
1,419,H,-0.24726196
1,419,H,0.08489048
1,420,H,0.049758244
1,420,H,0.52077967
1,420,H,0.22729804
1,420,H,-0.3236811
1,420,H,0.20199853
1,420,H,0.2285354
1,420,H,0.17431943
1,420,H,0.018473001
1,420,V,-0.4119928
1,420,V,-0.12443571
1,420,V,0.05489391
1,420,V,-0.74061203
1,420,V,-0.35058424
1,420,V,-0.01714189
1,420,V,0.18166997
1,420,V,-0.7129869
1,420,V,-0.14191493
1,420,V,-0.11501836
1,420,V,-0.11881915
1,420,V,-0.5348199
1,420,V,0.9845892
1,421,V,-0.6374998
1,421,V,-0.3640958
1,421,V,-0.37526983
1,421,V,-0.3387075
1,421,V,-0.23662402
1,421,V,-0.25324768
1,421,V,-0.1888854
1,421,V,-0.091210045
1,421,V,-0.3204997
1,421,V,-0.161049
1,421,V,-0.19823074
1,421,V,-0.10683856
1,421,V,-0.43840206
1,421,V,-0.20016931
1,422,H,-0.24973421
1,422,H,-0.14590058
1,422,V,-0.24534167
1,422,V,-0.11479795
1,422,V,-0.23067158
1,422,V,0.0020106246
1,422,V,-0.12928554
1,422,V,-0.021062667
1,422,V,-0.08127562
1,422,V,-0.22231707
1,422,V,-0.06523123
1,422,V,0.565913
1,422,V,-0.03582423
1,422,V,-0.22199392
1,422,V,-0.19478036
1,422,V,0.087260135
1,423,H,-0.33161184
1,423,H,-0.14823884
1,423,H,-0.19618416
1,423,H,-0.27275625
1,424,V,-0.88870424
1,424,V,-0.29227364
1,424,V,-0.3167034
1,424,V,-0.30020055
1,425,V,-0.11371654
1,425,V,-0.110960186
1,425,V,0.005476622
1,425,V,-0.07328755
1,425,V,-0.10597143
1,425,V,-0.00488003
1,425,V,-0.08379185
1,425,V,0.075384565
1,425,V,0.050355002
1,425,V,0.067807056
1,425,V,0.110092394
1,426,H,0.3943273
1,426,H,0.6055502
1,426,H,0.5668665
1,426,H,0.52471316
1,426,V,0.99725235
1,426,V,1.0
1,426,V,0.99990517
1,426,V,0.99971616
1,427,H,-0.04810555
1,427,H,-0.020629032
1,427,H,-0.08166577
1,427,H,0.002094408
1,427,H,0.07105495
1,427,H,-0.06684398
1,427,H,-0.027139861
1,427,H,-0.014206
1,427,H,-0.031141149
1,427,H,0.05961483
1,427,V,-0.07106377
1,427,V,-0.11216028
1,427,V,-0.15950195
1,427,V,-0.116340406
1,427,V,0.012029678
1,427,V,-0.19307126
1,427,V,-0.15632352
1,427,V,-0.1375371
1,427,V,-0.06573431
1,428,H,0.104925945
1,428,H,0.5938362
1,428,H,0.3796319
1,428,H,0.57264894
1,428,V,-1.0
1,429,H,-1.0
1,429,H,-1.0
1,429,H,-1.0
1,429,H,-1.0
1,429,H,1.0
1,429,H,1.0
1,429,H,1.0
1,429,V,1.0
1,429,V,1.0
1,429,V,1.0
1,429,V,0.9982432
1,429,V,-0.9969105
1,429,V,-1.0
1,429,V,-1.0
1,429,V,-1.0
1,430,H,0.20687555
1,430,H,0.19329336
1,430,H,0.12661448
1,430,V,-0.05064175
1,430,V,0.15422934
1,430,V,0.15316303
1,430,V,0.13209607
1,430,V,0.16592605
1,430,V,-0.07667377
1,430,V,-0.021726696
1,430,V,-0.019547489
1,430,V,0.015369576
1,431,H,-1.0
1,431,H,-1.0
1,431,H,-1.0
1,431,H,-1.0
1,431,V,-1.0
1,431,V,-0.99928504
1,431,V,-0.9996107
1,431,V,-0.99970937
1,432,H,0.000600313
1,432,H,-0.092984825
1,432,H,0.04186045
1,432,H,0.10928918
1,432,H,0.102443926
1,432,H,0.19476481
1,432,V,-0.0013948373
1,432,V,-0.06255248
1,432,V,-0.12172006
1,432,V,0.03511391
1,432,V,-0.013829394
1,432,V,-0.031906407
1,432,V,-0.007894574
1,432,V,0.010105802
1,432,V,-0.005640528
1,432,V,0.07516826
1,432,V,0.12488636
1,432,V,0.06617762
1,433,H,0.97115797
1,433,H,0.62629735
1,433,H,0.6991136
1,433,H,0.30116212
1,433,H,0.21623464
1,433,H,0.3395198
1,433,H,0.7276921
1,433,H,0.20677845
1,433,H,0.285166
1,433,H,0.3467361
1,433,V,-0.27293402
1,433,V,0.17707513
1,433,V,-0.10766772
1,433,V,0.24943131
1,433,V,0.2502251
1,433,V,-0.10642177
1,433,V,0.1994778
1,434,V,-0.97960013
1,434,V,-1.0
1,434,V,-1.0
1,434,V,-1.0
1,435,H,1.0
1,435,H,1.0
1,435,H,1.0
1,435,H,1.0
1,436,H,-0.11499601
1,436,H,-0.01990553
1,436,H,0.17750445
1,436,H,-0.11990966
1,436,H,0.0072724377
1,436,H,0.13204327
1,436,H,0.119089544
1,436,H,0.07641568
1,436,H,0.15268806
1,436,V,-0.2674438
1,436,V,-0.11753732
1,436,V,-0.16816746
1,437,H,0.1312552
1,437,H,0.042854443
1,437,H,0.12945096
1,437,V,-0.4088708
1,437,V,0.029544324
1,437,V,-0.36858958
1,437,V,0.20574676
1,438,H,-0.8807598
1,438,V,0.35212564
1,438,V,0.46616292
1,438,V,0.41112703
1,438,V,0.35487008
1,438,V,0.3775326
1,439,H,0.07192381
1,439,H,0.05756287
1,439,H,0.1225926
1,439,H,-0.5901699
1,439,H,0.05053213
1,439,H,0.03207387
1,439,H,0.061953295
1,439,H,-0.01402576
1,439,V,-0.042372238
1,439,V,-0.105184555
1,439,V,-0.19253698
1,439,V,0.011279221
1,439,V,-0.21407038
1,440,H,-0.996634
1,440,H,0.49942616
1,440,V,0.52082515
1,440,V,0.9831708
1,441,V,-0.7829305
1,441,V,-0.84377563
1,441,V,-0.8772619
1,441,V,-0.9342959
1,442,V,0.3819551
1,442,V,0.3556868
1,442,V,0.3541974
1,442,V,0.3500927
1,442,V,0.34203595
1,442,V,-0.30166838
1,442,V,-0.09670852
1,442,V,0.08485128
1,442,V,0.009902487
1,443,V,-0.0848722
1,443,V,-0.36766207
1,443,V,-0.38845423
1,443,V,-0.48347056
1,443,V,-0.59715515
1,443,V,-0.3713114
1,443,V,-0.5343588
1,444,H,0.98580897
1,444,H,0.9916122
1,444,H,0.97676975
1,444,H,0.998124
1,444,H,0.9673019
1,444,V,-0.10523618
1,444,V,-0.13228475
1,444,V,0.0035377208
1,444,V,-0.10958475
1,444,V,-0.07240434
1,445,H,-0.09504508
1,445,H,-0.12592584
1,445,H,-0.18171234
1,445,H,-0.016761929
1,445,H,0.06951095
1,445,H,0.0011729941
1,445,H,-0.08196621
1,445,V,-0.4124063
1,445,V,-0.38144386
1,445,V,0.009775065
1,445,V,-0.18304732
1,445,V,-0.13567244
1,445,V,-0.2931589
1,445,V,0.14150654
1,445,V,-0.13445616
1,445,V,-0.12013159
1,445,V,-0.13288379
1,445,V,0.10931688
1,445,V,-0.38855022
1,445,V,-0.16462457
1,445,V,-0.2111578
1,445,V,0.074967474
1,446,H,0.1553976
1,446,V,0.0003574091
1,446,V,0.04015781
1,446,V,0.058246996
1,446,V,-0.06463627
1,446,V,-0.24951735
1,446,V,-0.020805798
1,446,V,-0.19004442
1,447,H,0.77593774
1,447,H,0.7735084
1,447,V,0.53505427
1,448,H,-0.6252431
1,448,H,-0.22788176
1,448,H,-0.32102686
1,448,H,-0.16501772
1,448,H,0.2583984
1,448,H,0.69486064
1,448,H,0.65610605
1,448,H,0.51518416
1,448,H,0.6451133
1,448,H,0.53171366
1,448,H,0.7750385
1,448,V,0.30585238
1,448,V,0.42546922
1,448,V,0.36683077
1,448,V,-0.7327079
1,448,V,-0.3232541
1,448,V,-0.5861401
1,448,V,-0.48675507
1,449,H,1.0
1,449,H,1.0
1,449,H,1.0
1,449,H,1.0
1,449,H,1.0
1,449,H,0.9998489
1,449,H,1.0
1,449,H,1.0
1,449,H,0.9999236
1,449,H,1.0
1,449,H,1.0
1,449,H,0.9995165
1,449,H,1.0
1,449,H,1.0
1,449,V,0.7021855
1,449,V,0.631221
1,449,V,0.3618761
1,449,V,0.9985386
1,449,V,0.82708645
1,449,V,0.46414948
1,449,V,0.45325142
1,449,V,0.99895
1,449,V,0.61648154
1,449,V,0.4029621
1,449,V,0.65455145
1,449,V,0.9891093
1,449,V,0.55949765
1,449,V,0.70299965
1,449,V,0.5897271
1,449,V,0.98409176
1,450,H,0.01871617
1,450,H,-0.18314035
1,450,H,-0.06936621
1,450,H,-0.1938691
1,450,H,-0.09886113
1,450,H,-0.31356966
1,450,H,-0.37958944
1,451,H,1.0
1,452,H,-0.9945753
1,452,H,-0.99799
1,452,H,-0.9922709
1,452,H,-0.9973527
1,452,H,-1.0
1,452,H,-0.99769473
1,452,H,-0.99975157
1,452,H,-0.9942543
1,452,H,-0.8195826
1,452,H,-0.7907239
1,452,V,1.0
1,452,V,1.0
1,452,V,1.0
1,452,V,1.0
1,452,V,1.0
1,452,V,1.0
1,452,V,1.0
1,452,V,1.0
1,452,V,1.0
1,453,V,0.011115855
1,454,H,-0.23224802
1,454,H,-0.18771882
1,454,H,-0.019396164
1,454,H,-0.0706148
1,454,V,-0.1170859
1,454,V,0.31172493
1,454,V,-0.023492143
1,454,V,-0.24931633
1,454,V,-0.21759932
1,455,H,0.11788463
1,455,H,0.107582234
1,455,H,0.1588054
1,455,H,0.08281315
1,455,H,0.069477774
1,455,H,0.08433527
1,455,H,0.0904309
1,455,H,0.075283796
1,455,H,0.08501817
1,455,H,0.13819695
1,455,H,0.13379292
1,455,H,0.102256946
1,455,V,-0.09577601
1,455,V,-0.05855899
1,455,V,-0.09941848
1,455,V,-0.123249754
1,455,V,-0.11351329
1,455,V,-0.09374871
1,455,V,-0.1430385
1,455,V,-0.12730213
1,455,V,-0.12041741
1,455,V,-0.19121264
1,455,V,-0.19079196
1,455,V,-0.15695798
1,456,H,0.7913456
1,457,H,-0.23510773
1,457,H,-0.29854357
1,457,H,-0.09522379
1,457,H,-0.097697586
1,457,V,-0.20177063
1,457,V,-0.40427464
1,457,V,-0.34683713
1,457,V,-0.29192784
1,458,H,-0.79567206
1,458,H,-0.7317399
1,458,H,-0.6326873
1,458,H,-0.683091
1,458,H,-0.5370608
1,458,H,-0.6200174
1,458,H,-0.37349236
1,458,H,0.07886851
1,458,H,0.08844993
1,458,H,-0.31768918
1,459,H,0.97928417
1,459,H,0.9814594
1,460,H,-0.1466528
1,460,V,-0.29340664
1,460,V,-0.022977425
1,460,V,-0.017704135
1,460,V,0.2878574
1,461,V,-0.21691653
1,461,V,-0.28469563
1,461,V,-0.23576824
1,461,V,-0.21156283
1,461,V,-0.21586148
1,461,V,-0.2143832
1,461,V,-0.16449264
1,461,V,-0.091917455
1,462,H,0.32432517
1,462,V,-0.41229358
1,462,V,-0.5406163
1,462,V,-0.54148227
1,462,V,-0.44759214
1,463,V,-0.8762799
1,463,V,-0.9600968
1,463,V,-0.9894148
1,463,V,-0.98312336
1,463,V,-0.59013355
1,464,H,0.824301
1,464,H,0.87317765
1,464,H,-0.10973826
1,464,H,0.9223363
1,464,H,-0.10054076
1,464,V,-0.9083222
1,464,V,-0.93978846
1,464,V,-0.9348903
1,465,H,-0.16549826
1,465,H,-0.1723902
1,465,H,-0.16187263
1,465,H,-0.16084139
1,465,V,-0.13060878
1,465,V,0.114269316
1,465,V,0.27348465
1,466,H,-0.2335167
1,466,H,0.077587985
1,466,H,-0.43936938
1,466,H,-0.07740842
1,466,H,-0.16009937
1,466,H,-0.08894785
1,467,H,1.0
1,467,H,1.0
1,467,H,1.0
1,467,H,0.9971646
1,467,V,1.0
1,467,V,1.0
1,467,V,1.0
1,467,V,1.0
1,468,H,0.9483335
1,468,H,0.91979873
1,468,H,0.9203645
1,468,H,0.8879293
1,468,V,-1.0
1,468,V,-1.0
1,468,V,-1.0
1,468,V,-1.0
1,469,H,0.027284762
1,469,H,0.067397825
1,469,H,0.052190892
1,469,H,0.008176495
1,469,H,-0.092151165
1,470,H,0.04925645
1,470,H,0.052783065
1,470,H,0.102440946
1,470,H,-0.0063681807
1,470,H,-0.008991292
1,470,H,0.035765026
1,470,H,-0.010299421
1,470,H,0.007585555
1,470,H,0.029307194
1,470,H,-0.012465271
1,470,H,0.0018644155
1,470,H,-0.01494734
1,470,V,-0.08218653
1,470,V,-0.035431296
1,470,V,-0.034568097
1,470,V,-0.056768123
1,470,V,-0.044381946
1,470,V,-0.033466153
1,470,V,-0.03920371
1,470,V,-0.02868136
1,470,V,-0.053318724
1,470,V,-0.009882604
1,470,V,0.015563484
1,470,V,0.025754215
1,471,H,-0.2245364
1,471,H,-0.23382442
1,471,H,0.12889987
1,471,H,0.31220448
1,471,H,-0.24317183
1,471,H,0.2457243
1,471,H,0.33343259
1,471,H,0.26150712
1,471,H,0.075923584
1,471,H,0.013158761
1,471,H,0.41381773
1,471,H,0.48207933
1,471,H,0.23110087
1,471,H,-0.15460837
1,472,H,-0.2837279
1,472,H,-0.37760544
1,472,H,-0.14233339
1,472,H,0.22310826
1,472,H,-0.1447732
1,472,H,-0.21833113
1,472,H,-0.13957116
1,472,H,0.551942
1,472,H,-0.17439814
1,472,H,-0.24896647
1,472,H,-0.20288159
1,472,H,0.45038262
1,472,H,-0.26991424
1,472,H,-0.25592357
1,472,H,-0.3469392
1,472,H,0.629273
1,473,V,0.19141893
1,473,V,0.31689894
1,473,V,0.35288647
1,473,V,0.30883166
1,473,V,-0.4557852
1,474,H,0.55291677
1,474,H,0.4522928
1,474,H,0.4633872
1,474,H,0.43035108
1,474,V,0.10310867
1,474,V,-0.28610986
1,474,V,-0.2421339
1,474,V,-0.24037269
1,474,V,0.17104466
1,474,V,0.15207519
1,474,V,0.42936566
1,475,H,-0.1996652
1,475,H,-0.12734623
1,475,H,0.03705057
1,475,H,0.02945353
1,475,H,0.17884275
1,475,H,0.1580774
1,475,V,0.4874074
1,475,V,0.41918015
1,475,V,0.00068145856
1,475,V,-0.22592203
1,476,H,-0.6757392
1,476,H,-0.76443255
1,476,H,0.03249682
1,477,H,0.28249052
1,477,H,0.2505701
1,477,H,0.26715267
1,477,V,-1.0
1,478,H,0.20047852
1,478,V,0.99548924
1,478,V,0.9996042
1,478,V,0.99993944
1,478,V,0.64840484
1,479,V,0.531051
1,479,V,0.19253248
1,479,V,0.1126713
1,479,V,-0.3071417
1,479,V,0.5968185
1,479,V,0.28243247
1,479,V,0.07993948
1,479,V,-0.3595062
1,479,V,0.7917301
1,480,H,-1.0
1,480,H,-1.0
1,480,H,-1.0
1,480,H,-1.0
1,480,V,0.88625574
1,480,V,0.2109571
1,480,V,0.8121059
1,480,V,0.20914523
1,480,V,0.7100946
1,480,V,0.5601479
1,480,V,-0.18544053
1,480,V,-0.32632947
1,481,H,0.35213575
1,481,H,0.319427
1,481,H,0.34048548
1,481,H,0.33165002
1,481,V,-0.5451243
1,481,V,-0.81674963
1,481,V,-0.82874113
1,482,H,-0.31320655
1,482,H,0.104327366
1,482,H,-0.01863192
1,482,H,-0.51665473
1,482,H,-0.107186854
1,482,H,-0.19883667
1,482,H,-0.18179764
1,482,H,-0.3816379
1,482,H,-0.39024848
1,482,H,-0.10517707
1,482,H,-0.1424117
1,482,H,-0.21890686
1,482,H,-0.2587866
1,482,V,-1.0
1,482,V,-1.0
1,482,V,-1.0
1,482,V,-1.0
1,482,V,-1.0
1,482,V,-0.99431115
1,483,H,-1.0
1,483,H,-1.0
1,483,H,-1.0
1,483,H,-1.0
1,483,H,-1.0
1,483,H,-1.0
1,483,H,-1.0
1,483,H,-1.0
1,483,H,-1.0
1,483,H,-1.0
1,483,H,-1.0
1,483,V,-1.0
1,483,V,-1.0
1,483,V,-1.0
1,483,V,-1.0
1,483,V,-1.0
1,483,V,-1.0
1,483,V,-1.0
1,483,V,-1.0
1,483,V,-1.0
1,483,V,-1.0
1,483,V,-1.0
1,484,H,-0.25924805
1,484,H,-0.1426864
1,484,H,-0.23508869
1,484,H,-0.21221165
1,484,H,-0.15015854
1,484,H,0.022393443
1,484,H,-0.12251283
1,484,H,-0.035340775
1,484,H,-0.047165904
1,484,H,-0.0626657
1,484,H,0.039507385
1,484,H,-0.033586875
1,484,H,0.1927388
1,484,H,0.23515828
1,484,H,0.23195185
1,484,H,0.007640059
1,485,H,0.5000945
1,485,H,-0.1752542
1,485,H,-0.025032071
1,485,H,-0.049853984
1,485,H,0.71846193
1,485,V,-0.19614108
1,485,V,0.09671166
1,485,V,-0.1628008
1,486,H,-0.98133224
1,486,H,-0.992426
1,486,H,-0.99847275
1,486,H,-0.99931026
1,486,V,0.021432167
1,486,V,0.047800936
1,486,V,0.041175764
1,486,V,-0.03987185
1,487,H,-0.052001804
1,487,H,0.99763614
1,487,V,0.49600294
1,487,V,-1.0
1,487,V,-1.0
1,488,H,0.17215595
1,488,H,-0.05165199
1,488,H,-0.017220052
1,488,H,0.005610146
1,488,H,-0.10011185
1,488,H,0.18752156
1,488,H,-0.009368124
1,488,H,-0.0037075654
1,488,H,0.014235257
1,488,H,-0.054470077
1,488,V,0.3292289
1,488,V,0.13662075
1,488,V,0.07527041
1,488,V,0.19647801
1,488,V,0.3230751
1,488,V,0.15760173
1,488,V,0.07458002
1,488,V,0.12923233
1,488,V,0.5045652
1,488,V,0.10700355
1,488,V,0.018121282
1,488,V,0.12050527
1,489,V,-0.119227245
1,489,V,-0.06829276
1,489,V,-0.13423929
1,489,V,-0.2111776
1,489,V,-0.015143203
1,489,V,0.05476413
1,489,V,-0.057200927
1,489,V,-0.15768422
1,489,V,0.02769546
1,489,V,-0.02442287
1,489,V,-0.038696606
1,489,V,-0.020700295
1,489,V,-0.16049482
1,489,V,-0.24058636
1,489,V,-0.06750131
1,489,V,-0.089945376
1,489,V,0.15086345
1,490,H,-0.1650698
1,490,H,-0.023122102
1,490,H,-0.023639115
1,490,H,-0.004841924
1,490,H,-0.16544224
1,490,H,-0.042603128
1,490,H,0.0028703136
1,490,H,-0.0045421654
1,490,H,-0.63781196
1,490,V,-0.33065286
1,490,V,-0.46750358
1,490,V,-0.33347076
1,490,V,-0.25386965
1,490,V,-0.30624762
1,490,V,-0.21796995
1,490,V,-0.34033588
1,491,H,-0.009355485
1,491,H,-0.7740689
1,491,H,-0.27931842
1,492,H,0.75509757
1,492,H,-0.12312178
1,492,H,-0.13898446
1,492,H,-0.21393721
1,492,H,-0.071699835
1,492,V,0.5839165
1,492,V,0.68779147
1,492,V,0.61463046
1,492,V,0.56334
1,492,V,0.9433754
1,492,V,0.9536807
1,493,V,0.0833902
1,493,V,0.14789985
1,493,V,0.18307194
1,493,V,0.12522934
1,493,V,0.13051492
1,493,V,0.12991643
1,494,H,-0.26961222
1,494,H,-0.021755984
1,494,H,0.004206911
1,494,H,-0.017307853
1,494,H,0.104062036
1,494,H,0.071679726
1,494,H,0.099635154
1,494,H,0.39585924
1,494,H,0.2399828
1,494,H,0.25860146
1,494,H,0.29803583
1,494,V,0.37270603
1,494,V,0.29263556
1,494,V,0.171345
1,494,V,0.16450408
1,494,V,0.20178948
1,494,V,0.18337527
1,494,V,0.17709112
1,494,V,0.08797368
1,494,V,0.068796806
1,494,V,0.17485921
1,494,V,0.23958762
1,494,V,0.14995517
1,494,V,0.088283174
1,494,V,0.045824543
1,494,V,-0.16153075
1,494,V,-0.06694096
1,494,V,-0.043120418
1,494,V,-0.24261084
1,495,H,-0.98836285
1,495,H,-0.9839248
1,495,V,0.9992522
1,495,V,0.98712564
1,496,H,-0.14861716
1,496,H,0.27613583
1,496,H,0.26439625
1,496,V,0.1178486
1,496,V,-0.1904297
1,496,V,-0.19718935
1,497,V,0.06981012
1,497,V,0.012870188
1,497,V,-0.030550413
1,497,V,-0.20494165
1,497,V,-0.032577146
1,497,V,-0.09023227
1,497,V,-0.1475005
1,497,V,-0.01348262
1,497,V,-0.10526784
1,497,V,-0.005838613
1,497,V,0.18490857
1,497,V,0.40448743
1,498,H,-0.048049353
1,498,H,0.003218138
1,498,H,0.010552898
1,498,H,-0.007767216
1,498,H,0.017194701
1,498,H,-0.0056475736
1,498,H,0.015320775
1,498,H,-0.010102244
1,498,V,0.01657137
1,498,V,-0.013726681
1,498,V,-0.037553255
1,498,V,0.012362349
1,498,V,-0.03159524
1,498,V,-0.028616088
1,498,V,-0.03909583
1,498,V,-0.014332911
1,498,V,0.3099881
1,499,H,-0.32827768
1,499,H,-0.006969032
1,499,H,-0.020720856
1,499,H,0.30568805
2,0,H,0.090512134
2,0,H,-0.031723067
2,0,H,0.021072162
2,0,H,0.034731537
2,0,H,0.01875098
2,0,H,-0.07606106
2,0,V,-0.025449747
2,0,V,-0.04306696
2,0,V,0.006222471
2,0,V,-0.06520141
2,1,H,-1.0
2,1,H,-0.9998252
2,1,H,-1.0
2,1,H,-0.99996835
2,1,H,-1.0
2,1,H,1.0
2,1,V,1.0
2,1,V,1.0
2,1,V,1.0
2,1,V,1.0
2,1,V,1.0
2,2,H,0.055332404
2,2,H,0.19595265
2,2,H,0.247339
2,2,H,0.062185925
2,2,V,0.25603142
2,2,V,0.29954943
2,2,V,0.28699932
2,2,V,0.29204932
2,3,V,0.9022208
2,3,V,0.7172224
2,3,V,0.7717951
2,3,V,0.07336487
2,3,V,0.25142807
2,3,V,0.24555354
2,3,V,0.075644985
2,4,H,-1.0
2,4,H,-1.0
2,4,H,-1.0
2,4,H,-1.0
2,4,V,0.5670525
2,4,V,0.5788723
2,4,V,0.58021164
2,4,V,0.4220723
2,5,H,0.99739605
2,5,H,0.7396109
2,5,H,0.7352841
2,5,H,0.8028346
2,5,V,0.6085348
2,5,V,0.31494477
2,5,V,-0.34191865
2,5,V,-0.88551813
2,6,H,0.3069291
2,6,H,0.44414014
2,6,H,0.43737808
2,6,H,0.31229034
2,6,V,-1.0
2,6,V,-1.0
2,6,V,-1.0
2,6,V,-1.0
2,7,H,-0.55556184
2,7,H,0.61308575
2,7,H,0.58155495
2,7,H,0.46716294
2,7,H,0.41611078
2,7,V,0.5159818
2,7,V,0.39862153
2,7,V,-0.84830076
2,7,V,-0.36911002
2,7,V,-0.28544262
2,8,H,0.1902702
2,8,V,0.009245545
2,8,V,-0.25378978
2,8,V,-0.22228226
2,8,V,-0.12041856
2,9,V,-0.20480072
2,9,V,-0.2169672
2,9,V,-0.20897068
2,9,V,-0.07913616
2,9,V,-0.17259887
2,9,V,-0.058818977
2,9,V,-0.09192134
2,9,V,-0.07584913
2,9,V,-0.09379629
2,9,V,-0.01807832
2,9,V,-0.25414157
2,9,V,-0.1266929
2,9,V,-0.21480155
2,10,H,0.90102476
2,10,H,0.8660001
2,10,H,0.96207637
2,10,H,0.90875345
2,10,H,0.8654621
2,11,V,-0.09075168
2,11,V,0.08427245
2,11,V,0.108426124
2,11,V,0.05780462
2,11,V,0.15374646
2,12,H,0.13653938
2,12,H,-0.39007398
2,12,H,0.2144288
2,12,H,-0.31076983
2,12,H,0.26799843
2,12,H,-0.30015764
2,12,H,0.28300834
2,12,H,-0.062010728
2,12,V,0.022329152
2,12,V,-0.11281815
2,12,V,-0.07967115
2,12,V,-0.046543982
2,13,H,0.83544
2,13,H,0.88704145
2,13,H,0.84853315
2,13,H,0.8658195
2,13,V,-0.99956006
2,13,V,0.983704
2,13,V,-1.0
2,13,V,0.9692354
2,13,V,-1.0
2,13,V,0.95957404
2,13,V,0.9469753
2,14,V,0.0600921
2,14,V,-0.13043486
2,14,V,-0.21207175
2,14,V,-0.20860973
2,14,V,-0.3904021
2,15,V,0.0029921248
2,15,V,0.19674908
2,15,V,0.17634892
2,15,V,0.06519277
2,15,V,0.4895555
2,15,V,0.13127518
2,15,V,0.28913265
2,15,V,-0.020760637
2,16,H,0.0022469077
2,16,H,-0.0045170523
2,16,H,-0.071632385
2,16,H,-0.0020621163
2,16,H,-0.04202377
2,16,H,-0.059214983
2,16,H,-0.50216436
2,16,V,-0.38070303
2,16,V,-0.32386127
2,16,V,-0.45702168
2,16,V,-0.037779275
2,16,V,0.007631366
2,16,V,0.06414511
2,16,V,-0.049247768
2,16,V,-0.020370554
2,16,V,0.036807526
2,16,V,0.034252748
2,16,V,-0.0410037
2,17,H,-1.0
2,17,H,-0.9982372
2,17,H,-0.99337184
2,17,H,-0.9984369
2,17,H,-1.0
2,17,H,-1.0
2,17,H,-1.0
2,17,H,-0.9992907
2,17,H,-1.0
2,17,H,-0.9995851
2,17,H,-0.9973123
2,17,H,-0.9990847
2,17,H,-1.0
2,17,H,-1.0
2,17,H,-0.9959732
2,17,H,-1.0
2,17,V,0.9991712
2,18,V,0.3084003
2,18,V,0.32127303
2,18,V,0.33080223
2,18,V,-0.32981148
2,19,H,-1.0
2,19,H,-1.0
2,19,H,-1.0
2,19,H,-1.0
2,19,H,-1.0
2,19,H,-1.0
2,19,H,-0.7275846
2,19,H,0.9963046
2,19,H,0.9930426
2,19,H,0.89545953
2,19,V,-1.0
2,19,V,-1.0
2,19,V,-1.0
2,20,V,-0.9432864
2,20,V,-0.96855927
2,20,V,0.39072478
2,20,V,-0.12380585
2,20,V,-0.08169114
2,20,V,-0.15374222
2,20,V,0.4083765
2,20,V,-0.056165352
2,20,V,-0.037698645
2,20,V,-0.12130353
2,20,V,0.94604015
2,20,V,0.68937516
2,20,V,0.79612005
2,21,H,-0.07204772
2,21,H,-0.056748755
2,21,H,-0.07039928
2,21,H,-0.040679686
2,21,H,-0.0538205
2,21,H,-0.03275686
2,21,H,-0.09680037
2,21,H,-0.08554413
2,22,V,-0.33658817
2,22,V,-0.7235817
2,22,V,-0.6865715
2,22,V,-0.7172615
2,23,H,1.0
2,23,H,1.0
2,23,H,1.0
2,23,H,0.99975103
2,23,V,-0.029835602
2,23,V,-0.09548687
2,23,V,-0.42062315
2,23,V,-0.12176835
2,23,V,-0.41809127
2,23,V,-0.06521357
2,23,V,-0.28199717
2,23,V,0.22788832
2,24,H,0.13305295
2,24,H,0.07037137
2,24,H,0.053923905
2,24,H,-0.4701182
2,24,H,-0.14615336
2,24,H,-0.094176665
2,24,H,-0.11218044
2,24,H,-0.4580033
2,24,H,-0.13750991
2,24,H,-0.116894
2,24,H,-0.07903252
2,24,V,-0.002076459
2,24,V,-0.013205594
2,24,V,0.009166357
2,24,V,-0.0063738287
2,25,H,0.044837695
2,25,H,-0.5212814
2,25,H,-0.68425894
2,25,H,-0.30544892
2,26,H,-0.0032314574
2,26,H,0.004180516
2,26,H,0.05991379
2,26,H,0.03899586
2,26,H,0.048818793
2,26,H,-0.01843439
2,26,H,0.05416441
2,26,H,0.015289438
2,26,V,0.23230718
2,26,V,0.16892593
2,26,V,0.18685326
2,26,V,0.13884094
2,26,V,0.20119433
2,27,V,-0.099879414
2,27,V,-0.040442172
2,27,V,-0.05064045
2,27,V,-0.090027414
2,28,H,-0.31638962
2,28,H,-0.40562528
2,28,H,-0.3744662
2,28,H,-0.44688186
2,28,V,-0.51147944
2,28,V,-0.597685
2,28,V,-0.17030136
2,28,V,-0.056689866
2,28,V,-0.21269062
2,28,V,-0.15210186
2,28,V,-0.030190311
2,28,V,-0.050391145
2,28,V,-0.187341
2,28,V,0.03258921
2,29,H,0.06714224
2,29,H,0.276671
2,29,H,0.05026059
2,29,H,0.2582017
2,29,H,0.29028258
2,29,H,0.3111125
2,29,H,0.21403383
2,29,H,0.3357797
2,29,H,0.39076385
2,29,H,0.4190955
2,29,H,0.43026054
2,29,H,0.45770097
2,29,V,-0.06546591
2,29,V,-0.7116387
2,29,V,-0.55870175
2,30,H,0.48277268
2,30,H,0.4600493
2,30,H,-0.7609687
2,30,V,-1.0
2,30,V,0.8201392
2,30,V,0.03468724
2,30,V,-0.013807171
2,30,V,-0.44332093
2,30,V,0.77897054
2,30,V,-0.02179107
2,30,V,0.09747976
2,30,V,-0.33198494
2,30,V,0.999881
2,30,V,0.9995359
2,30,V,0.9828379
2,31,H,-0.8078901
2,31,H,-0.8386861
2,31,H,-0.6851271
2,31,V,0.46744078
2,31,V,0.7621473
2,31,V,0.4553217
2,31,V,0.79031676
2,31,V,0.5092416
2,31,V,0.96274537
2,32,H,1.0
2,32,H,0.8822554
2,32,H,0.95773536
2,32,H,0.86171323
2,32,H,0.9277908
2,32,H,0.9337708
2,32,V,-0.30819964
2,32,V,0.2093383
2,32,V,0.34429896
2,32,V,0.23744899
2,32,V,0.33193582
2,32,V,0.5086183
2,32,V,0.8793704
2,32,V,0.8930226
2,32,V,1.0
2,33,H,0.6852581
2,33,H,1.0
2,34,H,0.7163258
2,34,H,0.4752921
2,34,H,0.47600096
2,34,H,0.6076269
2,35,H,-1.0
2,35,H,-1.0
2,35,V,0.89051586
2,35,V,1.0
2,35,V,1.0
2,35,V,1.0
2,35,V,1.0
2,36,H,-0.12983717
2,36,H,0.8179601
2,37,H,-1.0
2,37,H,-1.0
2,37,H,-1.0
2,37,H,-1.0
2,37,H,-1.0
2,37,H,1.0
2,37,H,1.0
2,37,H,1.0
2,37,H,1.0
2,37,H,1.0
2,37,V,1.0
2,37,V,1.0
2,37,V,1.0
2,37,V,1.0
2,37,V,1.0
2,37,V,-1.0
2,37,V,-1.0
2,37,V,-1.0
2,37,V,-1.0
2,37,V,-1.0
2,38,H,0.023842664
2,38,H,-0.48365417
2,38,H,-0.55268633
2,38,H,-0.6628213
2,38,H,0.40752497
2,38,H,0.6216997
2,38,H,0.39210662
2,38,H,-0.19261514
2,39,H,-0.8199004
2,39,H,-0.74663913
2,39,V,-0.011273946
2,39,V,0.50626487
2,39,V,0.36204904
2,39,V,0.5446291
2,39,V,-0.3520373
2,39,V,-0.036620937
2,39,V,0.19413687
2,39,V,0.13290432
2,39,V,-0.3275791
2,39,V,0.084643826
2,39,V,0.2724763
2,39,V,0.03697784
2,40,H,0.16424623
2,40,H,0.14361799
2,40,H,0.029727142
2,40,H,0.17035498
2,40,H,0.02666482
2,40,H,0.16621056
2,40,H,-0.20039463
2,40,H,0.0586338
2,40,H,0.16086012
2,40,H,0.10343687
2,40,H,-0.08911521
2,40,H,0.1735527
2,40,H,0.15976724
2,40,H,0.2364329
2,41,H,-0.9378647
2,41,H,-0.91512847
2,41,H,-0.87217736
2,41,V,-0.02990834
2,41,V,-0.09557512
2,41,V,-0.18965308
2,41,V,-0.09677409
2,41,V,-0.014586737
2,41,V,-0.10903091
2,41,V,0.02386918
2,41,V,-0.022499064
2,42,H,0.9937106
2,42,H,-0.99041784
2,42,H,1.0
2,42,H,-0.99639624
2,42,H,1.0
2,42,H,-0.99133646
2,42,H,1.0
2,42,H,-0.99882823
2,42,V,0.669509
2,42,V,0.7761902
2,42,V,0.7717554
2,42,V,0.81368244
2,42,V,-1.0
2,43,V,0.27326715
2,43,V,0.90814453
2,43,V,0.39058036
2,43,V,0.79287565
2,43,V,0.95083934
2,44,H,-0.06885644
2,44,H,-0.029045599
2,44,H,0.12322953
2,44,H,0.0037563138
2,44,H,-0.25780982
2,44,H,-0.16883507
2,44,H,-0.07111526
2,44,H,-0.075366385
2,44,H,-0.23220146
2,44,H,-0.10944076
2,44,H,-0.11685812
2,44,H,-0.046740204
2,44,H,-0.09462213
2,44,V,-0.37694266
2,44,V,-0.097657494
2,44,V,-0.17971744
2,44,V,-0.24996346
2,44,V,-0.06062255
2,44,V,-0.038939252
2,44,V,-0.09305467
2,44,V,0.11477045
2,44,V,-0.26449987
2,44,V,-0.032605544
2,44,V,-0.009628646
2,44,V,-0.055904713
2,44,V,0.14143628
2,44,V,-0.124664694
2,44,V,-0.10532099
2,44,V,0.04454822
2,44,V,0.05570931
2,44,V,0.3092485
2,45,V,-0.07882522
2,45,V,0.016321044
2,45,V,-0.022567937
2,45,V,-0.11274184
2,45,V,-0.07581046
2,45,V,0.14347804
2,45,V,0.35541233
2,45,V,0.0951719
2,45,V,-0.27080545
2,46,V,-1.0
2,47,H,-1.0
2,47,H,-1.0
2,47,H,-1.0
2,47,H,-1.0
2,47,V,-1.0
2,47,V,-1.0
2,47,V,-1.0
2,47,V,-1.0
2,48,H,1.0
2,48,V,0.17124389
2,48,V,0.790667
2,48,V,-0.39205477
2,48,V,0.038438752
2,49,H,0.84271616
2,49,H,0.62726694
2,49,H,0.75025934
2,49,H,0.57287455
2,49,H,0.32082093
2,49,V,-0.9113063
2,49,V,-0.17518473
2,49,V,-0.13743067
2,49,V,0.45538232
2,50,H,-0.13205913
2,50,H,-0.05276124
2,50,H,-0.071589075
2,50,H,0.2664032
2,50,H,0.27366725
2,50,H,-0.06972074
2,50,H,0.122302145
2,50,H,0.15701014
2,50,H,0.11705828
2,50,H,0.34972632
2,50,H,-0.13141254
2,50,H,0.06359307
2,50,H,0.07016627
2,50,H,0.15764816
2,50,H,0.16699235
2,50,H,-0.14679968
2,50,H,-0.11264852
2,50,H,-0.19351116
2,50,H,-0.47407833
2,50,H,-0.1532925
2,51,H,-0.39811304
2,51,V,0.25171837
2,51,V,0.37540397
2,51,V,0.3955818
2,51,V,0.33796084
2,51,V,0.23247568
2,52,V,-0.40736157
2,52,V,-0.3730756
2,52,V,0.006819272
2,52,V,0.0012007824
2,52,V,-0.031712033
2,52,V,-0.07221925
2,52,V,0.0022980296
2,52,V,0.018268114
2,52,V,0.00021023696
2,52,V,-0.082364246
2,53,H,1.0
2,53,H,1.0
2,53,H,1.0
2,53,H,1.0
2,53,V,1.0
2,53,V,1.0
2,53,V,1.0
2,53,V,1.0
2,54,H,0.029935308
2,54,H,0.52303934
2,54,H,0.089191
2,54,H,0.61750966
2,54,H,0.12999254
2,54,H,0.0768477
2,54,H,0.5620138
2,54,H,0.4983425
2,54,V,-0.91325736
2,54,V,-0.8798433
2,54,V,-0.88174844
2,54,V,-0.9551956
2,55,V,-0.95472544
2,55,V,-0.597384
2,55,V,0.024027659
2,55,V,0.07460357
2,55,V,0.38063243
2,55,V,0.12834439
2,55,V,0.11192082
2,55,V,0.6553663
2,56,H,-0.4317017
2,56,H,-0.16769028
2,56,H,-0.45565537
2,56,H,-0.5218902
2,56,H,-0.625935
2,56,H,-0.5196409
2,56,H,-0.56716925
2,56,H,-0.49570984
2,56,H,-0.6479221
2,56,H,-0.5064343
2,56,H,-0.44889596
2,56,H,-0.744555
2,56,H,-0.8296475
2,56,H,-0.74553365
2,56,V,0.33743107
2,56,V,0.08564295
2,56,V,0.025423445
2,56,V,0.107042946
2,56,V,0.375748
2,56,V,0.06077741
2,56,V,0.25354567
2,56,V,0.28810123
2,56,V,0.3419903
2,56,V,0.21378703
2,56,V,0.33172998
2,56,V,0.22188629
2,56,V,0.9594944
2,56,V,0.5590601
2,56,V,0.7807012
2,56,V,0.76810277
2,57,H,0.97646046
2,57,V,0.8399659
2,58,H,-0.24204676
2,58,H,-0.10117646
2,58,H,-0.2011957
2,58,H,-0.16115077
2,58,H,-0.0025852525
2,58,H,-0.24754705
2,58,H,-0.1448844
2,58,H,-0.12658577
2,58,H,-0.15293473
2,58,H,0.008021761
2,59,H,0.07007655
2,59,H,0.16986005
2,59,H,0.33581772
2,59,H,0.17782354
2,59,H,0.122941725
2,59,H,0.056162514
2,59,H,0.2799301
2,59,H,0.2084357
2,59,H,0.08887514
2,59,H,0.1647594
2,59,H,0.2441454
2,59,H,0.19289108
2,59,H,0.105419226
2,59,H,0.096994944
2,60,H,1.0
2,60,H,1.0
2,60,H,1.0
2,60,H,1.0
2,60,H,1.0
2,60,V,-1.0
2,60,V,-1.0
2,60,V,-1.0
2,60,V,-1.0
2,61,V,0.34851423
2,61,V,0.31272897
2,61,V,0.36789235
2,61,V,0.14321493
2,61,V,0.09578215
2,61,V,0.19923581
2,61,V,0.086272374
2,61,V,0.111804046
2,61,V,0.20744254
2,61,V,0.1241077
2,61,V,-0.24113046
2,61,V,-0.10687942
2,61,V,-0.100183256
2,61,V,-0.67699695
2,62,H,-0.14088643
2,62,H,-0.14198518
2,62,H,0.039476138
2,62,H,-0.005741596
2,62,H,-0.009828302
2,62,H,0.011870763
2,62,H,0.113426685
2,62,H,0.04892672
2,62,H,-0.016556561
2,62,H,-0.028747298
2,62,H,0.046259522
2,62,V,0.1300779
2,62,V,0.14693522
2,62,V,0.21710007
2,62,V,0.02978617
2,62,V,0.031927854
2,62,V,0.09049659
2,62,V,0.17950703
2,62,V,0.040746022
2,62,V,0.025755549
2,62,V,0.04937736
2,62,V,0.17238748
2,62,V,0.42365527
2,63,H,-0.09554254
2,63,H,0.25795546
2,63,V,0.3695677
2,63,V,0.39184436
2,63,V,0.1551418
2,63,V,0.2128734
2,64,V,0.16973256
2,64,V,0.15600488
2,64,V,0.18668167
2,64,V,0.1874409
2,65,H,0.4587929
2,65,H,0.25315973
2,65,H,0.4917227
2,65,H,0.33012062
2,65,H,0.2128409
2,65,H,0.22852828
2,65,H,0.20024051
2,65,H,-0.04884911
2,65,H,-0.04508824
2,66,H,0.96360373
2,66,H,1.0
2,66,H,1.0
2,66,H,1.0
2,66,H,1.0
2,66,H,0.99884045
2,66,H,1.0
2,66,H,0.9995312
2,66,V,-0.9923042
2,66,V,-0.99576277
2,66,V,-1.0
2,66,V,-1.0
2,66,V,-1.0
2,66,V,-1.0
2,66,V,-1.0
2,66,V,-1.0
2,66,V,-0.99953693
2,66,V,-1.0
2,66,V,-1.0
2,66,V,-1.0
2,67,H,-0.43303737
2,67,H,-0.30321816
2,67,V,-0.4637846
2,67,V,-0.4528831
2,67,V,-0.29850644
2,67,V,-0.51478726
2,67,V,-0.5707908
2,67,V,-0.636197
2,67,V,-0.64253277
2,68,H,0.9965589
2,68,H,0.18947943
2,68,H,0.46498695
2,68,H,0.22819908
2,68,H,0.9349814
2,68,H,0.99848807
2,68,H,0.40798756
2,68,H,0.06430007
2,68,H,0.2603494
2,68,H,0.93076885
2,68,V,0.37236747
2,68,V,0.11787262
2,68,V,0.6877886
2,68,V,-0.03608581
2,68,V,0.44106957
2,68,V,-0.12686276
2,68,V,0.86883634
2,69,H,-0.19892608
2,69,H,-0.13495827
2,69,H,-0.33215353
2,69,H,-0.22409832
2,69,H,-0.2643402
2,69,H,-0.3275985
2,69,V,-0.25984418
2,69,V,-0.2943725
2,69,V,-0.4792601
2,69,V,-0.2469757
2,69,V,-0.371303
2,69,V,-0.48808107
2,69,V,-0.2672054
2,69,V,-0.33008406
2,69,V,-0.44248873
2,69,V,-0.23152602
2,69,V,-0.14354177
2,70,H,0.56667894
2,70,V,-0.22411582
2,70,V,-0.56737804
2,70,V,-0.36064786
2,70,V,-0.352277
2,71,V,-0.37810487
2,71,V,-0.21774481
2,71,V,-0.14022037
2,71,V,-0.20253365
2,71,V,-0.060348794
2,71,V,-0.09566461
2,72,H,0.079105765
2,72,H,0.05616068
2,72,H,0.054761004
2,72,H,-0.044192884
2,72,V,-0.51585495
2,72,V,-0.33384427
2,72,V,-0.5289983
2,73,H,-0.99912316
2,73,H,-0.9915445
2,73,H,-0.9852687
2,73,H,-0.9973692
2,73,V,0.99522334
2,73,V,0.9993788
2,73,V,0.9987577
2,73,V,0.9945409
2,74,H,0.9818376
2,74,H,0.977045
2,74,H,0.966799
2,75,H,-0.70634234
2,75,H,-0.52879536
2,75,V,0.63107115
2,75,V,0.82669586
2,75,V,0.8623757
2,75,V,0.63218844
2,75,V,0.6500263
2,75,V,0.41998765
2,75,V,0.49452224
2,75,V,0.26083106
2,76,H,-0.06014068
2,76,H,0.0642009
2,76,H,0.12979378
2,76,H,0.01708068
2,76,H,0.29684007
2,76,V,0.42305833
2,76,V,0.20251629
2,76,V,0.042602852
2,77,H,0.28031856
2,77,H,0.28107372
2,77,H,0.3976401
2,77,H,0.16501413
2,77,H,0.05537249
2,77,H,0.015887622
2,77,H,0.029371811
2,77,H,-0.014127141
2,77,H,0.07601718
2,77,H,0.0062990915
2,77,H,-0.003046251
2,77,H,0.040535897
2,77,H,-0.1702336
2,77,H,-0.15031452
2,78,V,-0.34069338
2,78,V,0.025940347
2,78,V,0.016789682
2,78,V,0.09918998
2,79,V,-0.98864347
2,79,V,-1.0
2,79,V,-1.0
2,79,V,-1.0
2,80,H,-0.12706867
2,80,V,0.3191566
2,80,V,0.44766712
2,80,V,0.6927258
2,80,V,0.6289142
2,80,V,0.58560663
2,80,V,0.03296912
2,80,V,0.21910058
2,80,V,0.38567302
2,80,V,0.273311
2,80,V,0.5935931
2,80,V,-0.012986781
2,80,V,0.34997022
2,80,V,0.33925095
2,80,V,0.28606138
2,80,V,0.58639634
2,81,H,-0.19263391
2,81,H,-0.19385825
2,81,H,-0.22669986
2,81,H,-0.18613413
2,81,H,0.24499545
2,81,H,0.3145486
2,81,H,0.30993629
2,81,H,0.27544373
2,81,V,-0.99776053
2,82,H,-0.12165965
2,82,H,-0.08506568
2,82,V,-0.8263706
2,82,V,-0.47059965
2,82,V,-0.50629056
2,83,H,0.11887044
2,83,H,0.21935359
2,83,H,0.18857698
2,83,H,0.016700782
2,83,H,0.01667468
2,83,H,0.01279411
2,83,H,0.11400807
2,83,H,0.019563526
2,83,H,0.026661394
2,83,H,0.011083495
2,83,H,0.033627093
2,83,H,-0.19749644
2,83,H,-0.096989706
2,83,V,-0.18488249
2,83,V,-0.25237072
2,83,V,-0.24691229
2,83,V,-0.3210153
2,83,V,-0.1609495
2,83,V,0.015771866
2,83,V,-0.059877615
2,83,V,-0.056475468
2,83,V,-0.030118486
2,83,V,-0.06244686
2,83,V,0.032361887
2,83,V,-0.06393788
2,83,V,-0.05035541
2,83,V,-0.07608495
2,83,V,-0.06285777
2,84,H,1.0
2,84,H,1.0
2,84,H,1.0
2,84,H,0.99965817
2,84,H,1.0
2,84,H,-0.90864855
2,84,H,0.99877465
2,84,H,1.0
2,84,V,-1.0
2,84,V,-1.0
2,84,V,-1.0
2,85,H,0.23970087
2,85,H,0.37250224
2,85,H,0.3722015
2,85,H,0.35518366
2,85,H,0.40165374
2,85,V,0.12533724
2,85,V,0.05328361
2,85,V,0.2117768
2,85,V,-0.12577206
2,85,V,0.17374521
2,85,V,-0.044867516
2,85,V,0.16699955
2,85,V,-0.27846032
2,85,V,-0.15092012
2,85,V,0.016950255
2,86,H,0.5622007
2,86,H,0.33629072
2,86,H,0.24341504
2,86,H,0.14573744
2,86,H,0.049813125
2,86,H,0.043663982
2,86,H,0.09112674
2,86,H,-0.053209372
2,86,V,0.14893557
2,86,V,-0.0029908821
2,86,V,-0.07267507
2,86,V,-0.12085523
2,86,V,0.41585264
2,86,V,0.12047821
2,86,V,0.002823078
2,86,V,0.3926156
2,86,V,0.098730154
2,86,V,0.0075926674
2,86,V,0.3411333
2,86,V,0.12145012
2,86,V,0.2028677
2,86,V,0.16791065
2,86,V,0.15661745
2,87,H,0.9993184
2,87,H,0.9629697
2,87,H,0.94424576
2,87,V,-0.98967963
2,87,V,-0.95788014
2,87,V,0.25082564
2,87,V,0.027406378
2,87,V,0.93104994
2,87,V,-0.9547061
2,87,V,0.14139722
2,87,V,0.06331427
2,87,V,0.9108416
2,87,V,0.36142036
2,87,V,0.3117095
2,87,V,0.9282404
2,88,V,1.0
2,88,V,1.0
2,88,V,1.0
2,89,H,-0.3437055
2,89,H,-0.82400936
2,89,H,-0.87200737
2,89,H,-0.66662323
2,89,H,-0.8508262
2,89,H,-0.22572659
2,89,H,-0.774107
2,90,H,-1.0
2,90,V,1.0
2,91,H,1.0
2,91,H,1.0
2,91,H,1.0
2,91,H,1.0
2,91,H,0.07071709
2,91,H,0.033232287
2,91,H,0.14099848
2,91,H,0.16014934
2,91,H,-0.9750286
2,91,V,0.8215378
2,91,V,0.9074901
2,92,V,0.046125658
2,92,V,-0.15743159
2,92,V,-0.094876185
2,93,H,1.0
2,93,H,1.0
2,93,V,0.21875337
2,93,V,0.39690685
2,93,V,0.30412886
2,93,V,0.84072375
2,93,V,0.5548901
2,93,V,0.5091883
2,93,V,0.70893997
2,93,V,0.77968836
2,93,V,0.37818637
2,93,V,0.55625
2,93,V,0.6262403
2,93,V,0.78386116
2,94,H,0.3502407
2,94,H,0.3157028
2,94,H,0.25847766
2,94,H,0.26734897
2,94,H,0.30858484
2,94,H,0.28573543
2,94,H,0.44759616
2,94,H,0.3932847
2,94,H,0.48122182
2,94,H,0.5120149
2,94,H,0.30118918
2,94,H,0.40954533
2,94,H,0.42680266
2,94,H,0.48284692
2,94,H,0.5562488
2,94,H,0.3507658
2,94,H,0.3412328
2,94,V,0.10792576
2,94,V,0.020211194
2,94,V,0.09287934
2,94,V,-0.1045036
2,94,V,0.07705232
2,94,V,-0.029621348
2,94,V,0.13513456
2,95,H,0.07438204
2,95,H,0.047844864
2,95,H,0.09781377
2,95,H,0.03372724
2,95,H,0.10675337
2,95,H,0.006456014
2,95,H,0.01265656
2,95,H,-0.0003842048
2,95,V,-0.22390205
2,95,V,-0.40162924
2,95,V,-0.023422033
2,95,V,-0.014018446
2,95,V,-0.01674444
2,95,V,0.015879797
2,96,H,-1.0
2,96,H,-1.0
2,96,H,-1.0
2,96,H,-0.9915096
2,96,H,-0.36908123
2,96,V,0.43171778
2,96,V,-0.81136227
2,97,H,-0.38911876
2,97,H,-0.25482643
2,97,H,-0.24130772
2,97,H,-0.3491533
2,97,H,-0.36739534
2,97,H,-0.24626462
2,97,H,-0.2663893
2,97,H,-0.36774105
2,97,H,-0.23617166
2,97,H,-0.2757943
2,97,H,-0.26441333
2,97,H,-0.21316257
2,97,H,-0.15061848
2,97,V,0.0012477098
2,97,V,0.09653244
2,97,V,0.07203047
2,97,V,0.08310368
2,97,V,0.07157824
2,97,V,0.062345464
2,97,V,0.053961676
2,97,V,0.047513615
2,97,V,0.10163794
2,97,V,0.06985675
2,97,V,0.04347534
2,97,V,-0.1033738
2,97,V,0.011787349
2,97,V,-0.0035684693
2,97,V,0.006605663
2,97,V,-0.219778
2,98,H,0.06631651
2,98,H,-0.1949586
2,98,H,-0.1230948
2,98,H,-0.43289438
2,98,H,-0.12866922
2,98,H,-0.25022262
2,98,H,-0.0622337
2,98,H,-0.20888759
2,98,H,-0.1805171
2,98,H,-0.31229845
2,98,H,-0.289971
2,98,H,-0.2897792
2,98,H,-0.21197735
2,98,H,-0.20455518
2,98,H,-0.25222135
2,99,H,-0.5549145
2,99,H,-0.6414702
2,99,H,-0.3893286
2,99,H,-0.896727
2,99,H,0.09188136
2,99,H,-0.09079038
2,99,H,0.03226207
2,99,H,0.14521931
2,99,H,0.084779486
2,99,H,-0.04919496
2,99,H,0.43083516
2,99,H,0.5487955
2,99,H,0.36908552
2,99,H,0.16227119
2,99,V,0.536816
2,99,V,0.5544686
2,99,V,-0.44745886
2,99,V,-0.677704
2,99,V,-0.6265163
2,100,V,0.039994404
2,100,V,0.026566152
2,100,V,-0.07905814
2,100,V,0.022859115
2,100,V,-0.10735315
2,100,V,0.08365006
2,100,V,0.05611684
2,100,V,0.090309955
2,100,V,-0.078328796
2,100,V,-0.21671893
2,100,V,0.051237866
2,100,V,-0.06632875
2,100,V,-0.07729158
2,101,H,0.1118646
2,101,H,-0.0815846
2,101,H,-0.004007851
2,101,H,-0.16638917
2,101,V,-0.2844816
2,101,V,-0.09716297
2,101,V,-0.106627665
2,101,V,0.03483782
2,101,V,-0.066318356
2,101,V,-0.11741048
2,101,V,0.008182169
2,101,V,0.09655527
2,101,V,-0.045106787
2,101,V,-0.13191967
2,103,H,0.04781364
2,103,H,0.04778722
2,103,H,0.17163439
2,103,H,0.015929053
2,103,H,0.07481404
2,103,H,0.063704014
2,103,H,-0.0224812
2,103,H,0.039113134
2,103,H,-0.033070225
2,103,H,0.010831648
2,103,H,0.08487128
2,103,H,-0.009571022
2,103,H,-0.011748519
2,103,H,0.03151388
2,103,H,0.07534534
2,103,H,-0.016160967
2,103,H,-0.07347496
2,103,H,-0.11598786
2,103,H,-0.021300668
2,103,H,0.00083131867
2,104,H,1.0
2,104,H,0.99986535
2,104,H,1.0
2,104,H,1.0
2,104,H,0.99750525
2,104,V,-1.0
2,104,V,-1.0
2,104,V,-1.0
2,104,V,-1.0
2,104,V,-0.98260313
2,105,H,-0.52138424
2,105,V,0.23850738
2,105,V,0.098412864
2,105,V,0.1167887
2,105,V,-0.066087976
2,106,H,-0.05205587
2,106,H,0.13099673
2,106,V,-0.10456998
2,106,V,-0.1255015
2,106,V,-0.24175112
2,106,V,-0.11947395
2,106,V,-0.09259017
2,107,H,0.17796828
2,107,H,0.4764172
2,107,V,0.21344903
2,107,V,-0.22630185
2,107,V,0.15033615
2,107,V,0.18360673
2,107,V,0.22104114
2,108,H,1.0
2,108,V,0.43693244
2,108,V,0.028550435
2,109,H,0.06176707
2,109,H,0.27304518
2,109,H,0.9246443
2,109,H,0.689537
2,109,H,0.7840158
2,109,V,0.22140904
2,109,V,-0.04409789
2,109,V,-0.06562148
2,109,V,0.06098809
2,109,V,0.00034251212
2,109,V,-0.2752178
2,109,V,-0.15341052
2,109,V,-0.16399458
2,109,V,-0.36598966
2,109,V,-0.06301236
2,109,V,-0.22756238
2,109,V,-0.15310198
2,109,V,-0.2606479
2,109,V,-0.327152
2,109,V,-0.36140144
2,110,H,0.2825472
2,110,H,-0.32301864
2,110,H,-0.0609822
2,110,V,0.007308116
2,110,V,-0.10582959
2,110,V,-0.057122827
2,110,V,0.19378059
2,111,V,0.14220253
2,111,V,0.20180875
2,111,V,0.1948761
2,111,V,0.14506789
2,111,V,0.20013796
2,111,V,0.14734451
2,111,V,0.21910691
2,111,V,0.19738401
2,111,V,0.18047743
2,111,V,0.21062739
2,111,V,0.21066777
2,111,V,0.5169493
2,112,H,0.84601337
2,112,H,0.9042072
2,112,H,0.88443285
2,112,H,0.78811383
2,112,H,0.91269964
2,112,H,0.93624324
2,112,H,0.20015103
2,112,H,0.8686509
2,112,H,0.8940357
2,112,H,0.23468837
2,112,H,0.9941887
2,112,H,0.8659592
2,112,H,0.8162429
2,112,H,0.40904486
2,112,V,1.0
2,112,V,0.97472936
2,112,V,0.9989708
2,112,V,0.9976695
2,112,V,0.9966002
2,112,V,1.0
2,112,V,1.0
2,112,V,0.99883115
2,112,V,0.99882054
2,112,V,0.9947219
2,112,V,1.0
2,112,V,0.99743867
2,112,V,0.97603923
2,112,V,0.98844624
2,112,V,0.99977744
2,113,H,-0.7310016
2,113,H,-0.82815796
2,113,H,-0.67683667
2,113,H,-0.4738127
2,113,H,-0.8785438
2,113,H,-0.5091379
2,113,H,-0.62145084
2,113,H,-0.831005
2,113,H,-0.521968
2,113,V,0.041145988
2,114,H,0.74817204
2,114,V,-0.7977252
2,114,V,-0.8123467
2,114,V,0.47014385
2,114,V,0.42327145
2,114,V,-0.67688656
2,114,V,-0.9454822
2,115,H,0.06365411
2,115,H,0.025529139
2,115,H,0.04150005
2,115,H,0.045153413
2,115,H,0.0039817374
2,115,H,0.045525454
2,115,H,0.05462809
2,115,H,0.044518836
2,115,H,0.05704619
2,115,H,-0.016577667
2,115,V,0.13274454
2,115,V,0.12809402
2,115,V,0.07304501
2,115,V,0.15283157
2,115,V,0.108389705
2,115,V,0.15129958
2,115,V,0.14651598
2,115,V,0.07493434
2,115,V,0.13630562
2,115,V,0.12813753
2,115,V,0.01736766
2,115,V,0.008687308
2,115,V,0.016045826
2,115,V,0.113216706
2,116,H,1.0
2,116,V,0.2573559
2,116,V,0.54378563
2,116,V,0.46621388
2,116,V,0.9081574
2,116,V,0.031085722
2,117,H,-0.39792755
2,117,H,-0.15229443
2,117,H,-0.21184029
2,117,H,-0.33704808
2,117,H,-0.4670978
2,117,H,-0.32667145
2,117,H,-0.21228173
2,117,H,-0.43154734
2,117,H,-0.5430591
2,117,H,-0.5232574
2,117,H,-0.36177012
2,117,H,-0.31455436
2,117,H,-0.15723465
2,117,H,-0.4671881
2,117,H,-0.66725785
2,117,V,-0.08363579
2,117,V,-0.032690614
2,117,V,0.07905214
2,117,V,0.33311057
2,117,V,-0.07061576
2,117,V,-0.0012519435
2,117,V,-0.08747463
2,117,V,0.2863842
2,117,V,0.04075316
2,117,V,0.12218842
2,117,V,-0.019798603
2,117,V,-0.017912714
2,117,V,0.30378017
2,117,V,0.14016771
2,118,H,-0.018571422
2,118,H,-0.02552657
2,118,H,-0.047420733
2,118,H,-0.025370253
2,118,H,0.019782012
2,118,H,-0.027475854
2,118,H,-0.051556043
2,118,H,-0.04029193
2,118,H,-0.02517956
2,118,H,0.04166133
2,118,V,-0.33200347
2,118,V,0.02577474
2,118,V,0.0374318
2,119,H,0.34542724
2,119,H,0.46898872
2,119,H,0.48677415
2,119,V,-0.21035638
2,119,V,-0.9896476
2,120,H,0.066416375
2,120,H,0.39418337
2,120,H,0.4687291
2,120,H,0.09194545
2,120,H,-0.4333862
2,120,H,0.007403307
2,120,H,-0.43006107
2,120,H,-0.10940137
2,120,H,-0.011591324
2,120,H,-0.561124
2,120,V,-0.20947896
2,120,V,-0.36126992
2,120,V,-0.0936329
2,120,V,-0.11484403
2,120,V,0.5322693
2,121,H,0.17336255
2,121,H,0.023538662
2,121,H,-0.11270426
2,121,H,0.09074676
2,121,H,-0.09995445
2,121,H,0.06393542
2,121,H,-0.062360596
2,121,H,-0.119392365
2,121,H,-0.12214614
2,121,H,-0.058793757
2,121,H,-0.08830698
2,121,V,-0.02267278
2,121,V,-0.11508915
2,121,V,-0.35960448
2,121,V,0.19942512
2,121,V,-0.21766724
2,121,V,-0.20935024
2,121,V,-0.13695246
2,121,V,-0.19036722
2,121,V,-0.07003192
2,121,V,0.012943044
2,121,V,0.056762114
2,121,V,-0.037383933
2,122,H,-0.100013345
2,122,H,-0.067500465
2,122,H,-0.06792198
2,122,H,-0.111471295
2,122,H,-0.013758067
2,122,V,0.121382885
2,122,V,0.05353357
2,122,V,0.0666076
2,122,V,0.052260444
2,123,H,-0.9348238
2,123,H,-1.0
2,123,H,-1.0
2,123,H,-1.0
2,123,H,-0.9996425
2,123,H,0.7025202
2,123,H,0.47773787
2,123,H,0.3750018
2,123,H,0.5047409
2,123,V,0.9990203
2,123,V,0.8683123
2,123,V,-0.70830184
2,123,V,-0.8920176
2,124,V,0.1672262
2,124,V,-0.00914824
2,124,V,-0.0009030811
2,124,V,-0.08432187
2,125,H,-1.0
2,125,H,-1.0
2,125,H,-0.99817747
2,125,H,-0.9993527
2,125,V,0.85318035
2,125,V,-0.96795267
2,125,V,-0.15549302
2,125,V,0.63244975
2,125,V,0.8347052
2,126,V,-0.6217119
2,126,V,-0.40272284
2,126,V,-0.11207637
2,126,V,-0.51315933
2,126,V,-0.39993936
2,126,V,-0.40232202
2,126,V,-0.8809934
2,126,V,-0.3968454
2,126,V,-0.5136225
2,126,V,-0.29131296
2,127,H,-0.0068882913
2,127,H,-0.0039077653
2,127,H,-0.021366363
2,127,H,0.010809323
2,127,H,0.026545119
2,127,H,-0.0029259657
2,127,H,-0.026683068
2,127,H,-0.016057085
2,127,H,0.02168544
2,127,H,0.029357236
2,128,H,1.0
2,128,V,-0.13788624
2,128,V,-0.13570836
2,128,V,0.0660365
2,129,V,0.14344686
2,129,V,0.09941388
2,129,V,0.07329688
2,129,V,0.15508687
2,129,V,0.10716304
2,129,V,0.003601328
2,129,V,0.39042085
2,130,H,-0.96081334
2,131,H,-0.28706634
2,131,H,-0.1597327
2,131,H,-0.25576794
2,131,H,-0.059914596
2,131,H,0.00924659
2,131,H,0.07332399
2,131,V,0.4308814
2,131,V,0.12560606
2,132,H,0.097092465
2,132,H,0.08498046
2,132,H,-0.20555529
2,132,V,0.07208716
2,132,V,-0.046781324
2,132,V,0.11004889
2,132,V,0.1071612
2,132,V,0.036705304
2,132,V,0.0930705
2,133,H,0.57353866
2,133,H,0.47065523
2,133,H,0.32784024
2,133,H,0.8232555
2,134,H,-0.5090505
2,134,H,-0.40876418
2,134,H,-0.39525127
2,134,H,-0.24633877
2,135,H,-0.43650436
2,135,H,-0.12119422
2,135,H,-0.36002958
2,135,H,-0.030539904
2,135,H,0.014719433
2,136,H,-0.1269855
2,136,H,-0.13493587
2,136,H,0.2524843
2,136,H,0.1845735
2,136,H,-0.40662712
2,136,H,0.04035626
2,136,H,0.19057864
2,136,H,0.11595486
2,136,H,-0.11161802
2,136,H,0.74941415
2,136,H,-0.3468615
2,136,H,0.060902994
2,136,H,0.050718524
2,136,H,-0.3545559
2,136,V,-0.24428995
2,136,V,-0.08602635
2,136,V,0.14779444
2,136,V,-0.2652125
2,136,V,-0.07286431
2,136,V,0.20850274
2,136,V,-0.23175044
2,136,V,-0.12124282
2,136,V,-0.18022053
2,136,V,-0.08486728
2,136,V,0.3354179
2,136,V,-0.2256406
2,136,V,0.063550115
2,137,H,1.0
2,137,V,-0.99933845
2,137,V,-1.0
2,137,V,-1.0
2,137,V,-1.0
2,137,V,-1.0
2,138,H,0.06459728
2,138,H,0.048258223
2,138,H,-0.045397837
2,138,H,-0.012414535
2,138,H,-0.00011924188
2,138,H,-0.013190634
2,138,H,-0.010285276
2,138,H,0.009743784
2,138,H,-0.14370008
2,138,H,-0.13132095
2,138,V,-0.14855044
2,138,V,-0.03167986
2,138,V,-0.005905203
2,138,V,0.015193765
2,138,V,0.002661669
2,138,V,0.001021866
2,138,V,-0.017813759
2,138,V,-0.0047707385
2,138,V,0.020245597
2,138,V,0.09002856
2,139,V,0.18870124
2,139,V,0.00289295
2,139,V,0.020099571
2,139,V,-0.11236026
2,139,V,0.17795584
2,139,V,-0.059942756
2,139,V,0.1696494
2,139,V,0.041687902
2,140,H,0.9975465
2,140,H,0.9814498
2,140,H,0.9772814
2,140,H,0.84340626
2,140,V,-0.83789086
2,141,H,0.79822284
2,141,H,0.79136187
2,141,H,0.6049985
2,141,V,0.66131485
2,141,V,0.76234424
2,141,V,0.74009585
2,141,V,0.96501994
2,142,H,0.4310224
2,142,H,0.6827242
2,142,H,0.45310703
2,142,H,0.5466921
2,142,H,0.29467586
2,142,H,0.5900498
2,142,H,0.26643693
2,142,H,0.31680205
2,142,H,0.39499363
2,142,H,0.31968778
2,142,H,0.31758785
2,142,H,0.5106998
2,142,H,0.40075853
2,142,V,0.6994108
2,142,V,0.8478541
2,142,V,0.94563216
2,143,H,0.20197412
2,143,H,0.2879795
2,143,H,0.30428234
2,143,H,0.34068683
2,143,H,0.24480462
2,143,H,-0.13767768
2,143,H,-0.042047206
2,143,H,-0.034437343
2,143,H,-0.017317582
2,143,H,0.03395199
2,143,H,-0.13706884
2,143,H,-0.025897231
2,143,H,-0.05579046
2,143,H,-0.0012923852
2,143,H,0.029882772
2,143,V,-0.34037775
2,143,V,-0.14434682
2,143,V,-0.049355093
2,143,V,-0.09835758
2,143,V,-0.14476122
2,143,V,-0.051332857
2,143,V,-0.117594026
2,144,H,0.95570606
2,144,H,0.9770382
2,144,H,0.9846202
2,144,H,0.9728236
2,144,V,1.0
2,144,V,1.0
2,144,V,1.0
2,144,V,0.9973599
2,145,H,0.38273817
2,145,V,-0.88474625
2,146,H,-0.30674058
2,146,H,-0.04284541
2,146,H,-0.07210963
2,146,H,-0.00932241
2,146,H,-0.0660298
2,146,H,-0.30519688
2,146,H,-0.046445385
2,146,H,-0.04881612
2,146,H,-0.026598657
2,146,H,-0.058941334
2,146,V,-0.12274469
2,146,V,-0.13137893
2,147,H,0.07274733
2,147,H,0.07944794
2,147,H,0.16056414
2,147,H,-0.0592649
2,147,H,-0.11602244
2,147,H,-0.053841073
2,147,H,0.2502156
2,147,H,-0.03265863
2,147,H,-0.10024573
2,147,H,-0.15335725
2,147,H,0.045144364
2,147,H,-0.2419088
2,147,H,-0.27057686
2,147,H,-0.3320647
2,147,V,-0.31078985
2,147,V,-0.29150698
2,147,V,0.1945018
2,147,V,0.0008960918
2,147,V,0.0966169
2,147,V,-0.15946348
2,147,V,0.01646163
2,147,V,-0.032285955
2,147,V,0.11310779
2,147,V,0.402999
2,147,V,0.4639277
2,147,V,0.30560002
2,147,V,0.22905478
2,148,H,1.0
2,148,V,1.0
2,148,V,-1.0
2,149,H,1.0
2,149,H,0.92089194
2,149,H,-0.03692398
2,149,V,0.94311726
2,149,V,1.0
2,150,V,-0.18333931
2,150,V,-0.38656166
2,150,V,-0.38189152
2,151,H,0.043040123
2,151,H,0.045431133
2,151,V,0.02548006
2,151,V,-0.115810424
2,151,V,-0.1671337
2,151,V,-0.07595081
2,151,V,0.020379512
2,151,V,-0.09837559
2,151,V,-0.11611863
2,151,V,-0.07317465
2,152,H,1.0
2,153,V,0.17181814
2,153,V,0.030510958
2,153,V,0.016510647
2,153,V,-0.0607928
2,154,H,0.6037281
2,154,H,-0.28934705
2,154,H,0.017268248
2,154,H,-0.29351535
2,154,H,0.5664707
2,154,H,0.6871646
2,154,H,-0.11501967
2,154,H,0.5475461
2,155,V,0.0033649893
2,155,V,-0.019800099
2,155,V,0.05114086
2,155,V,0.10174642
2,155,V,0.065287955
2,155,V,0.13599993
2,155,V,0.12879866
2,155,V,0.12643097
2,155,V,0.12510201
2,155,V,0.14708233
2,155,V,0.11133051
2,155,V,0.19477753
2,157,H,-0.47178757
2,157,H,-0.6299796
2,157,H,0.99753535
2,157,H,0.99893796
2,157,H,0.9906061
2,157,H,1.0
2,157,V,0.8703453
2,157,V,0.97918993
2,157,V,0.9636086
2,157,V,-0.881111
2,157,V,-0.96314883
2,157,V,-0.98131895
2,157,V,-0.9628619
2,158,H,-1.0
2,158,H,-0.9875937
2,158,H,-1.0
2,158,H,-1.0
2,158,H,-0.96819115
2,158,V,0.87225044
2,158,V,0.9309366
2,158,V,0.9981656
2,158,V,0.9891391
2,158,V,-0.30193436
2,159,H,-0.9062689
2,159,H,-0.9387504
2,159,H,-0.95502955
2,159,H,-0.8029039
2,159,V,0.99955946
2,159,V,1.0
2,159,V,1.0
2,159,V,1.0
2,160,H,-0.056326643
2,160,H,-0.025292967
2,160,H,-0.02604199
2,160,H,0.0704222
2,160,H,-0.057650354
2,160,H,-0.11743996
2,160,H,-0.052592486
2,160,H,0.076230325
2,160,H,-0.051312584
2,160,H,-0.047022235
2,160,H,-0.097380415
2,160,H,-0.24890852
2,160,H,-0.20491992
2,160,H,-0.2365136
2,160,V,-0.08819097
2,160,V,-0.3283416
2,160,V,-0.2665131
2,160,V,0.100723736
2,160,V,-0.061416797
2,160,V,-0.031253733
2,160,V,-0.014941939
2,160,V,-0.08773286
2,160,V,0.09096469
2,160,V,-0.05533986
2,160,V,-0.037247952
2,160,V,-0.03452722
2,160,V,-0.116354205
2,160,V,0.10994891
2,160,V,0.13346206
2,161,H,-0.3449759
2,161,H,0.43529597
2,161,V,-1.0
2,162,H,0.04791732
2,162,H,0.57197046
2,162,H,0.90072685
2,163,H,1.0
2,163,H,1.0
2,163,H,0.15884015
2,163,H,1.0
2,163,H,0.7302564
2,163,H,1.0
2,163,V,-0.5234644
2,164,H,0.11897321
2,164,H,0.044095118
2,164,H,0.050233033
2,164,H,-0.017155083
2,164,V,0.95501393
2,164,V,0.9766878
2,164,V,0.990776
2,164,V,0.99789625
2,164,V,0.98815686
2,165,V,-1.0
2,165,V,-1.0
2,165,V,-1.0
2,165,V,-1.0
2,166,H,-1.0
2,166,H,-1.0
2,166,H,-1.0
2,166,H,-0.9996588
2,166,V,1.0
2,166,V,1.0
2,166,V,1.0
2,166,V,1.0
2,167,H,0.68007
2,167,H,0.93348974
2,167,H,0.9886364
2,167,H,0.9620235
2,167,V,0.48385835
2,167,V,-0.5622573
2,168,H,-0.2202358
2,168,H,-0.14488095
2,168,H,-0.17884314
2,168,H,0.51099634
2,168,H,0.9318451
2,168,V,0.3456729
2,168,V,0.41949546
2,168,V,-0.011018878
2,168,V,-0.1725746
2,169,V,-0.11796186
2,169,V,-0.45930976
2,170,H,0.25611866
2,170,H,0.9793777
2,170,H,-0.08934399
2,170,H,-0.71397525
2,170,H,0.028508198
2,170,H,-0.6716292
2,170,V,0.99325466
2,170,V,0.91099906
2,170,V,0.9521807
2,170,V,0.9850429
2,171,H,-0.65966886
2,171,H,-0.60980135
2,171,H,-0.5151924
2,171,V,-0.62367874
2,171,V,0.07953141
2,171,V,-0.62219346
2,171,V,-0.22624344
2,172,H,-0.80144256
2,172,H,0.19620503
2,172,H,-0.698138
2,172,H,0.48144987
2,172,H,-0.692344
2,172,H,0.4608697
2,172,H,-0.20972587
2,172,H,0.5443456
2,173,H,0.2522407
2,173,H,0.23555855
2,173,H,0.1233065
2,173,H,0.22693574
2,173,H,0.23625693
2,173,H,0.14534114
2,174,H,0.0768261
2,174,H,0.22119634
2,174,V,0.22416468
2,174,V,0.18358995
2,174,V,0.1987491
2,174,V,0.022616094
2,174,V,0.015555396
2,175,H,0.8967848
2,175,H,0.8791342
2,175,H,-0.7057953
2,175,H,0.84671444
2,175,H,-0.6275354
2,175,H,0.9034411
2,175,H,0.5352916
2,175,H,0.69253945
2,175,H,0.56400913
2,175,H,-0.3205767
2,175,V,-0.56301045
2,175,V,-0.98670375
2,175,V,-0.55303264
2,175,V,-0.8458742
2,175,V,-0.73414683
2,175,V,-0.9900324
2,176,H,-0.22475137
2,176,H,-0.07155328
2,176,H,-0.0695953
2,176,H,-0.025532557
2,176,H,0.010850019
2,176,H,-0.033237167
2,176,H,-0.0031226883
2,176,H,-0.018398076
2,176,H,-0.0058246693
2,176,H,0.007293786
2,176,H,-0.03725022
2,176,H,0.042997524
2,176,H,0.016113134
2,176,H,0.0066028843
2,177,H,-0.022127494
2,177,H,-0.12900577
2,177,H,0.13447219
2,177,H,-0.075624116
2,177,H,0.024576606
2,177,H,-0.05420599
2,177,H,0.016758084
2,177,H,0.029890614
2,177,H,0.070882946
2,177,H,-0.03572157
2,177,H,-0.079150766
2,177,H,-0.07732196
2,177,H,0.07731419
2,177,H,0.105238944
2,177,H,-0.053164408
2,177,H,-0.0040860474
2,178,V,-0.6475718
2,178,V,-0.034124605
2,178,V,-0.17792854
2,178,V,0.35390693
2,178,V,-0.09219727
2,178,V,-0.34737837
2,178,V,-0.18540716
2,178,V,0.44490123
2,178,V,0.16589738
2,178,V,0.019006178
2,178,V,-0.059003793
2,179,H,-0.3039476
2,179,H,0.040318083
2,179,H,-0.30599308
2,179,H,0.11107672
2,179,H,-0.23441787
2,179,H,0.12823881
2,179,H,0.118511245
2,179,V,-0.04162451
2,179,V,0.41763502
2,179,V,-0.13211204
2,179,V,-0.12962069
2,179,V,-0.07284391
2,180,H,-1.0
2,180,H,-1.0
2,180,H,-1.0
2,180,H,-1.0
2,180,V,-1.0
2,180,V,-1.0
2,181,V,0.1423959
2,181,V,0.12160428
2,181,V,0.16961485
2,181,V,0.12631008
2,181,V,-0.07947818
2,181,V,-0.16830173
2,181,V,-0.34013554
2,181,V,-0.19935706
2,181,V,-0.11740762
2,181,V,-0.25531617
2,181,V,-0.13809732
2,181,V,-0.20316957
2,181,V,-0.14918666
2,181,V,-0.23002146
2,181,V,-0.23277555
2,181,V,-0.22619551
2,181,V,-0.44043937
2,181,V,-0.36369774
2,181,V,-0.22817707
2,181,V,-0.47488442
2,182,V,0.49221435
2,182,V,0.47081804
2,182,V,-0.39296797
2,182,V,-0.5394901
2,182,V,-0.61825955
2,183,V,0.068364166
2,183,V,-0.085067324
2,183,V,0.12242238
2,183,V,0.089988545
2,183,V,0.12649536
2,183,V,0.24494705
2,184,H,-1.0
2,184,H,-0.99960923
2,184,H,-1.0
2,184,H,1.0
2,184,V,-1.0
2,184,V,-1.0
2,185,H,-0.004423736
2,185,H,-0.04875099
2,185,H,0.015187172
2,185,H,-0.05742099
2,185,H,-0.22037391
2,185,V,-0.17947581
2,186,V,-0.9030924
2,186,V,-0.43104067
2,186,V,-0.46522933
2,186,V,-0.43633074
2,186,V,-0.5993356
2,186,V,-0.3351241
2,186,V,-0.31216514
2,186,V,-0.47056943
2,186,V,-0.5997694
2,186,V,-0.26028726
2,186,V,-0.18443367
2,186,V,-0.377275
2,186,V,-0.44850746
2,186,V,-0.42511898
2,186,V,-0.025678955
2,186,V,-0.06624713
2,186,V,-0.12792568
2,187,H,-0.12518337
2,187,H,0.044102527
2,187,H,0.08101712
2,187,H,0.008796602
2,187,H,-0.35000628
2,187,H,-0.081776515
2,187,H,-0.07093305
2,187,H,-0.11179042
2,187,H,-0.16672266
2,187,H,-0.39213923
2,187,H,-0.119716294
2,187,H,-0.078131236
2,187,H,-0.054502465
2,187,H,-0.23040065
2,187,H,-0.22467466
2,187,H,-0.15101178
2,188,H,-0.4798488
2,188,H,-0.39943114
2,188,H,-0.6924551
2,188,H,-0.771796
2,189,H,1.0
2,189,V,0.9890025
2,189,V,0.9441756
2,189,V,0.8733261
2,189,V,-0.9190222
2,190,H,0.98659414
2,190,H,0.9882469
2,190,V,-0.9786688
2,190,V,-1.0
2,190,V,-0.99546117
2,190,V,-1.0
2,190,V,-0.9956852
2,191,H,-0.010709529
2,191,H,-0.013303718
2,191,H,-0.013808905
2,191,H,-0.021438584
2,191,H,-0.008923525
2,191,H,-0.005417931
2,191,V,-0.17947674
2,191,V,-0.2825607
2,191,V,0.010592771
2,191,V,0.017941976
2,191,V,0.05901896
2,191,V,0.027136942
2,191,V,0.0402034
2,191,V,0.014486269
2,192,H,-0.8349036
2,192,H,-1.0
2,192,H,-1.0
2,192,H,-0.9374392
2,192,H,-0.990962
2,192,V,0.9630207
2,192,V,0.9945505
2,192,V,1.0
2,192,V,0.9808234
2,193,H,-0.56243575
2,193,H,-0.52900887
2,193,H,-0.4934849
2,193,H,-0.8180855
2,194,H,0.2657077
2,194,H,0.41433194
2,194,H,0.2125543
2,194,H,-0.17687322
2,194,H,-0.022572387
2,194,H,-0.17081942
2,194,H,-0.11071115
2,194,H,-0.10944572
2,194,H,-0.014006925
2,194,H,-0.1274951
2,194,H,-0.13948095
2,194,H,-0.059559043
2,194,V,0.17512888
2,194,V,0.25807977
2,194,V,0.22668032
2,194,V,0.42027205
2,194,V,0.20625168
2,194,V,0.35205367
2,195,H,-1.0
2,195,H,-1.0
2,195,H,-1.0
2,195,H,-1.0
2,195,H,-1.0
2,195,H,-1.0
2,195,H,-1.0
2,195,H,-1.0
2,195,H,-1.0
2,195,H,-1.0
2,195,V,-0.9998198
2,195,V,-0.9999013
2,195,V,-0.41865653
2,195,V,-0.8883433
2,195,V,-0.9520078
2,195,V,-0.27871084
2,195,V,-0.8500079
2,195,V,-0.89367515
2,195,V,-0.84886044
2,195,V,-0.34317636
2,195,V,-0.2902193
2,196,H,-0.33544308
2,196,H,-0.27708697
2,196,H,-0.17193075
2,196,H,-0.43481556
2,196,H,-0.19252613
2,196,H,-0.37579018
2,196,H,-0.11583419
2,196,H,-0.39076453
2,196,H,-0.23749582
2,196,H,-0.32828984
2,196,H,-0.40282708
2,197,H,1.0
2,197,H,1.0
2,197,H,1.0
2,197,H,1.0
2,197,H,1.0
2,197,H,1.0
2,197,H,1.0
2,197,H,1.0
2,197,V,1.0
2,197,V,1.0
2,197,V,1.0
2,197,V,1.0
2,197,V,1.0
2,197,V,1.0
2,197,V,1.0
2,197,V,1.0
2,197,V,1.0
2,197,V,1.0
2,197,V,1.0
2,198,H,1.0
2,198,V,0.26764196
2,198,V,-0.44241998
2,198,V,1.0
2,199,H,0.21248218
2,199,H,0.19206889
2,199,H,-0.013012515
2,199,H,-0.047880817
2,199,H,0.040120773
2,199,H,0.4901508
2,199,H,0.06436994
2,199,H,-0.02280764
2,199,H,-0.0670225
2,199,H,0.2968226
2,199,H,-0.045454167
2,199,H,0.08064691
2,199,H,-0.08999772
2,199,H,0.5281645
2,200,H,-0.028691268
2,200,H,-0.13516895
2,200,H,-0.1514661
2,200,H,-0.33685374
2,200,V,-0.1314549
2,200,V,-0.17023046
2,200,V,-0.24457328
2,200,V,-0.0024448065
2,200,V,-0.13263008
2,200,V,-0.072633535
2,200,V,-0.009110877
2,200,V,0.21577649
2,200,V,0.23354045
2,200,V,0.15247035
2,201,H,-0.89425814
2,201,H,-0.80061954
2,201,H,-0.5925663
2,201,H,-0.4929247
2,201,H,-0.46585822
2,201,H,-0.30437395
2,201,H,-0.29483917
2,201,H,-0.3048984
2,201,H,-0.30860496
2,201,V,1.0
2,201,V,0.9627487
2,201,V,0.6112669
2,202,H,0.12024604
2,202,H,0.13435365
2,202,H,0.2874392
2,202,H,0.6822159
2,202,H,0.075451925
2,202,H,0.029228626
2,202,H,0.118210524
2,202,H,0.65055335
2,202,H,0.097888656
2,202,H,0.06829125
2,202,H,0.051738724
2,202,H,0.09649666
2,202,V,-0.06437347
2,202,V,0.0030474605
2,202,V,-0.0069858874
2,202,V,0.17980355
2,202,V,0.01198301
2,202,V,-0.0064797862
2,202,V,-0.08385069
2,203,H,-0.3619107
2,203,H,-0.37920088
2,203,H,-0.3071461
2,203,H,-0.42371538
2,203,H,-0.47772813
2,203,H,-0.18977717
2,203,H,-0.29371053
2,203,H,-0.20648423
2,203,H,-0.4485894
2,204,H,-0.022393478
2,204,H,-0.022063386
2,204,V,-0.03377336
2,204,V,-0.116453364
2,204,V,-0.052838948
2,204,V,0.0834831
2,204,V,0.067297265
2,204,V,0.109201305
2,204,V,0.057477906
2,204,V,0.2736811
2,205,H,-0.19470425
2,205,H,-0.59855944
2,205,V,-0.2714481
2,205,V,-0.28764546
2,205,V,-0.07331377
2,205,V,-0.11277298
2,205,V,-0.07817477
2,205,V,0.04767772
2,206,V,-1.0
2,206,V,1.0
2,207,V,0.6678045
2,208,H,0.92897743
2,208,V,0.66602963
2,208,V,-0.652258
2,208,V,-0.7276108
2,208,V,-0.82019454
2,209,H,1.0
2,209,H,1.0
2,209,H,1.0
2,209,H,1.0
2,209,V,-0.27663672
2,209,V,-0.32031733
2,209,V,-0.3045637
2,209,V,0.85763466
2,210,V,0.99180394
2,210,V,-0.8280818
2,211,H,-0.1112528
2,211,H,-0.11442138
2,211,H,-0.11085071
2,211,H,-0.11319288
2,211,H,-0.17618103
2,211,H,-0.23629226
2,211,V,-0.123994336
2,211,V,-0.073146455
2,211,V,-0.055151448
2,211,V,-0.09995585
2,211,V,-0.07983132
2,211,V,-0.073461786
2,212,H,-0.9946268
2,212,H,-0.99633104
2,212,H,-0.99990886
2,212,H,-0.58770996
2,212,H,-0.8553392
2,212,V,0.9107195
2,212,V,0.11213939
2,212,V,0.8844577
2,212,V,0.8640939
2,212,V,0.15460315
2,212,V,0.76566356
2,213,H,0.0039575966
2,213,H,-0.0019276381
2,213,H,0.070045985
2,213,H,-0.024002712
2,214,V,0.49454874
2,214,V,0.52185166
2,214,V,0.5096825
2,214,V,-0.04561047
2,214,V,0.12694167
2,214,V,0.074542984
2,215,H,-1.0
2,215,H,-1.0
2,215,H,-1.0
2,215,H,-1.0
2,215,V,-1.0
2,215,V,-1.0
2,215,V,-1.0
2,215,V,-1.0
2,216,H,0.11796916
2,216,H,0.24531233
2,216,H,0.20815814
2,216,H,-0.06605982
2,216,H,-0.08175558
2,216,H,0.21775417
2,216,H,-0.10226438
2,216,H,-0.100655556
2,216,V,0.041623723
2,216,V,-0.110718116
2,216,V,-0.17190276
2,216,V,-0.37051857
2,216,V,0.085919574
2,216,V,-0.038566753
2,216,V,-0.045383614
2,216,V,0.085881405
2,216,V,-0.0072294003
2,216,V,-0.012717611
2,217,H,0.8560896
2,217,H,0.69895464
2,217,V,-0.9300858
2,217,V,-0.42959055
2,217,V,0.78194004
2,217,V,-0.43733892
2,217,V,0.76254576
2,217,V,-0.27537334
2,217,V,0.9023843
2,218,H,-0.10621882
2,218,H,-0.06909056
2,218,H,-0.0051508322
2,218,H,-0.09540701
2,219,H,-0.9400629
2,219,H,-0.93000275
2,219,H,-0.9195704
2,219,H,-0.9577463
2,219,V,-1.0
2,219,V,-1.0
2,219,V,-1.0
2,219,V,-1.0
2,220,H,-0.27191463
2,220,H,0.011809793
2,220,H,0.16506155
2,220,H,0.005142667
2,220,H,0.27878186
2,220,H,0.20627952
2,220,H,0.2993617
2,220,H,0.22054622
2,220,H,0.14781408
2,220,H,0.18797143
2,221,V,-0.50418407
2,221,V,0.85745
2,221,V,-0.052654717
2,221,V,-0.10194744
2,221,V,-0.24377595
2,221,V,-0.6149854
2,221,V,0.012876908
2,221,V,-0.07461098
2,221,V,-0.023062836
2,221,V,-0.44877547
2,221,V,0.14575712
2,221,V,0.5370789
2,222,V,0.103535965
2,222,V,-0.16821179
2,222,V,0.28968644
2,222,V,0.13206476
2,222,V,-0.16402778
2,222,V,0.27739218
2,222,V,0.23161812
2,222,V,0.24346212
2,223,H,1.0
2,223,H,1.0
2,223,H,1.0
2,223,H,1.0
2,223,H,1.0
2,223,H,0.9995017
2,223,H,1.0
2,223,H,1.0
2,223,H,1.0
2,223,H,1.0
2,223,H,1.0
2,223,V,-1.0
2,223,V,-1.0
2,223,V,-1.0
2,223,V,-1.0
2,223,V,-1.0
2,223,V,-1.0
2,223,V,-1.0
2,223,V,-1.0
2,224,V,0.8670307
2,224,V,0.30350062
2,224,V,0.36183557
2,224,V,0.30502015
2,224,V,0.85748285
2,224,V,-0.07050722
2,224,V,0.80361646
2,225,H,-0.009234868
2,225,H,-0.063235976
2,225,H,-0.015468355
2,225,H,-0.10954187
2,225,H,-0.068232246
2,225,H,-0.04272519
2,225,H,-0.08994673
2,225,H,-0.10235352
2,225,V,-0.16283816
2,225,V,0.09442901
2,225,V,0.078019455
2,225,V,0.08473517
2,226,H,0.11595944
2,226,H,0.038085517
2,226,H,0.061581507
2,226,H,0.011140416
2,226,V,-0.949403
2,226,V,-0.9698117
2,227,H,0.2110981
2,227,H,0.3160629
2,227,V,-0.07654435
2,227,V,0.09270609
2,227,V,0.122868314
2,227,V,0.2718893
2,228,H,0.19651926
2,228,V,-0.07488823
2,228,V,0.01602994
2,228,V,-0.010687679
2,228,V,-0.077085264
2,229,H,-0.32257873
2,229,H,0.1347984
2,229,H,0.045335237
2,229,H,0.24561062
2,229,H,0.33515376
2,229,H,-0.02052082
2,229,V,-0.29610512
2,229,V,0.037610035
2,229,V,0.27464613
2,229,V,-0.5467959
2,229,V,-0.4570571
2,229,V,-0.060296476
2,229,V,0.1796887
2,229,V,-0.7590069
2,229,V,-0.22830954
2,229,V,-0.15006536
2,229,V,-0.1466335
2,229,V,-0.5580623
2,229,V,0.059699606
2,229,V,-0.6502152
2,229,V,-0.41564888
2,229,V,-0.8320741
2,230,H,-0.99517876
2,230,H,-1.0
2,230,H,-1.0
2,230,H,-1.0
2,230,H,-1.0
2,230,H,1.0
2,230,H,1.0
2,230,H,1.0
2,230,H,1.0
2,230,V,1.0
2,230,V,1.0
2,230,V,1.0
2,230,V,1.0
2,230,V,-1.0
2,231,H,-0.20997764
2,231,H,-0.34887922
2,231,H,-0.28120536
2,232,H,-0.6440782
2,232,V,0.10130658
2,232,V,-0.026311602
2,232,V,-0.006503313
2,232,V,-0.32157353
2,232,V,-0.63103193
2,233,V,-0.18958314
2,233,V,-0.30277064
2,233,V,-0.29902738
2,233,V,-0.11286256
2,234,V,0.030856086
2,234,V,0.05950189
2,234,V,-0.0053385543
2,234,V,-0.037425403
2,234,V,-0.027217688
2,234,V,0.06943001
2,234,V,-0.034227878
2,234,V,-0.022221074
2,234,V,-0.07665081
2,234,V,-0.124259025
2,235,V,-0.12578438
2,235,V,-0.042154267
2,235,V,-0.1352888
2,235,V,-0.17085828
2,235,V,0.06323047
2,235,V,-0.107583694
2,235,V,0.008985264
2,235,V,-0.0456072
2,235,V,-0.055742674
2,235,V,-0.1754366
2,235,V,-0.001844654
2,235,V,-0.093952045
2,235,V,0.11952154
2,235,V,-0.12846659
2,235,V,-0.10897587
2,235,V,-0.023589505
2,236,H,-0.14527182
2,236,H,-0.08319278
2,236,H,-0.39066386
2,236,H,-0.06949211
2,236,H,-0.046605352
2,236,H,-0.38693425
2,236,H,-0.618264
2,236,H,-0.77249914
2,236,V,-0.5095605
2,236,V,-0.08108964
2,237,H,0.13787314
2,237,H,0.24476065
2,237,H,0.8752167
2,237,H,0.058347274
2,237,H,0.06813217
2,237,H,-0.51955986
2,237,H,0.8784499
2,237,H,0.0336203
2,237,H,0.0609019
2,237,H,-0.4645408
2,237,H,-0.5251647
2,238,H,0.12592247
2,238,H,-0.06535911
2,238,H,-0.14083585
2,238,H,0.006386688
2,238,H,-0.10611026
2,238,H,0.019001454
2,238,H,0.01827561
2,238,H,0.0016801166
2,238,H,0.06365303
2,238,V,-0.20212947
2,238,V,-0.10108909
2,238,V,-0.05250075
2,238,V,-0.084528714
2,238,V,0.017176688
2,238,V,0.035771776
2,238,V,0.012024607
2,239,H,-0.012768209
2,239,H,-0.16807185
2,239,H,-0.16012993
2,239,H,-0.15043277
2,239,H,-0.28223854
2,239,V,0.2805054
2,239,V,0.25739703
2,239,V,0.015383023
2,239,V,0.24849854
2,239,V,0.031098163
2,239,V,0.26190463
2,240,V,0.06367837
2,240,V,-0.07415692
2,240,V,-0.034376204
2,240,V,-0.01057644
2,240,V,0.10068951
2,240,V,-0.105465226
2,240,V,-0.024158241
2,240,V,0.045728125
2,240,V,0.08317523
2,240,V,-0.05525903
2,240,V,0.014991973
2,240,V,-0.07688163
2,240,V,0.14660658
2,240,V,0.042060092
2,240,V,0.0061568003
2,240,V,0.06723865
2,241,V,1.0
2,241,V,0.7316754
2,241,V,-0.5070493
2,241,V,-0.6498706
2,241,V,-0.6551037
2,241,V,-0.9352975
2,242,H,0.033246044
2,242,H,0.30629048
2,242,H,-0.03927537
2,242,H,0.04147458
2,242,H,-0.070407845
2,242,H,-0.08715354
2,242,H,-0.1342682
2,242,H,-0.14327508
2,242,V,-0.69759125
2,242,V,-0.7313487
2,242,V,-0.7973125
2,243,H,1.0
2,243,H,1.0
2,243,H,1.0
2,243,H,1.0
2,243,V,1.0
2,243,V,1.0
2,243,V,1.0
2,243,V,1.0
2,244,H,-0.09734322
2,244,V,0.0028657226
2,244,V,-0.012637983
2,244,V,-0.10216223
2,244,V,-0.030842159
2,245,H,0.21396783
2,245,H,-0.02442163
2,245,H,-0.010452097
2,245,H,-0.03019847
2,245,H,-0.063040316
2,245,V,0.9834661
2,245,V,0.9827925
2,245,V,0.9564237
2,245,V,0.9915887
2,245,V,0.9855517
2,246,H,0.12615608
2,246,H,0.031884994
2,246,H,0.031235855
2,246,H,-0.09077318
2,246,V,-0.06348932
2,246,V,-0.14468457
2,247,H,0.176896
2,247,H,0.15597071
2,247,H,0.15536383
2,247,H,0.20362881
2,247,H,0.17443232
2,247,H,0.1546689
2,247,H,0.14906532
2,247,H,0.18319026
2,247,H,0.03843632
2,247,H,0.022353925
2,247,H,-0.043681577
2,247,H,0.17651851
2,247,V,0.020295799
2,247,V,0.09758006
2,247,V,0.017971676
2,247,V,0.04624054
2,247,V,0.28661093
2,248,H,-1.0
2,248,H,-1.0
2,248,H,-1.0
2,248,V,0.9904348
2,248,V,0.99362475
2,248,V,0.99982905
2,248,V,1.0
2,248,V,0.9997681
2,248,V,0.9719044
2,248,V,1.0
2,248,V,0.9935801
2,248,V,0.9895687
2,248,V,1.0
2,248,V,0.99427944
2,248,V,0.9627699
2,248,V,0.97148234
2,248,V,0.98262423
2,249,H,0.3183221
2,249,H,0.44412845
2,249,H,0.5911612
2,249,H,0.32324338
2,249,H,-0.25866428
2,249,V,-0.23262723
2,250,H,-0.30817458
2,250,H,-0.46917516
2,250,H,-0.5343214
2,250,H,-0.41889843
2,250,H,0.093660966
2,250,H,0.15152423
2,250,V,0.7368231
2,250,V,0.54232335
2,250,V,-0.39472735
2,250,V,-0.24273556
2,251,H,0.058138408
2,251,H,0.043009836
2,251,V,-0.013115472
2,251,V,-0.205108
2,252,H,0.9400011
2,252,V,-0.030941281
2,252,V,-0.058732428
2,252,V,-0.0694546
2,252,V,-0.068732485
2,252,V,-0.03904672
2,252,V,-0.08141196
2,252,V,0.13052486
2,253,V,0.03769569
2,253,V,-0.0020742584
2,253,V,-0.10132643
2,253,V,-0.10228467
2,253,V,0.06609995
2,253,V,0.042195033
2,253,V,0.019136364
2,253,V,-0.05299273
2,253,V,0.99075496
2,253,V,1.0
2,253,V,0.9972376
2,254,H,0.074347496
2,254,H,0.21292508
2,254,H,0.10319392
2,254,H,0.10601085
2,254,H,0.072116524
2,254,H,0.08162698
2,254,V,-0.65707874
2,254,V,-0.6873442
2,255,H,-0.45935825
2,255,H,-0.33065954
2,255,H,0.49203905
2,255,H,0.9642312
2,255,V,0.2819799
2,255,V,-0.87114996
2,255,V,-0.64515024
2,256,H,-0.18264118
2,256,H,-0.21291362
2,256,H,-0.07251931
2,257,H,-0.83034366
2,257,H,-0.15021153
2,257,H,-0.1374173
2,257,H,-0.8351354
2,257,H,-0.05164622
2,257,H,-0.76263887
2,257,H,-0.0830568
2,257,H,-0.08602598
2,258,H,1.0
2,258,H,-1.0
2,258,H,1.0
2,258,H,-1.0
2,258,H,1.0
2,258,H,-1.0
2,258,H,1.0
2,258,H,-1.0
2,258,V,1.0
2,258,V,-1.0
2,258,V,1.0
2,258,V,-1.0
2,258,V,1.0
2,258,V,-1.0
2,258,V,1.0
2,258,V,-1.0
2,259,H,-1.0
2,259,H,-1.0
2,259,H,-1.0
2,259,H,-1.0
2,259,H,-0.7648692
2,259,H,0.55923146
2,259,H,0.88685024
2,259,H,0.9445908
2,259,H,1.0
2,259,H,0.767935
2,259,V,1.0
2,259,V,1.0
2,260,H,-0.6139351
2,260,H,-0.52856785
2,260,H,-0.45776564
2,261,H,-0.5036136
2,261,H,-0.18566345
2,261,H,-0.029561017
2,261,H,0.13914773
2,261,H,0.12971349
2,261,V,0.5188359
2,261,V,0.69187236
2,261,V,0.9751704
2,261,V,0.5276887
2,261,V,0.48442045
2,261,V,0.073841095
2,261,V,0.34240952
2,261,V,0.43502468
2,261,V,0.5406975
2,262,H,-0.91922617
2,262,H,-0.8242629
2,262,H,-0.89661306
2,262,H,-0.7053296
2,262,H,-0.82446134
2,262,H,-0.6010632
2,262,H,-0.8074422
2,262,H,-0.32245395
2,262,H,-0.32708547
2,262,H,-0.31871885
2,262,H,-0.47891134
2,263,H,-0.5603526
2,263,H,-0.001143797
2,263,H,0.12640662
2,263,H,-0.55692965
2,263,H,0.13206026
2,263,H,-0.7680436
2,263,V,-0.99638027
2,263,V,-0.8532491
2,263,V,-0.71864367
2,263,V,-0.8550023
2,263,V,-0.97522765
2,263,V,-0.5992612
2,263,V,-0.55885935
2,263,V,-0.6755779
2,263,V,-0.97410864
2,263,V,-0.6400426
2,263,V,-0.55273
2,263,V,-0.6670373
2,264,H,-0.3702537
2,264,H,-0.40594596
2,264,H,-0.468475
2,264,H,-0.34309503
2,264,H,-0.33363095
2,264,H,-0.28466064
2,264,H,-0.47244033
2,264,H,-0.33110097
2,264,H,-0.43808007
2,264,H,-0.3584738
2,264,H,-0.40109226
2,264,H,-0.367128
2,264,H,-0.57934177
2,264,H,-0.54250246
2,264,V,-0.0064900606
2,264,V,0.08210437
2,264,V,-0.054893542
2,264,V,-0.088338785
2,264,V,0.2319429
2,264,V,0.0145066185
2,264,V,0.0032922619
2,264,V,-0.06820018
2,264,V,0.05729345
2,264,V,0.14295639
2,264,V,-0.051883433
2,264,V,0.11172702
2,264,V,-0.07906346
2,264,V,0.27183273
2,264,V,0.23275484
2,264,V,0.1363024
2,264,V,0.3003761
2,265,H,1.0
2,265,H,1.0
2,265,H,1.0
2,265,H,1.0
2,265,H,1.0
2,265,H,1.0
2,265,H,1.0
2,265,H,1.0
2,265,H,1.0
2,265,H,1.0
2,265,V,1.0
2,265,V,1.0
2,265,V,1.0
2,265,V,1.0
2,265,V,1.0
2,265,V,1.0
2,265,V,1.0
2,266,H,-0.22875404
2,266,H,-0.2574947
2,266,H,-0.279828
2,266,H,-0.31323978
2,267,H,0.016594313
2,267,H,0.013405654
2,267,H,0.03973074
2,267,H,-0.009294327
2,268,H,-0.09618831
2,268,H,-0.11058109
2,268,H,0.34463024
2,268,H,0.39327663
2,268,H,0.40665594
2,268,H,0.49019963
2,268,H,0.8101797
2,268,H,0.615568
2,268,H,0.5576152
2,268,H,0.7707565
2,269,H,-0.013310317
2,269,H,0.22936848
2,269,H,0.22585389
2,269,H,-0.035773225
2,269,H,0.16563728
2,269,H,0.26932088
2,269,V,-0.12957363
2,269,V,-0.025327163
2,269,V,-0.19012734
2,269,V,0.020029796
2,269,V,0.16593218
2,269,V,-0.22901289
2,269,V,0.052613944
2,269,V,0.21566612
2,269,V,0.044375625
2,269,V,0.11933827
2,269,V,0.06534139
2,269,V,0.08134383
2,269,V,0.13149601
2,270,H,-0.8804361
2,270,H,-0.40415394
2,270,H,-0.62898195
2,270,H,-0.5429717
2,270,H,0.072094105
2,270,H,-0.08291332
2,270,H,-0.1321476
2,270,H,-0.22635609
2,270,V,1.0
2,270,V,0.5637645
2,270,V,0.60078865
2,270,V,0.35959813
2,270,V,0.9142649
2,270,V,0.0555327
2,271,H,-0.3780375
2,271,H,-0.24399267
2,271,H,-0.2199426
2,271,H,-0.11505841
2,271,H,-0.123123005
2,271,H,-0.11833441
2,271,H,-0.22623187
2,272,V,-0.021640617
2,272,V,0.042421423
2,272,V,0.12465873
2,272,V,-0.018129434
2,272,V,-0.35582715
2,272,V,-0.22313385
2,272,V,-0.31867915
2,272,V,-0.15328449
2,272,V,-0.20026888
2,272,V,-0.36996028
2,272,V,-0.05218267
2,273,H,0.14565253
2,273,H,0.11994983
2,273,H,0.06501987
2,273,H,0.0057450905
2,273,V,0.15277229
2,273,V,0.16461685
2,273,V,0.11505478
2,274,H,-0.94284254
2,274,H,-1.0
2,274,H,-0.92595875
2,274,V,1.0
2,275,H,0.5775627
2,275,H,1.0
2,275,H,1.0
2,275,H,1.0
2,275,V,1.0
2,275,V,1.0
2,275,V,1.0
2,275,V,1.0
2,275,V,1.0
2,275,V,1.0
2,276,H,-0.008704542
2,276,H,0.07760656
2,276,H,0.07821141
2,276,H,0.03504633
2,276,H,-0.026421266
2,276,V,-0.094431005
2,276,V,-0.03697569
2,276,V,0.025590355
2,277,H,-0.19129853
2,277,H,0.14969316
2,277,H,-0.23821507
2,277,H,0.03510698
2,277,H,-0.1088694
2,277,H,0.09037068
2,277,H,0.14134586
2,277,V,0.38068023
2,277,V,0.214046
2,277,V,0.2767147
2,277,V,0.48144785
2,277,V,0.4809023
2,278,H,-0.6363626
2,278,H,-0.50443965
2,278,H,-0.6805576
2,278,V,-1.0
2,278,V,-1.0
2,278,V,-1.0
2,279,H,1.0
2,279,H,1.0
2,279,H,1.0
2,279,H,1.0
2,279,V,-1.0
2,279,V,-1.0
2,279,V,-1.0
2,279,V,-1.0
2,280,H,0.21591036
2,280,H,0.14754489
2,280,H,0.24540763
2,280,H,-0.22548522
2,280,V,0.18346809
2,280,V,0.2998294
2,280,V,0.31283757
2,280,V,0.49922478
2,281,H,0.9988093
2,281,H,1.0
2,281,H,1.0
2,281,H,1.0
2,281,V,-1.0
2,281,V,-1.0
2,281,V,-1.0
2,281,V,-1.0
2,282,H,-0.0040514376
2,282,H,0.4030833
2,282,H,-0.16243598
2,282,H,0.07546524
2,282,H,-0.1781
2,282,H,0.01106108
2,282,H,-0.2524715
2,282,H,-0.1423009
2,282,V,-1.0
2,282,V,-0.9645619
2,282,V,-0.9620353
2,282,V,-0.99917364
2,283,V,0.1772887
2,283,V,0.21156755
2,283,V,0.22139919
2,283,V,0.051224083
2,283,V,0.07736385
2,283,V,0.3362059
2,283,V,-0.010959742
2,283,V,0.09630618
2,283,V,0.11127066
2,283,V,0.079326324
2,283,V,-0.043390248
2,283,V,0.16162163
2,283,V,-0.16042769
2,283,V,0.092326835
2,283,V,-0.027901558
2,283,V,-0.05142335
2,284,H,-0.8098119
2,284,H,-0.33957964
2,284,H,-0.36299372
2,285,H,0.9268698
2,285,H,0.7967191
2,285,H,0.385344
2,285,H,0.78663343
2,285,H,0.057256885
2,285,H,0.7358065
2,285,H,-0.69242144
2,285,H,-0.18217947
2,285,V,0.13889757
2,285,V,1.0
2,285,V,1.0
2,286,V,-0.0055778613
2,286,V,-0.08906899
2,286,V,-0.02459771
2,286,V,0.12609589
2,287,H,0.5428302
2,287,H,0.54105145
2,287,H,0.43447518
2,287,H,0.43462548
2,287,H,0.43314183
2,287,V,0.9598047
2,287,V,0.9775763
2,287,V,0.96464074
2,287,V,0.72237873
2,288,H,-0.79685694
2,288,H,-0.86778736
2,288,H,-0.43825594
2,288,V,0.14187539
2,288,V,0.2042824
2,288,V,0.19836195
2,288,V,0.2055453
2,289,H,0.19222954
2,289,H,0.24468994
2,289,H,0.07567677
2,289,H,0.15346536
2,289,H,0.15586726
2,289,H,0.07781876
2,289,H,0.123490915
2,289,V,0.25096145
2,289,V,0.07076846
2,290,H,0.52376986
2,290,H,0.4221355
2,290,H,0.43871424
2,290,H,0.08833723
2,290,V,-0.9553776
2,290,V,-0.67261076
2,290,V,-0.9441315
2,290,V,-0.94039416
2,291,H,0.91992366
2,291,H,0.37083274
2,291,H,-0.1932164
2,291,H,-0.18833876
2,291,H,-0.26322284
2,291,H,0.26543376
2,291,H,-0.2804075
2,291,H,-0.4287805
2,291,H,-0.28087893
2,291,H,-0.6482887
2,291,H,-0.983293
2,291,H,-1.0
2,291,V,-0.82439095
2,291,V,-0.88194937
2,291,V,0.99197125
2,291,V,0.48572463
2,291,V,0.26276013
2,291,V,0.3523748
2,291,V,-0.057174433
2,291,V,0.9739263
2,291,V,0.33360714
2,291,V,0.17621607
2,291,V,0.39772618
2,291,V,-0.046694133
2,291,V,1.0
2,291,V,1.0
2,291,V,1.0
2,291,V,0.99887335
2,292,H,0.47863075
2,292,H,0.44038734
2,292,H,0.4047227
2,292,H,0.3772563
2,292,V,-0.9598941
2,292,V,-0.9612931
2,292,V,-0.9813725
2,292,V,-1.0
2,293,H,-1.0
2,293,H,-1.0
2,293,H,-1.0
2,293,H,-1.0
2,293,V,1.0
2,293,V,1.0
2,293,V,1.0
2,293,V,1.0
2,294,V,0.62268764
2,294,V,0.23626576
2,294,V,0.07947721
2,294,V,0.54698074
2,294,V,-0.10304905
2,294,V,0.15398937
2,294,V,-0.48148215
2,294,V,0.43137455
2,294,V,0.09966155
2,294,V,0.3296536
2,294,V,-0.4271663
2,294,V,0.91294914
2,295,H,-1.0
2,295,H,-1.0
2,295,H,-1.0
2,295,H,-1.0
2,295,V,-1.0
2,295,V,-1.0
2,295,V,-1.0
2,295,V,-1.0
2,296,H,-0.35445973
2,296,V,0.99880964
2,296,V,0.9576135
2,296,V,0.9041527
2,296,V,0.99932134
2,296,V,0.9715278
2,296,V,0.9355757
2,296,V,0.9989694
2,297,H,0.22860213
2,297,H,0.16051662
2,297,H,0.23191665
2,297,H,0.17964563
2,297,H,0.080076784
2,297,H,0.059690233
2,297,H,0.1656296
2,297,H,0.06357175
2,297,H,0.059716847
2,297,V,-0.086422436
2,297,V,-0.33254465
2,297,V,-0.38472834
2,297,V,-0.3367797
2,298,H,-0.109933004
2,298,H,0.12457192
2,298,H,-0.3419754
2,298,H,-0.1259738
2,298,H,-0.07925594
2,298,H,0.0063668285
2,298,H,-0.022501117
2,298,H,-0.19180539
2,298,H,-0.0194034
2,298,H,0.20806195
2,298,H,0.83676654
2,298,H,0.17909509
2,298,H,0.09389853
2,298,H,0.45099396
2,299,H,0.78777677
2,299,H,0.8968053
2,299,H,0.8729061
2,299,H,0.97311187
2,299,V,0.5279182
2,299,V,0.6820654
2,299,V,0.28062212
2,299,V,0.24856947
2,299,V,0.2564082
2,299,V,-0.28575662
2,299,V,0.17714812
2,300,H,1.0
2,300,H,0.38156235
2,300,H,0.99959594
2,300,H,0.78658247
2,300,H,0.9978183
2,300,H,0.73758775
2,300,H,0.69519556
2,301,H,0.24198796
2,301,H,0.35606042
2,301,H,0.6333067
2,301,H,0.58812904
2,301,H,0.062209666
2,301,H,0.4727758
2,301,H,0.40299627
2,302,H,0.33974102
2,302,H,-0.017884905
2,302,H,0.37704608
2,302,H,0.10131949
2,302,H,-0.010537567
2,302,H,0.021941535
2,302,H,0.0007464292
2,302,H,-0.18768363
2,302,H,-0.06191572
2,302,H,0.035863295
2,302,V,-0.32602608
2,302,V,-0.1861913
2,302,V,-0.23960055
2,302,V,0.159359
2,302,V,-0.16031279
2,302,V,0.038918506
2,302,V,-0.0862359
2,302,V,-0.24621958
2,302,V,-0.067073114
2,302,V,0.17507146
2,302,V,-0.2702129
2,302,V,-0.16443862
2,303,H,0.38950938
2,303,H,0.56324005
2,303,H,0.55978054
2,304,H,-1.0
2,304,H,-1.0
2,304,H,-1.0
2,304,H,1.0
2,304,H,1.0
2,304,H,1.0
2,304,V,1.0
2,305,H,0.16608924
2,305,H,0.29174677
2,305,H,-0.0169849
2,305,H,0.04064484
2,305,H,0.039151695
2,305,H,0.09305717
2,305,H,0.012074394
2,305,H,0.056172416
2,305,H,0.027231857
2,305,H,0.028844025
2,305,V,-0.36201668
2,305,V,0.038076866
2,305,V,0.04679601
2,305,V,0.05224041
2,305,V,-0.3411879
2,305,V,0.063589886
2,305,V,0.06674233
2,305,V,0.0514364
2,305,V,0.07302638
2,305,V,0.16995288
2,305,V,0.20959474
2,306,H,0.30694884
2,306,H,0.27104953
2,306,H,0.22806354
2,306,H,0.011966266
2,306,H,0.02217883
2,306,H,0.0075772326
2,306,H,0.02761325
2,306,H,0.015629811
2,306,H,0.013276466
2,306,H,0.11627507
2,306,H,-0.15404552
2,306,H,-0.12730996
2,306,H,-0.124066345
2,307,H,-0.06299085
2,307,H,0.054012854
2,307,H,-0.054410707
2,307,H,-0.030687677
2,307,H,-0.048352927
2,308,H,-1.0
2,308,H,-1.0
2,308,H,-1.0
2,308,V,0.9235998
2,308,V,0.9672422
2,308,V,0.9816801
2,309,H,-0.4433292
2,309,H,-1.0
2,309,V,0.9969853
2,309,V,0.986742
2,309,V,0.9879611
2,309,V,0.95939046
2,310,H,-1.0
2,310,H,-1.0
2,310,H,-1.0
2,310,H,-1.0
2,310,H,-1.0
2,310,H,-1.0
2,310,H,-1.0
2,310,V,-0.9995326
2,310,V,-1.0
2,310,V,-1.0
2,310,V,-1.0
2,310,V,-1.0
2,310,V,-1.0
2,310,V,-1.0
2,311,H,-1.0
2,311,H,-1.0
2,311,H,-1.0
2,311,H,-1.0
2,311,V,0.12532039
2,311,V,0.20993248
2,311,V,0.19549039
2,311,V,0.18921974
2,312,H,-0.2500436
2,312,H,-0.20295464
2,312,H,-0.33471495
2,312,H,-0.39119232
2,312,H,-0.24245429
2,312,H,0.17804381
2,312,H,0.21378085
2,312,H,0.34168187
2,312,H,0.28552902
2,312,H,0.16147356
2,313,H,0.040378287
2,313,H,0.009611829
2,313,H,-0.077299066
2,313,V,-0.14110106
2,313,V,-0.067133024
2,313,V,-0.048762333
2,313,V,-0.082557544
2,313,V,-0.04675163
2,313,V,-0.10522542
2,314,H,-0.8964759
2,314,H,-0.8643623
2,314,H,-0.85382366
2,314,H,-0.4658606
2,315,V,0.032192767
2,315,V,0.03868327
2,315,V,0.04943172
2,315,V,-0.010416089
2,315,V,0.026652269
2,315,V,0.013985391
2,315,V,0.017020833
2,315,V,0.038932767
2,315,V,0.0075688637
2,315,V,-0.104401946
2,315,V,-0.11389195
2,315,V,-0.09956923
2,316,H,-0.1069473
2,316,H,0.42870608
2,316,H,0.22057837
2,316,H,0.42438805
2,316,H,0.4128703
2,316,V,-0.009791485
2,316,V,0.062102053
2,316,V,-0.08697943
2,316,V,0.17282297
2,316,V,-0.30285722
2,316,V,-0.14287506
2,316,V,0.24214324
2,316,V,-0.26809597
2,316,V,-0.2665539
2,316,V,-0.25753677
2,316,V,0.11890025
2,316,V,-0.39182878
2,316,V,-0.50376356
2,316,V,-0.39952967
2,316,V,-0.09884897
2,317,H,-0.512531
2,317,H,1.0
2,318,V,0.62221164
2,318,V,0.2247628
2,318,V,0.036622528
2,318,V,0.05735991
2,319,V,0.12679161
2,319,V,0.07291871
2,319,V,0.09096306
2,319,V,0.10982996
2,319,V,0.104737684
2,319,V,-0.08768665
2,319,V,0.100416064
2,319,V,0.087140515
2,319,V,0.66127056
2,320,V,-0.30442774
2,320,V,-0.258859
2,320,V,-0.2639884
2,320,V,-0.4717385
2,321,H,0.024033576
2,321,H,0.05033126
2,321,H,0.13220185
2,321,H,-0.0016274622
2,321,H,-0.012373904
2,321,H,0.027305046
2,321,H,0.048057582
2,321,H,-0.003073197
2,321,H,0.016277429
2,322,H,-0.13533446
2,322,H,0.08580725
2,322,H,-0.19506957
2,322,H,0.22770822
2,322,H,0.3315576
2,322,H,0.49424043
2,322,H,0.25119457
2,322,H,0.56167895
2,322,H,0.5216131
2,322,H,0.38783923
2,322,H,0.23205927
2,322,H,0.5338808
2,322,H,0.22550358
2,322,V,-0.10847792
2,322,V,-0.29082203
2,322,V,-0.22383884
2,322,V,-0.692805
2,322,V,-0.7275551
2,322,V,-0.8856158
2,322,V,-0.73800665
2,322,V,-0.8274116
2,322,V,-0.59236807
2,323,H,0.9891909
2,323,H,0.9566124
2,323,H,0.9977023
2,323,H,0.9822176
2,323,V,-0.07528973
2,323,V,0.06701338
2,323,V,0.0513429
2,323,V,0.1560524
2,324,H,0.8310173
2,324,V,-0.50782293
2,324,V,-0.4286955
2,324,V,0.26781952
2,324,V,-0.2749691
2,324,V,-0.16761188
2,324,V,-0.015935207
2,324,V,0.23174068
2,324,V,-0.18981124
2,324,V,-0.119120985
2,324,V,-0.15807998
2,324,V,0.69510084
2,324,V,0.08512312
2,324,V,-0.12836239
2,324,V,-0.026840251
2,324,V,0.10871145
2,325,H,-0.9782921
2,325,H,-0.98014504
2,325,H,-0.9896894
2,325,H,-0.8887729
2,325,V,0.0165742
2,325,V,0.043060448
2,325,V,0.05617825
2,325,V,0.06336181
2,326,H,-0.47967646
2,326,H,-0.527815
2,326,H,-0.56613517
2,326,H,-0.21739666
2,326,H,-0.617876
2,326,V,0.18023932
2,326,V,0.006534806
2,326,V,0.27901363
2,326,V,0.14837654
2,326,V,-0.100715384
2,326,V,0.28720853
2,326,V,-0.047145303
2,326,V,0.42538142
2,326,V,-0.1278027
2,327,H,1.0
2,327,H,0.3086402
2,327,H,0.2534098
2,327,H,0.4016585
2,327,H,0.10283529
2,327,H,0.33123827
2,327,H,0.40092283
2,328,H,0.99955004
2,328,H,-0.99622405
2,328,H,1.0
2,328,H,-0.99230146
2,328,H,0.9994517
2,328,H,-0.89150923
2,328,H,0.8985895
2,328,V,0.99932766
2,328,V,0.9990308
2,328,V,0.97041225
2,329,H,-1.0
2,329,H,-1.0
2,329,H,-1.0
2,329,H,-0.9612275
2,329,V,-1.0
2,329,V,-1.0
2,329,V,-1.0
2,330,H,0.97579986
2,330,H,0.9687409
2,330,H,0.9888035
2,330,V,0.98809946
2,330,V,0.9417317
2,331,H,-0.15802094
2,331,H,-0.16611603
2,331,H,-0.15901597
2,331,H,-0.11235916
2,331,H,-0.12304761
2,331,V,0.067839734
2,331,V,-0.014700194
2,331,V,-0.03732219
2,331,V,-0.059049986
2,331,V,-0.05078546
2,331,V,-0.027470747
2,331,V,-0.1354669
2,331,V,0.041745093
2,332,H,0.12023382
2,332,H,0.12108137
2,332,H,-0.044476647
2,332,H,-0.054313995
2,332,H,-0.06076314
2,332,H,-0.02592134
2,332,V,-0.019642117
2,332,V,-0.020234888
2,332,V,0.06797171
2,332,V,0.007087091
2,332,V,-0.010281653
2,332,V,-0.0071113124
2,332,V,0.099337816
2,332,V,0.22051571
2,333,H,-0.9616131
2,333,H,-0.99728495
2,333,H,-1.0
2,333,H,-1.0
2,333,H,-1.0
2,333,H,0.3792583
2,333,V,0.9720995
2,333,V,1.0
2,333,V,1.0
2,333,V,1.0
2,333,V,1.0
2,334,H,-0.6055144
2,334,H,-0.29271108
2,334,V,0.36887205
2,334,V,0.27666616
2,334,V,0.23930973
2,334,V,-0.16056682
2,335,H,0.09164547
2,335,H,0.11619454
2,335,H,0.08718285
2,335,H,0.145162
2,335,V,0.2268105
2,335,V,0.31149873
2,335,V,0.4494049
2,335,V,0.35546777
2,335,V,0.42663956
2,335,V,0.73331857
2,335,V,0.41208524
2,335,V,0.44919857
2,336,H,0.2777129
2,336,H,-0.5641915
2,336,H,0.7698799
2,336,H,0.84079605
2,336,H,0.769466
2,336,H,0.68259424
2,336,V,-0.89198947
2,336,V,-0.9861852
2,337,H,-0.85871536
2,337,H,-0.77463955
2,337,H,-0.8549838
2,337,H,-0.9184556
2,337,H,-0.281306
2,337,V,-0.6794405
2,337,V,0.4316955
2,337,V,-0.95050156
2,337,V,-0.9222502
2,337,V,-0.9675506
2,337,V,-0.34433216
2,338,H,-0.6691079
2,338,V,0.38124382
2,338,V,0.47695193
2,338,V,0.26936498
2,338,V,0.5000981
2,338,V,0.55707145
2,338,V,0.34374613
2,338,V,0.109374434
2,338,V,-0.38961056
2,339,H,0.96750957
2,339,H,0.6003057
2,339,H,0.6260468
2,339,H,0.6147939
2,339,V,-0.47244245
2,339,V,-0.49595997
2,339,V,-0.51184255
2,339,V,-0.47514662
2,340,H,-0.30436888
2,340,H,-0.24592276
2,340,H,-0.27202442
2,340,H,0.013687613
2,340,H,0.18351066
2,340,V,0.19326843
2,340,V,0.20855984
2,340,V,0.20934784
2,340,V,0.16142732
2,340,V,0.26574528
2,341,H,1.0
2,341,H,1.0
2,341,H,1.0
2,341,H,1.0
2,341,H,1.0
2,341,V,1.0
2,341,V,1.0
2,341,V,0.9928801
2,341,V,-0.68033856
2,342,V,-0.027247911
2,342,V,-0.21792895
2,342,V,-0.32901403
2,342,V,-0.28715113
2,342,V,-0.16346918
2,342,V,0.13371171
2,342,V,-0.026191087
2,342,V,-0.017129164
2,342,V,-0.008620253
2,342,V,-0.06797095
2,342,V,0.12242573
2,342,V,-0.025130672
2,342,V,-0.03582993
2,342,V,-0.0049129603
2,342,V,-0.06733567
2,342,V,0.1485274
2,342,V,0.1616219
2,342,V,0.18924364
2,342,V,0.19240557
2,342,V,0.1302486
2,343,H,-1.0
2,343,H,-0.9983401
2,343,V,-0.16128154
2,343,V,-0.061504573
2,343,V,-0.07622622
2,343,V,0.20925626
2,344,H,0.10189095
2,344,H,-0.0054089213
2,344,H,-0.10933797
2,344,H,-0.023459347
2,344,H,-0.22325389
2,344,H,-0.34849894
2,344,V,-0.6556045
2,344,V,-0.92566663
2,344,V,-0.9682743
2,344,V,-0.957952
2,344,V,-0.9559672
2,344,V,-0.9787447
2,344,V,-0.96294194
2,344,V,-0.88221
2,344,V,-0.9593787
2,344,V,-0.9747228
2,344,V,-0.95792145
2,344,V,-0.9432092
2,344,V,-0.9574111
2,344,V,-0.9434194
2,345,H,-0.36356038
2,345,H,-0.7839557
2,345,H,-0.84518874
2,345,H,-0.8466407
2,345,H,0.818308
2,345,H,0.72900474
2,345,H,0.89081144
2,345,H,0.77421737
2,345,H,0.23314995
2,345,V,0.72596824
2,345,V,-0.14529866
2,346,H,0.031241486
2,346,H,-0.28894067
2,346,H,-0.09508973
2,346,H,0.020996235
2,346,H,-0.37193513
2,346,H,0.020998001
2,346,H,-0.12591693
2,346,H,-0.054984383
2,346,H,-0.21233507
2,346,H,-0.53210473
2,346,H,-0.4964336
2,346,H,-0.53751063
2,346,V,1.0
2,346,V,1.0
2,346,V,1.0
2,346,V,1.0
2,346,V,0.9987168
2,346,V,1.0
2,347,H,0.0064659757
2,347,H,-0.39988294
2,347,H,-0.3421324
2,347,H,0.67152774
2,348,H,-0.4515617
2,348,H,-0.54995984
2,348,H,-0.5382456
2,348,H,0.5653757
2,348,H,0.5644175
2,348,H,0.6210058
2,348,H,0.5891882
2,348,V,-0.38833678
2,348,V,0.1651203
2,348,V,-0.7709043
2,348,V,-0.6930767
2,348,V,-0.74542767
2,348,V,-0.7499958
2,349,V,-0.1150649
2,349,V,0.11449787
2,349,V,0.09241712
2,349,V,0.097547434
2,350,H,-0.5781533
2,350,H,-0.95102894
2,350,V,-0.98229885
2,350,V,-0.86731744
2,350,V,-0.8521791
2,351,H,-0.26016563
2,351,H,-0.11206561
2,351,H,-0.1180224
2,351,H,-0.060144037
2,351,H,-0.009681874
2,351,H,0.0576615
2,351,H,0.03994401
2,351,V,-0.1068621
2,351,V,-0.24159141
2,351,V,-0.2468825
2,351,V,-0.012968298
2,352,H,-0.43535095
2,352,H,-0.35109746
2,353,H,-0.16615844
2,353,H,-0.4026225
2,353,H,-0.19277866
2,354,H,-1.0
2,354,H,-1.0
2,354,H,-1.0
2,354,H,-0.99927217
2,354,H,-0.77760315
2,354,V,-1.0
2,355,H,1.0
2,355,V,1.0
2,355,V,1.0
2,355,V,1.0
2,355,V,1.0
2,355,V,-0.5771355
2,356,H,0.06061393
2,356,H,0.034503326
2,356,H,0.08005583
2,356,H,0.040808905
2,356,H,0.041836854
2,356,H,0.019776747
2,356,H,0.16620606
2,356,H,0.11616464
2,356,H,0.09404593
2,356,V,0.09031963
2,356,V,0.035690725
2,356,V,-0.046041183
2,356,V,-0.04863094
2,356,V,-0.036812335
2,356,V,-0.023895742
2,356,V,-0.003126108
2,356,V,-0.08858153
2,356,V,-0.096342415
2,356,V,-0.05983165
2,357,H,-0.3334695
2,357,H,-0.20788977
2,357,H,-0.6888688
2,357,V,0.4350891
2,357,V,0.3217468
2,357,V,0.54652494
2,358,H,-0.7184649
2,358,H,-0.88141316
2,358,H,-0.9375692
2,359,H,1.0
2,360,H,-0.04711915
2,360,H,-0.0054612556
2,360,H,-0.07444106
2,360,H,-0.0033538342
2,360,H,-0.12902474
2,360,H,-0.030566545
2,360,H,-0.03130817
2,360,H,0.0018449845
2,360,H,-0.010409953
2,360,H,-0.11540342
2,360,V,-0.055176232
2,360,V,0.032805324
2,360,V,-0.056238122
2,360,V,-0.026315011
2,360,V,0.02797522
2,361,H,0.52263457
2,361,H,0.053757183
2,361,H,0.49487373
2,361,H,0.042547695
2,361,V,-0.5004366
2,361,V,0.35234472
2,361,V,-0.11650716
2,361,V,-0.15142721
2,361,V,0.3460842
2,361,V,-0.094876386
2,361,V,-0.0627263
2,362,H,-0.14226608
2,362,H,-0.34713495
2,362,H,-0.1626733
2,362,H,-0.2980479
2,362,H,-0.036060713
2,362,H,0.085463956
2,362,H,-0.07559025
2,362,H,-0.05924127
2,362,H,-0.019960878
2,362,H,0.06556096
2,362,H,0.16454066
2,363,H,-1.0
2,363,H,-1.0
2,363,H,-1.0
2,363,H,-1.0
2,363,V,-1.0
2,363,V,-1.0
2,363,V,-1.0
2,363,V,-1.0
2,364,H,0.7464901
2,364,H,0.60527253
2,364,H,0.57574785
2,364,H,0.5341257
2,364,H,0.78759366
2,364,V,-0.37859923
2,364,V,0.27341667
2,364,V,0.025173986
2,364,V,0.2042103
2,364,V,0.074945204
2,364,V,0.41806462
2,365,H,-0.87596434
2,365,H,-0.86942077
2,365,H,-0.9313146
2,365,V,-0.7682249
2,365,V,-0.46888337
2,365,V,-0.47337627
2,366,H,0.27038753
2,366,H,0.0122365495
2,366,H,-0.052974127
2,366,H,-0.0124007445
2,366,H,-0.18185715
2,366,H,0.27897456
2,366,H,-0.016403696
2,366,H,-0.020633027
2,366,H,-0.03519733
2,366,H,-0.20377502
2,367,H,-1.0
2,367,H,-1.0
2,367,H,-1.0
2,367,H,-1.0
2,367,V,1.0
2,367,V,1.0
2,367,V,1.0
2,367,V,1.0
2,368,H,-1.0
2,368,H,-0.9998275
2,368,H,-1.0
2,368,H,-1.0
2,368,H,-1.0
2,369,H,0.50884336
2,369,H,0.5314825
2,369,H,0.53075796
2,369,H,0.7314014
2,369,V,0.3559986
2,369,V,0.4864077
2,369,V,0.6334609
2,369,V,0.30892578
2,369,V,0.2979193
2,369,V,0.5688863
2,369,V,0.18787052
2,369,V,0.35776502
2,369,V,0.6119913
2,369,V,-0.27065802
2,369,V,-0.076367825
2,369,V,0.05090176
2,369,V,0.2080763
2,370,H,0.047363773
2,370,H,0.33007288
2,370,H,0.0851071
2,370,H,-0.045929447
2,370,H,-0.028853454
2,370,H,0.08566458
2,370,H,0.13408762
2,370,H,0.107417434
2,370,H,-0.001368658
2,370,H,-0.19311607
2,370,H,-0.12647234
2,370,H,0.04504994
2,370,V,-0.11725656
2,370,V,0.051980134
2,370,V,-0.054236285
2,370,V,-0.19784573
2,370,V,0.036489915
2,370,V,-0.06374631
2,371,H,0.16519353
2,371,H,0.18251684
2,371,H,0.21854211
2,371,H,0.19353646
2,371,H,-0.10257255
2,371,H,-0.07887979
2,371,H,-0.16472927
2,371,H,-0.17153029
2,371,H,-0.102249496
2,371,H,-0.16588332
2,371,H,-0.23349687
2,371,H,-0.61858976
2,371,H,-0.5104996
2,371,H,-0.7617343
2,371,V,-0.047783937
2,371,V,-0.12615794
2,371,V,-0.04838279
2,371,V,-0.08045245
2,371,V,-0.050058328
2,371,V,0.15090707
2,371,V,0.1771534
2,371,V,0.2979632
2,371,V,0.16845718
2,371,V,0.013279464
2,371,V,0.15889019
2,371,V,0.14004771
2,371,V,0.26141158
2,371,V,0.20382975
2,371,V,0.032532122
2,371,V,0.333754
2,371,V,0.7227228
2,371,V,0.7929025
2,372,H,1.0
2,372,H,1.0
2,372,H,1.0
2,372,H,1.0
2,372,V,1.0
2,372,V,1.0
2,372,V,1.0
2,372,V,1.0
2,373,H,-0.1127199
2,373,H,0.006281209
2,373,H,-0.017412866
2,373,H,-0.06643919
2,373,H,-0.0580784
2,373,H,-0.03478699
2,373,H,-0.06919878
2,373,H,-0.038019106
2,373,H,-0.073129125
2,373,H,-0.093027
2,373,H,-0.12193121
2,373,H,-0.13788661
2,373,V,-0.33154443
2,373,V,-0.14795113
2,373,V,-0.1754235
2,373,V,-0.13464843
2,373,V,-0.3182467
2,373,V,-0.123747915
2,373,V,-0.18058896
2,373,V,-0.14588676
2,373,V,-0.13435453
2,373,V,-0.12513018
2,373,V,-0.1278519
2,374,H,0.52325654
2,374,H,0.43324658
2,374,H,0.63936466
2,375,H,0.10943795
2,375,H,0.2912209
2,375,H,-0.112216115
2,375,H,0.13883273
2,375,H,-0.028000202
2,375,H,0.060732253
2,375,H,0.2063591
2,375,H,-0.09592025
2,375,H,0.051376972
2,375,H,0.15763012
2,375,H,0.1077373
2,375,H,0.05403229
2,375,H,-0.0028308015
2,375,H,0.24927022
2,376,H,-0.020205451
2,376,H,0.014790198
2,376,H,-0.004306551
2,376,H,0.06001483
2,376,H,0.039952517
2,376,H,-0.018246284
2,376,H,0.018384427
2,376,H,0.019929286
2,376,H,0.036999203
2,376,H,0.03860438
2,376,H,-0.38957492
2,376,V,-0.019888425
2,376,V,0.008317279
2,376,V,-0.029611874
2,376,V,-0.03977714
2,377,H,0.08330051
2,377,H,-0.011842552
2,377,H,-0.4409477
2,377,H,0.10804778
2,377,H,0.044268504
2,377,H,-0.40238383
2,377,H,-0.014851966
2,377,H,0.10652759
2,377,H,0.056427713
2,377,H,0.25969025
2,377,H,-0.17259204
2,377,H,0.05627837
2,377,H,0.040336266
2,378,H,0.3828049
2,378,H,0.37180093
2,378,H,-0.42293414
2,378,H,-0.14246245
2,378,H,-0.13420326
2,378,H,-0.13546146
2,378,H,0.18294877
2,378,H,-0.3907558
2,378,H,-0.13345473
2,378,H,-0.15287577
2,378,H,-0.121800505
2,378,H,0.20912595
2,378,H,-0.59593934
2,378,H,-0.751893
2,378,H,-0.6559097
2,378,V,-0.27791268
2,378,V,-0.30852818
2,378,V,-0.32614943
2,378,V,-0.02322246
2,378,V,0.12693551
2,378,V,0.118098475
2,378,V,0.11440483
2,378,V,-0.022108762
2,378,V,0.11991852
2,378,V,0.12507264
2,378,V,0.12954049
2,378,V,0.3929344
2,378,V,0.43650764
2,378,V,0.42218035
2,378,V,0.46636674
2,379,V,-0.16327986
2,379,V,-0.19014508
2,379,V,-0.19428326
2,379,V,-0.05109076
2,379,V,-0.20657405
2,379,V,-0.008031549
2,379,V,-0.23395981
2,379,V,-0.13764942
2,379,V,-0.09139651
2,379,V,-0.06922318
2,379,V,-0.4361758
2,379,V,-0.097740926
2,380,H,-0.47591925
2,380,H,-1.0
2,380,H,-1.0
2,380,H,-1.0
2,380,V,-0.7401639
2,380,V,0.25919804
2,380,V,-0.10865913
2,380,V,-0.42857414
2,380,V,0.01690375
2,380,V,-0.06428679
2,380,V,-0.4470925
2,380,V,-0.2906251
2,381,V,0.33411017
2,381,V,0.25971207
2,381,V,0.23190008
2,381,V,0.19584998
2,381,V,0.18054335
2,381,V,0.4100456
2,381,V,0.040308435
2,381,V,0.05540711
2,381,V,0.24250115
2,381,V,0.4501482
2,381,V,0.17432523
2,381,V,0.17769462
2,381,V,0.34069303
2,381,V,0.3003226
2,382,V,0.2143531
2,383,H,-0.13375871
2,383,H,-0.091955125
2,383,H,-0.06206974
2,383,H,-0.1088532
2,383,H,-0.11571933
2,383,H,-0.079247706
2,383,H,-0.05922005
2,383,H,-0.106359154
2,383,H,-0.3284082
2,383,H,-0.3171409
2,383,V,0.043163817
2,383,V,0.052676354
2,383,V,0.054631744
2,383,V,0.06270413
2,383,V,0.15076275
2,383,V,0.18776706
2,384,H,-0.2820187
2,384,H,-0.32628712
2,384,H,-0.30052564
2,384,H,-0.34116614
2,384,V,-1.0
2,384,V,-0.9891916
2,384,V,-0.98690826
2,385,H,-0.14246908
2,385,H,-0.0038460686
2,385,H,0.0020807094
2,385,H,0.055548236
2,385,H,-0.12641093
2,385,H,-0.16076748
2,385,H,-0.13124858
2,385,H,-0.12077056
2,385,H,-0.1577657
2,385,V,-0.21988207
2,385,V,-0.090716556
2,385,V,-0.1657659
2,385,V,-0.19904147
2,385,V,-0.016711261
2,385,V,-0.042000074
2,385,V,-0.18128034
2,385,V,0.0041872207
2,385,V,-0.06745515
2,385,V,0.100826286
2,386,H,-1.0
2,386,H,1.0
2,387,H,1.0
2,387,H,1.0
2,387,H,1.0
2,387,V,-1.0
2,387,V,-1.0
2,387,V,-1.0
2,388,H,-0.97862667
2,388,H,0.98502076
2,388,H,-0.9391743
2,388,H,0.99212784
2,388,H,-0.9827161
2,388,H,0.9913419
2,388,H,-0.96854484
2,388,H,1.0
2,388,H,0.99971145
2,388,V,-1.0
2,389,H,1.0
2,389,V,-1.0
2,390,H,0.029430702
2,390,H,0.12997897
2,390,H,0.08791966
2,390,H,-0.07828113
2,390,H,0.12696491
2,390,V,-0.39682212
2,390,V,-0.12613803
2,390,V,-0.34349942
2,390,V,-0.43053478
2,390,V,-0.086383544
2,390,V,0.027790515
2,390,V,-0.37401822
2,390,V,-0.019517198
2,390,V,-0.014273447
2,390,V,0.047908403
2,390,V,0.2823567
2,391,H,0.020959888
2,391,H,0.14293166
2,391,H,0.14507984
2,391,H,0.11182685
2,391,V,0.5532859
2,391,V,0.6871255
2,391,V,0.54123515
2,391,V,0.64945227
2,391,V,0.64613724
2,391,V,0.64134145
2,391,V,0.43215278
2,391,V,0.084430024
2,391,V,0.46301028
2,391,V,0.43656516
2,392,H,0.6246626
2,392,H,-0.14772165
2,392,H,-0.7291942
2,392,V,-0.57442087
2,392,V,-0.5282925
2,392,V,-0.9886713
2,392,V,-0.98490036
2,393,H,1.0
2,393,H,1.0
2,393,H,0.06785031
2,393,H,0.074954696
2,393,H,0.020514857
2,393,H,0.02777205
2,393,H,0.09340788
2,393,H,0.08408214
2,393,V,-0.9996265
2,393,V,-1.0
2,393,V,0.056262195
2,393,V,0.12323169
2,393,V,0.08683299
2,393,V,0.06322217
2,393,V,0.09368198
2,393,V,0.061286576
2,393,V,0.9988599
2,393,V,0.99831456
2,394,V,-0.27999538
2,394,V,-0.13019715
2,394,V,-0.19802378
2,394,V,-0.20450276
2,394,V,-0.041854758
2,394,V,-0.20647281
2,394,V,-0.088272445
2,394,V,-0.1587466
2,394,V,-0.010534332
2,394,V,-0.15107958
2,395,H,-0.090040386
2,395,H,0.0065035797
2,395,H,-0.13054666
2,395,H,0.022141676
2,395,H,-0.00018762184
2,395,H,0.0051388387
2,395,H,-0.039503433
2,395,H,0.01790305
2,395,V,-0.20686164
2,395,V,-0.1718006
2,395,V,-0.24542968
2,395,V,-0.18007722
2,395,V,-0.13667525
2,396,H,1.0
2,396,H,1.0
2,396,H,1.0
2,396,V,1.0
2,396,V,1.0
2,396,V,1.0
2,396,V,1.0
2,396,V,0.5725291
2,397,H,-0.36921498
2,397,H,-0.32025617
2,397,H,-0.38307464
2,397,H,-0.3969329
2,397,V,-0.05940734
2,397,V,-0.061989695
2,397,V,-0.083329156
2,397,V,0.058880173
2,397,V,0.26116163
2,397,V,0.15726745
2,398,H,-0.05452046
2,398,H,0.12489722
2,398,H,0.02514432
2,398,H,0.17714418
2,398,H,0.07652567
2,398,H,0.2519443
2,398,H,-0.025346186
2,398,V,-0.24075934
2,398,V,-0.20942198
2,398,V,-0.23039809
2,398,V,-0.2464772
2,399,H,0.13574356
2,399,H,0.06289018
2,399,H,-0.08904397
2,399,H,-0.045361258
2,399,H,0.023883652
2,399,H,-0.034761038
2,399,H,-0.26986495
2,399,H,-0.08098592
2,399,V,0.96857893
2,399,V,0.9916071
2,399,V,0.9950008
2,399,V,0.872611
2,400,H,0.1882578
2,400,H,-0.07576689
2,400,H,0.014441561
2,400,H,-0.021583011
2,400,H,0.011311093
2,400,H,0.021183318
2,400,H,-0.090426534
2,400,H,-0.005343921
2,400,H,0.0035884783
2,400,H,-0.0023700711
2,400,H,0.03092439
2,400,H,-0.17175615
2,400,H,-0.16389677
2,400,H,-0.1984359
2,400,H,-0.04535692
2,400,V,-0.14671965
2,400,V,-0.2249051
2,400,V,-0.115520604
2,400,V,-0.16607913
2,400,V,-0.14472272
2,400,V,0.0022316359
2,400,V,0.008010553
2,400,V,-0.0058681155
2,400,V,0.015499021
2,400,V,0.031011518
2,400,V,-0.003235977
2,400,V,-0.0020861074
2,400,V,-0.011572189
2,400,V,-0.008634287
2,400,V,0.03775444
2,400,V,0.20222369
2,400,V,0.19600976
2,400,V,0.33192098
2,401,H,0.15695076
2,401,H,0.20397328
2,401,H,-0.08034065
2,401,H,0.017254116
2,401,H,-0.0051592006
2,401,H,0.012725991
2,401,H,-0.22199786
2,401,H,-0.15800299
2,401,V,0.9974093
2,401,V,0.9992695
2,401,V,0.9993595
2,402,H,0.6555022
2,402,H,0.69123256
2,402,H,0.5379072
2,402,H,0.6286714
2,403,V,-0.0667596
2,403,V,0.010703536
2,403,V,-0.18356723
2,403,V,0.14398777
2,403,V,-0.09482421
2,403,V,-0.14016192
2,403,V,0.30209044
2,403,V,-0.02088129
2,403,V,-0.030439014
2,403,V,0.014761815
2,403,V,0.29176906
2,403,V,0.004208223
2,403,V,-0.052459087
2,403,V,-0.33062482
2,403,V,0.06411121
2,403,V,0.16662021
2,403,V,0.008057311
2,404,H,0.35234407
2,404,H,0.123422146
2,404,H,0.1850292
2,404,H,-0.0763248
2,405,H,0.10167937
2,405,H,0.037591476
2,405,H,-0.03374529
2,405,H,-0.019546872
2,405,H,-0.089586906
2,405,V,0.9926282
2,406,H,0.78204477
2,406,H,0.02761422
2,406,H,0.17266048
2,406,H,0.13458534
2,406,H,0.1427188
2,406,V,0.9858463
2,406,V,1.0
2,406,V,1.0
2,406,V,1.0
2,407,H,0.47566032
2,407,H,0.7267196
2,407,V,-0.2056298
2,407,V,-0.3406987
2,407,V,-0.39580297
2,408,H,-0.08259694
2,408,H,-0.053499687
2,408,H,-0.116407365
2,408,H,-0.15008482
2,408,V,-0.45421723
2,408,V,-0.50432366
2,408,V,-0.50657594
2,408,V,-0.33533394
2,409,H,-0.41162956
2,409,V,0.06770741
2,409,V,0.37312022
2,409,V,0.27676433
2,409,V,0.047936197
2,409,V,0.33880678
2,409,V,0.09772976
2,409,V,0.20976482
2,409,V,0.33382753
2,409,V,0.18514237
2,409,V,0.11844053
2,410,H,0.27452487
2,410,H,0.98687416
2,410,H,0.96764827
2,410,H,0.051782187
2,410,V,-0.4417865
2,410,V,-0.3961921
2,410,V,0.21892014
2,410,V,0.6915412
2,410,V,0.3752681
2,411,V,0.0148475
2,411,V,0.032903254
2,411,V,0.040219005
2,411,V,0.018299911
2,411,V,0.099363305
2,411,V,-0.036772203
2,411,V,0.066791
2,411,V,0.0113946395
2,411,V,0.021158202
2,411,V,0.09133741
2,411,V,-0.019549169
2,411,V,0.030414613
2,411,V,0.0071297237
2,411,V,0.043201044
2,411,V,0.085971355
2,411,V,-0.07482248
2,411,V,0.009866856
2,411,V,0.0105259465
2,411,V,0.004493846
2,411,V,0.05357732
2,412,V,-0.3185433
2,412,V,-0.24332234
2,412,V,-0.25759047
2,412,V,-0.333022
2,412,V,-0.2712027
2,412,V,-0.116711736
2,412,V,-0.26451534
2,412,V,-0.18353601
2,412,V,-0.2651024
2,412,V,-0.18712567
2,412,V,-0.31079435
2,412,V,-0.19463272
2,413,H,1.0
2,413,H,1.0
2,413,H,1.0
2,413,H,1.0
2,414,H,1.0
2,414,H,1.0
2,414,H,1.0
2,414,H,1.0
2,414,V,-1.0
2,414,V,1.0
2,414,V,-1.0
2,414,V,1.0
2,414,V,-1.0
2,414,V,1.0
2,414,V,-1.0
2,414,V,1.0
2,415,H,-0.514374
2,415,H,0.5161964
2,415,H,-0.6497932
2,415,H,-0.65742254
2,415,H,0.059931755
2,416,H,0.30994755
2,416,H,0.54363215
2,416,H,0.57222664
2,416,H,0.42055973
2,416,V,0.16215003
2,416,V,0.00052593066
2,416,V,-0.010958543
2,416,V,0.10565979
2,416,V,-0.14945044
2,416,V,-0.19610561
2,416,V,0.10583957
2,416,V,-0.19798473
2,416,V,-0.13109691
2,416,V,-0.056264594
2,416,V,0.026472652
2,416,V,0.14227375
2,417,H,-0.005154896
2,417,H,-0.2639114
2,417,H,0.15402949
2,417,H,-0.09459061
2,417,H,0.17728797
2,417,H,-0.14369471
2,417,H,0.26723215
2,417,H,0.23910768
2,417,H,0.41257498
2,417,V,-0.24552342
2,418,H,-0.5604038
2,418,H,-0.2629635
2,418,H,-0.27344108
2,418,H,0.03539062
2,418,V,-1.0
2,418,V,-1.0
2,418,V,-1.0
2,418,V,-1.0
2,418,V,-1.0
2,419,H,-0.32336688
2,419,H,-1.0
2,419,H,-1.0
2,419,H,-1.0
2,419,V,1.0
2,420,H,0.20463684
2,420,H,0.19395
2,420,H,0.3395619
2,420,H,0.027661007
2,420,H,0.04942243
2,420,H,0.094955534
2,420,H,0.052876007
2,420,H,0.080122106
2,420,H,0.08791528
2,420,V,-0.05231887
2,420,V,0.022636497
2,420,V,-0.0013386838
2,420,V,-0.038768847
2,420,V,0.030828446
2,420,V,-0.0010955574
2,420,V,0.016969569
2,420,V,-0.017412486
2,421,H,-0.8957829
2,421,H,-0.9836491
2,421,H,-0.9704049
2,421,H,-0.9566247
2,421,H,-1.0
2,421,V,-0.777771
2,421,V,0.2242313
2,421,V,0.397842
2,422,H,0.6224463
2,422,H,0.0672552
2,422,H,0.46830395
2,422,H,0.40667942
2,422,H,-0.03744233
2,422,H,0.43424082
2,422,H,0.45059505
2,422,H,0.034815792
2,422,H,0.36682484
2,422,H,-0.034515534
2,422,V,-0.51290286
2,422,V,-0.842244
2,423,H,-0.3909797
2,423,H,-0.5984386
2,423,H,-0.6809325
2,423,H,-0.669686
2,423,H,-0.37947506
2,423,V,-0.5047062
2,423,V,-0.44121337
2,423,V,-0.29473114
2,424,H,0.2837034
2,424,H,0.01247849
2,424,H,0.031745937
2,424,V,-0.4381129
2,424,V,-0.13566759
2,424,V,-0.0005353089
2,424,V,0.07952632
2,424,V,-0.11133779
2,424,V,0.041541602
2,424,V,0.08485073
2,425,H,0.0030690397
2,425,H,-0.054064475
2,425,H,0.004900698
2,425,H,0.10485675
2,425,H,0.09759821
2,425,V,0.053234592
2,425,V,0.06394203
2,425,V,0.07817916
2,426,H,-0.28963158
2,426,H,-1.0
2,426,H,0.88044536
2,426,V,-1.0
2,426,V,-1.0
2,427,H,0.74584764
2,427,H,0.7814673
2,427,V,0.67882335
2,427,V,-0.8909283
2,427,V,-0.94323736
2,428,H,-1.0
2,428,H,-1.0
2,428,H,-1.0
2,428,H,-1.0
2,428,V,1.0
2,428,V,1.0
2,429,H,0.13107741
2,429,H,0.19971253
2,429,H,0.0026914624
2,429,H,-0.0102108475
2,429,H,-0.07054182
2,429,H,-0.004701202
2,429,H,-0.005171688
2,429,H,-0.043417007
2,429,H,-0.066849396
2,429,V,-0.101902105
2,429,V,-0.07891919
2,429,V,-0.070138015
2,429,V,-0.031846702
2,429,V,-0.012378303
2,429,V,0.0024100954
2,429,V,0.20910907
2,429,V,-0.02721149
2,429,V,-0.0033136231
2,429,V,-0.01480654
2,429,V,0.17177977
2,430,H,0.56834865
2,430,H,0.6390978
2,430,H,0.022184877
2,430,H,0.115641415
2,430,H,0.08631218
2,430,H,0.09507807
2,430,V,0.20647143
2,430,V,0.17177074
2,430,V,0.23027262
2,430,V,0.20756073
2,430,V,0.20598221
2,430,V,0.21148257
2,430,V,0.3102307
2,430,V,0.39716297
2,430,V,0.5397092
2,431,H,0.049193222
2,431,H,-0.44821835
2,431,H,0.16099675
2,431,H,0.07811411
2,431,H,-0.18278551
2,431,H,0.1645722
2,431,H,0.0061726524
2,431,H,-0.13956667
2,431,H,0.080822825
2,431,H,0.2772546
2,431,H,0.18952984
2,431,H,0.46102747
2,431,H,0.13554712
2,432,H,-0.26214394
2,432,H,-0.4530821
2,432,H,-0.10450829
2,432,H,-0.16527551
2,432,V,0.14115997
2,432,V,0.1935257
2,432,V,0.16278182
2,432,V,0.1771358
2,432,V,0.45193136
2,432,V,0.5022387
2,432,V,0.31673682
2,432,V,0.5112156
2,432,V,0.40511316
2,432,V,0.09998765
2,432,V,0.3215734
2,432,V,0.3373275
2,433,H,-0.061347466
2,433,H,-0.07256322
2,433,H,-0.09026018
2,433,H,-0.10904188
2,433,H,-0.02371482
2,433,H,-0.060646426
2,433,H,-0.05588878
2,433,H,-0.10514134
2,433,H,-0.03786897
2,433,H,-0.028841874
2,433,H,-0.046690617
2,433,H,-0.077619106
2,433,H,0.032126784
2,433,H,0.04965849
2,433,H,0.03519557
2,433,H,-0.029469648
2,434,H,-0.6690106
2,434,H,-0.24073577
2,434,H,-0.23244722
2,434,H,-0.2251305
2,434,H,0.29212758
2,434,H,-0.6313455
2,434,H,0.507609
2,434,H,-0.57145566
2,434,H,0.46270514
2,434,H,-0.34991938
2,434,H,0.29335
2,434,H,0.34763756
2,434,H,0.35719472
2,434,H,0.6017122
2,434,V,-0.19771501
2,434,V,0.9028717
2,434,V,-0.68701434
2,434,V,0.7347136
2,434,V,-0.6273301
2,434,V,0.7586324
2,434,V,-0.7441716
2,434,V,0.75325996
2,435,H,0.9922909
2,435,H,1.0
2,435,H,1.0
2,435,H,1.0
2,435,V,0.9306682
2,435,V,0.8891081
2,435,V,0.81553465
2,435,V,0.7153812
2,436,H,-0.02510349
2,436,H,-0.15533622
2,436,H,-0.15592888
2,436,H,-0.24649441
2,436,V,0.8538829
2,436,V,0.8990921
2,436,V,0.8955375
2,436,V,0.9808899
2,437,V,0.50833255
2,437,V,0.51494646
2,437,V,0.53609324
2,437,V,0.37667775
2,437,V,0.46973547
2,438,V,0.9839993
2,438,V,1.0
2,438,V,1.0
2,438,V,1.0
2,438,V,1.0
2,439,H,-1.0
2,439,H,-1.0
2,439,H,-1.0
2,439,H,-1.0
2,439,V,-0.9652864
2,439,V,-0.7084691
2,439,V,-0.5450178
2,440,H,0.58409405
2,440,H,1.0
2,440,H,1.0
2,440,H,1.0
2,440,H,1.0
2,440,H,1.0
2,440,H,1.0
2,440,V,-0.8496607
2,440,V,-1.0
2,440,V,-1.0
2,440,V,-1.0
2,441,H,0.66988957
2,441,H,0.99489105
2,441,H,0.8751039
2,442,H,-1.0
2,442,H,-1.0
2,442,H,-1.0
2,442,H,-1.0
2,442,V,0.37950662
2,442,V,-0.208633
2,442,V,-0.55430883
2,442,V,-0.12667958
2,442,V,-0.6597105
2,442,V,-0.6914891
2,442,V,-0.8265005
2,443,H,-0.2429961
2,443,H,-0.15087812
2,443,H,-0.17967817
2,443,H,-0.21134882
2,443,H,-0.32440704
2,443,H,-0.2530186
2,443,V,0.050381325
2,443,V,-0.038350355
2,443,V,-0.13242744
2,443,V,0.01637853
2,443,V,-0.003934439
2,443,V,0.04202416
2,443,V,0.04409272
2,443,V,0.03189205
2,444,H,0.050198127
2,444,H,0.05782695
2,444,H,0.054101717
2,444,H,-0.020030783
2,444,H,-0.010722126
2,444,H,0.0065541044
2,444,H,-0.022942772
2,444,H,-0.020546855
2,444,H,-0.010048908
2,444,H,0.002996842
2,444,H,0.0018247383
2,444,H,0.0016866013
2,444,V,-0.029729767
2,444,V,-0.031547025
2,444,V,-0.059625056
2,444,V,0.008279772
2,444,V,0.028160146
2,444,V,0.042447764
2,444,V,0.03440661
2,444,V,0.04677004
2,444,V,0.03501155
2,444,V,0.08489103
2,445,H,-1.0
2,445,H,-1.0
2,445,H,-1.0
2,445,H,-1.0
2,445,V,-0.99790365
2,445,V,-1.0
2,445,V,-1.0
2,445,V,-1.0
2,446,H,0.79728067
2,446,V,0.09248657
2,446,V,-0.019596754
2,446,V,-0.06116545
2,446,V,-0.07187037
2,446,V,0.07693869
2,446,V,-0.041638255
2,446,V,-0.08155623
2,446,V,-0.029265167
2,447,V,-0.39902648
2,447,V,-0.32221395
2,447,V,-0.2649933
2,447,V,-0.1519155
2,447,V,-0.11524003
2,447,V,-0.12253079
2,447,V,-0.080697834
2,447,V,-0.025548117
2,447,V,-0.10240122
2,448,H,0.96894133
2,448,H,0.97389185
2,448,H,0.9930733
2,449,H,0.398293
2,449,H,0.458985
2,449,H,0.5282174
2,449,H,0.13448028
2,449,H,0.13049486
2,449,H,0.081096694
2,449,H,0.19390029
2,449,V,0.069187246
2,449,V,0.027395967
2,449,V,0.016093401
2,449,V,0.05542343
2,449,V,0.053062033
2,449,V,0.008620569
2,449,V,0.1464983
2,449,V,0.28977415
2,450,H,0.4200776
2,450,H,-0.16610323
2,450,H,0.4344087
2,450,H,-0.14789717
2,451,H,-0.9099072
2,451,H,-0.9139075
2,451,H,-0.90251577
2,451,H,-0.92217916
2,451,V,-0.7291079
2,451,V,0.8446687
2,451,V,0.86340654
2,451,V,-0.996879
2,451,V,0.8408473
2,452,V,1.0
2,452,V,1.0
2,453,H,-0.3127375
2,453,H,-0.03288724
2,453,H,-0.044978675
2,453,H,0.10121297
2,453,H,-0.29688028
2,453,H,-0.0049223267
2,453,H,-0.012202639
2,453,V,-0.14485851
2,453,V,-0.037684303
2,453,V,-0.02870371
2,453,V,0.013919959
2,453,V,0.12260354
2,453,V,-0.14261387
2,453,V,-0.022539306
2,453,V,-0.027226293
2,453,V,-0.008412399
2,453,V,0.110296436
2,454,H,-0.08169183
2,454,H,-0.17746842
2,454,H,-0.15621023
2,454,H,-0.11699312
2,454,H,-0.16357693
2,454,H,-0.13142793
2,454,V,-0.2435891
2,454,V,-0.03444257
2,454,V,-0.09300387
2,454,V,-0.041761246
2,454,V,-0.053177364
2,454,V,-0.077498585
2,454,V,-0.10287001
2,454,V,-0.09340664
2,454,V,-0.06813014
2,455,V,-0.15118238
2,455,V,-0.18535106
2,456,H,0.34237584
2,456,H,0.6316905
2,456,H,0.6427604
2,456,H,0.66280085
2,456,H,-0.14757441
2,456,H,0.077908576
2,456,H,0.13707176
2,456,H,0.13719846
2,456,H,-0.045710955
2,456,H,-0.2993728
2,456,H,0.15004766
2,456,H,0.14956167
2,456,H,0.036585893
2,456,H,-0.17186508
2,456,H,-0.27292103
2,456,H,-0.6966304
2,456,H,-0.6362889
2,456,H,-0.6220073
2,456,V,-0.6793172
2,456,V,-0.7292539
2,456,V,0.09768821
2,456,V,-0.056443937
2,456,V,-0.0771703
2,456,V,0.38287914
2,456,V,-0.043844957
2,456,V,-0.076815866
2,456,V,-0.024699936
2,456,V,0.8032749
2,456,V,0.816528
2,457,H,0.0050429557
2,457,H,0.022869827
2,457,H,-0.006635509
2,457,V,0.07267311
2,457,V,-0.064023666
2,457,V,0.04345376
2,457,V,0.03736132
2,458,H,0.1392873
2,458,H,-0.25447544
2,458,H,0.19323693
2,458,H,0.2835971
2,458,V,0.15593192
2,458,V,0.033593673
2,458,V,0.017954491
2,459,H,-0.990613
2,459,H,-0.99985224
2,459,H,-1.0
2,459,H,-1.0
2,459,H,-0.99841875
2,459,V,0.65365493
2,459,V,0.71269214
2,459,V,0.7662665
2,459,V,-0.07687612
2,459,V,-0.47180188
2,459,V,-0.5162935
2,460,H,1.0
2,460,H,-0.99588
2,460,H,1.0
2,460,H,-0.9936622
2,460,H,0.99998826
2,460,H,0.9980222
2,460,V,-1.0
2,460,V,0.85684973
2,460,V,-1.0
2,460,V,0.8830132
2,460,V,-1.0
2,460,V,0.8756026
2,460,V,0.9553999
2,461,H,-0.9997799
2,461,V,-0.7815727
2,462,H,-0.9980091
2,462,H,-1.0
2,462,V,-0.8946847
2,462,V,-0.9876865
2,462,V,-0.9860885
2,463,H,-1.0
2,463,V,-0.5724187
2,464,V,-0.0951592
2,464,V,-0.27935785
2,464,V,-0.26327795
2,464,V,-0.36221838
2,465,H,-0.7215034
2,465,V,0.5763357
2,465,V,0.48965377
2,465,V,0.48894963
2,466,H,-0.7551088
2,466,H,-1.0
2,466,H,-0.93052286
2,466,V,-1.0
2,466,V,-1.0
2,466,V,-0.78988653
2,467,V,-0.841203
2,467,V,-0.8932001
2,467,V,-0.90764874
2,467,V,-0.9448291
2,468,H,0.76812834
2,468,V,-0.13699307
2,468,V,-0.06399696
2,468,V,-0.07746229
2,468,V,-0.010432285
2,469,H,-0.77623725
2,469,H,-0.68466634
2,469,H,-0.93434805
2,469,H,-0.28670952
2,469,H,0.43651408
2,469,V,1.0
2,469,V,1.0
2,469,V,1.0
2,469,V,1.0
2,470,V,-0.47665995
2,470,V,-0.36703134
2,470,V,-0.38759685
2,470,V,-0.25889626
2,471,V,0.7749026
2,471,V,0.8362919
2,471,V,0.688418
2,471,V,0.65567124
2,471,V,0.8376556
2,471,V,-0.3219074
2,471,V,0.01665824
2,472,H,0.42953312
2,472,H,0.42435133
2,472,H,0.32023254
2,472,V,0.0062472713
2,472,V,-0.4499997
2,472,V,-0.39037567
2,472,V,-0.7076703
2,472,V,-0.42003143
2,473,V,-0.36856002
2,473,V,-0.43965566
2,473,V,-0.15421656
2,473,V,-0.12651137
2,473,V,-0.21783808
2,473,V,-0.14783442
2,473,V,-0.1341613
2,473,V,-0.20155807
2,474,V,0.18281555
2,474,V,0.1532638
2,474,V,-0.3372081
2,474,V,0.262889
2,475,H,0.48656544
2,475,H,0.52444434
2,475,H,0.199721
2,475,H,0.13148957
2,475,H,-0.13107245
2,475,V,-0.68844175
2,475,V,-0.60622126
2,475,V,-0.76552594
2,475,V,-0.87326616
2,475,V,-0.5355195
2,475,V,-0.5394798
2,475,V,-0.6845096
2,475,V,-0.6959539
2,476,H,-0.048835106
2,476,H,-0.057834003
2,476,V,-0.087481536
2,476,V,-0.020710373
2,476,V,-0.06027947
2,476,V,-0.023328826
2,476,V,0.05753177
2,476,V,-0.07837742
2,476,V,-0.017927775
2,476,V,-0.06689233
2,476,V,-0.028425893
2,476,V,0.032892596
2,477,H,0.5701599
2,477,H,0.37703794
2,477,H,0.061122015
2,477,H,0.13320974
2,477,H,0.04817329
2,477,H,0.02671526
2,477,H,0.07909714
2,477,H,0.14066023
2,477,H,0.09157346
2,477,H,0.048644826
2,477,H,0.09660066
2,478,H,-0.11208619
2,478,H,-0.026727153
2,478,H,-0.09317392
2,478,H,-0.11426682
2,478,H,-0.03433699
2,478,H,-0.030911729
2,478,H,-0.11834774
2,478,H,-0.057899315
2,478,H,-0.07149668
2,478,V,-0.18242784
2,478,V,-0.15234053
2,478,V,-0.21279319
2,478,V,-0.04237655
2,478,V,-0.015609501
2,478,V,-0.031474516
2,478,V,-0.040127493
2,478,V,-0.06423156
2,478,V,-0.054108385
2,479,H,0.013378994
2,479,H,0.78808933
2,479,H,0.7510809
2,479,H,0.6958677
2,479,H,0.29105043
2,479,H,0.005408197
2,479,H,0.6475145
2,479,H,0.5186801
2,479,H,0.37500927
2,479,H,0.24087726
2,479,H,-0.081224635
2,479,H,0.60349035
2,479,H,0.5158321
2,479,H,0.46612018
2,479,H,0.22004181
2,479,H,0.4985259
2,479,H,0.43945712
2,479,H,0.34880066
2,479,H,0.34663925
2,479,V,-0.6175921
2,479,V,-0.38130087
2,479,V,-0.43643302
2,479,V,-0.34792387
2,479,V,-0.56668776
2,479,V,-0.32710126
2,479,V,-0.41467994
2,479,V,-0.31785455
2,479,V,-0.42518896
2,479,V,-0.47232622
2,479,V,-0.40452915
2,479,V,-0.530758
2,479,V,-0.22998917
2,479,V,-0.4061993
2,479,V,-0.7556285
2,479,V,-0.28161493
2,479,V,-0.44798344
2,479,V,-0.463963
2,479,V,-0.5107651
2,480,H,-0.6858242
2,480,H,-0.6036893
2,480,H,-0.684556
2,480,H,-0.43018666
2,480,H,-0.12040072
2,480,H,-0.20742169
2,480,H,0.33924857
2,480,H,0.13826616
2,480,H,-0.19420716
2,480,H,0.35277003
2,480,H,0.3719786
2,480,H,0.23968567
2,480,H,0.37612912
2,480,V,0.58210135
2,480,V,0.52674276
2,480,V,0.4765222
2,480,V,-0.29368037
2,480,V,-0.549769
2,480,V,-0.5957178
2,480,V,0.0074491664
2,481,H,0.008646151
2,481,H,0.06080533
2,481,H,-0.0008807496
2,481,V,-0.13475639
2,481,V,-0.11372173
2,481,V,-0.06627875
2,481,V,-0.19385709
2,482,V,0.14708185
2,482,V,0.065262996
2,482,V,0.086395815
2,482,V,0.059775826
2,482,V,0.49408874
2,482,V,0.70585316
2,483,H,-0.20357512
2,483,H,0.17595625
2,483,H,0.013915394
2,483,H,-0.17517363
2,483,H,-0.18715622
2,483,V,0.0302732
2,483,V,-0.01262569
2,483,V,-0.32714304
2,483,V,0.43158054
2,483,V,0.46499932
2,483,V,-0.2366301
2,483,V,-0.29376367
2,483,V,0.649937
2,483,V,0.029976731
2,483,V,-0.46542692
2,483,V,0.0919297
2,483,V,0.45964476
2,483,V,-0.09013468
2,483,V,0.16189875
2,483,V,-0.06629075
2,483,V,0.26506191
2,484,H,-0.22460377
2,484,H,-0.08538063
2,484,H,-0.05664431
2,484,H,-0.10959087
2,484,V,0.9873023
2,485,V,-0.045267623
2,485,V,0.06556183
2,485,V,0.12717924
2,485,V,-0.072720215
2,485,V,-0.023416286
2,485,V,0.09411386
2,485,V,-0.08622639
2,485,V,-0.038222093
2,485,V,-0.06109752
2,485,V,0.24119452
2,485,V,-0.06486385
2,485,V,0.05057891
2,486,H,-0.79771525
2,486,H,0.08061406
2,486,V,0.69351673
2,486,V,0.6406471
2,486,V,0.6592996
2,486,V,0.54825056
2,486,V,0.48894402
2,486,V,0.5862822
2,486,V,0.45964387
2,486,V,-0.47912937
2,487,H,0.90311456
2,487,V,-0.048742324
2,487,V,-0.1603187
2,487,V,-0.12994288
2,487,V,-0.29902932
2,488,H,-0.09317062
2,488,H,-0.031695582
2,488,H,-0.06665237
2,488,H,-0.055095177
2,488,H,-0.033214055
2,488,H,-0.022400051
2,488,H,-0.03317798
2,488,H,-0.029092817
2,488,H,-0.0032099872
2,488,H,0.036573917
2,488,H,0.020546017
2,488,H,0.03865887
2,488,V,-0.030733159
2,488,V,-0.019873708
2,488,V,-0.013262869
2,488,V,-0.035801962
2,488,V,-0.037846707
2,488,V,-0.017096557
2,488,V,-0.036326345
2,488,V,-0.022264043
2,488,V,-0.036279514
2,488,V,-0.12446013
2,488,V,-0.11474659
2,488,V,-0.06415196
2,489,H,-1.0
2,489,H,-1.0
2,489,H,-1.0
2,489,H,-1.0
2,489,H,-1.0
2,489,H,-1.0
2,489,H,-1.0
2,489,H,-1.0
2,489,H,-1.0
2,489,H,-1.0
2,489,H,-1.0
2,489,H,-1.0
2,489,H,-1.0
2,489,H,-1.0
2,489,V,1.0
2,489,V,1.0
2,489,V,1.0
2,489,V,1.0
2,489,V,1.0
2,489,V,1.0
2,489,V,1.0
2,489,V,1.0
2,489,V,1.0
2,489,V,1.0
2,489,V,1.0
2,490,H,-0.11369262
2,490,H,-0.3414139
2,490,H,-0.29983294
2,490,H,-0.51231486
2,490,V,-0.08068855
2,490,V,0.117097795
2,490,V,0.16060086
2,490,V,0.37753206
2,491,V,-0.08486211
2,491,V,0.23079458
2,491,V,0.26447195
2,491,V,-0.60672784
2,491,V,-0.22817363
2,491,V,-0.5694766
2,491,V,-0.29006276
2,491,V,-0.2087814
2,492,H,0.8034824
2,492,H,0.7770355
2,492,V,-0.8704185
2,492,V,-0.75344455
2,492,V,-0.6620273
2,492,V,-0.70684564
2,492,V,-0.8755453
2,492,V,-0.7310845
2,492,V,-0.66569775
2,492,V,-0.67469966
2,493,V,0.3493483
2,493,V,0.19081978
2,493,V,0.21358363
2,493,V,0.14797533
2,493,V,0.16534244
2,493,V,-0.09482128
2,494,H,-0.28097314
2,494,H,-0.1760366
2,494,H,-0.24264082
2,494,H,-0.0578767
2,494,H,0.01344008
2,494,H,-0.09306192
2,494,H,0.011215051
2,494,H,-0.027449483
2,494,H,-0.04417393
2,494,H,0.10209476
2,494,H,0.061213885
2,494,H,0.14742161
2,494,H,0.042441152
2,495,H,-0.21028343
2,495,H,-0.13092867
2,495,H,-0.14368759
2,495,H,-0.10614777
2,495,H,-0.11776716
2,495,H,-0.19346122
2,495,H,-0.14004348
2,495,H,-0.10993126
2,495,H,-0.107682526
2,495,H,-0.121866405
2,495,H,-0.32402235
2,495,H,-0.3383265
2,495,V,0.047750458
2,495,V,0.070609294
2,495,V,0.216403
2,496,V,0.2947644
2,496,V,0.3491346
2,496,V,0.09830697
2,496,V,0.29878232
2,496,V,0.36017016
2,496,V,0.13122448
2,496,V,0.31116962
2,497,H,0.96785885
2,497,H,0.41763005
2,497,H,0.31558058
2,497,H,0.364373
2,497,H,0.28708303
2,497,H,0.42367107
2,497,H,0.4039071
2,497,H,0.29052746
2,497,H,0.16679372
2,498,V,-0.07319027
2,498,V,-0.02062953
2,498,V,-0.08324935
2,498,V,-0.22257957
2,498,V,-0.19317707
2,498,V,0.015880466
2,498,V,0.00021514548
2,498,V,-0.057484727
2,498,V,-0.12727599
2,498,V,-0.1941826
2,498,V,-0.012287263
2,498,V,0.006886417
2,498,V,-0.033387575
2,498,V,-0.11503429
2,498,V,-0.36542282
2,498,V,-0.20780672
2,498,V,-0.38813925
2,498,V,-0.32255706
2,498,V,-0.41438654
2,499,H,0.5668864
2,499,H,0.09949733
2,499,H,0.15464471
2,499,H,0.4952536
2,499,H,0.009818503
2,499,H,0.037746705
2,499,H,-0.32288545
2,499,H,0.5098571
2,499,H,-0.012454367
2,499,H,0.026673444
2,499,H,-0.29269424
2,499,H,0.003990015
2,499,H,-0.03459238
2,499,V,0.768181
2,499,V,0.19940346
2,499,V,0.19428265
2,499,V,0.79290766
2,499,V,0.2465556
2,499,V,0.228702
3,0,H,-0.93132895
3,0,H,-0.93427
3,0,H,-0.96476907
3,0,H,-0.9486528
3,0,H,-0.98504025
3,0,H,-0.9962078
3,0,H,-0.99927896
3,0,H,-1.0
3,0,H,-1.0
3,0,H,-1.0
3,0,V,0.9406574
3,0,V,-0.16946216
3,0,V,-0.16276306
3,0,V,0.9499649
3,0,V,0.13030311
3,0,V,0.050441254
3,0,V,0.028651698
3,0,V,-0.7118216
3,0,V,0.8976114
3,0,V,0.15454404
3,0,V,0.021073388
3,0,V,0.043792482
3,0,V,-0.4680457
3,0,V,0.93138266
3,0,V,0.6515167
3,0,V,0.5984024
3,0,V,0.5575468
3,1,H,0.06639261
3,1,H,-0.10867524
3,1,H,-0.18094373
3,1,H,-0.116948485
3,1,H,-0.18118387
3,1,H,0.106339775
3,1,H,-0.11070885
3,1,H,-0.11112839
3,1,H,-0.105470605
3,1,H,-0.16305338
3,1,H,-0.15677702
3,1,V,-0.23786911
3,1,V,-0.23482019
3,1,V,0.0982354
3,2,H,-0.7734138
3,2,H,-0.8548686
3,2,H,-0.52596956
3,2,H,-0.7142458
3,2,H,0.29448253
3,2,H,-0.40237248
3,3,H,-0.47210884
3,3,H,-0.6433372
3,3,H,-0.16072233
3,4,H,-0.7570389
3,4,H,0.99936926
3,4,V,-0.99025345
3,4,V,-0.9921511
3,4,V,-0.9999123
3,5,H,-0.03715211
3,5,H,-0.30886155
3,5,H,0.25442046
3,5,H,0.34009126
3,5,H,0.35088468
3,5,H,0.39501464
3,6,H,-0.109040484
3,6,H,-0.22984803
3,6,H,-0.0035329089
3,6,H,-0.05958649
3,6,H,-0.058386486
3,6,H,0.022520322
3,6,H,0.22365285
3,6,H,0.12944695
3,6,H,0.20830429
3,6,V,-0.57618845
3,7,H,-0.8600258
3,7,V,0.9720054
3,7,V,1.0
3,7,V,1.0
3,7,V,-0.93080974
3,7,V,-1.0
3,7,V,-1.0
3,8,H,0.08833272
3,8,H,0.011756396
3,8,H,-0.038268976
3,8,H,0.02739807
3,8,H,0.11881297
3,8,H,0.20089528
3,8,H,0.16918117
3,8,H,0.20920447
3,8,V,0.18507692
3,8,V,0.12892108
3,8,V,0.15381065
3,8,V,-0.0053328853
3,8,V,0.09535006
3,8,V,-0.035365466
3,8,V,0.08926061
3,8,V,0.13233075
3,8,V,0.054811556
3,8,V,-0.25278354
3,8,V,-0.072837055
3,8,V,-0.060510367
3,9,H,-0.24362147
3,9,H,-0.116638936
3,9,H,-0.39165756
3,9,V,0.48494545
3,9,V,0.24490939
3,9,V,0.31802034
3,9,V,0.5634203
3,9,V,0.22052296
3,9,V,0.36339882
3,10,H,0.501073
3,10,H,0.9589738
3,10,H,0.96681285
3,10,V,0.10726255
3,10,V,0.18054265
3,10,V,0.16094412
3,10,V,-0.14921077
3,11,H,0.07650682
3,11,H,-0.52173305
3,11,H,0.7032386
3,11,H,0.7417959
3,11,V,-1.0
3,11,V,-1.0
3,11,V,-1.0
3,12,H,0.009562551
3,12,H,-0.037687045
3,12,H,-0.18402766
3,12,V,0.010780448
3,12,V,0.71973306
3,12,V,0.6129857
3,12,V,0.6032525
3,12,V,-0.06077655
3,12,V,-0.1047685
3,13,H,-0.88561636
3,13,H,-0.7805182
3,13,H,-0.77162206
3,13,H,0.9646001
3,13,V,0.92440075
3,14,V,-0.07789124
3,14,V,-0.058405645
3,14,V,-0.07179871
3,14,V,-0.10133232
3,14,V,-0.08234808
3,14,V,0.096344545
3,14,V,-0.0063893376
3,14,V,-0.24905892
3,15,H,-0.052950013
3,15,H,-0.020697609
3,15,H,0.015536239
3,15,H,-0.017797133
3,15,H,-0.034938198
3,15,H,-0.13034137
3,15,H,-0.09210883
3,15,H,-0.10966603
3,15,H,-0.0821682
3,15,H,-0.130589
3,15,H,-0.13885635
3,15,H,-0.08831668
3,15,H,-0.09972524
3,15,H,-0.073356405
3,15,H,-0.12748249
3,15,V,-0.009964194
3,15,V,-0.019755404
3,15,V,0.0075619314
3,15,V,-0.011354116
3,15,V,0.013500637
3,15,V,0.016671164
3,15,V,-0.0057642325
3,15,V,0.02407628
3,15,V,0.010542623
3,15,V,0.06622802
3,15,V,0.058700122
3,15,V,0.043667775
3,16,H,0.731983
3,16,H,1.0
3,16,H,0.99830806
3,16,H,0.8772973
3,16,H,1.0
3,16,H,1.0
3,16,H,0.9071489
3,16,H,0.9988013
3,16,H,1.0
3,16,H,0.9975126
3,16,H,0.9358868
3,16,H,1.0
3,16,H,0.998739
3,16,H,0.998169
3,16,V,-0.8958874
3,16,V,-1.0
3,16,V,-1.0
3,16,V,-0.9997901
3,17,H,-0.6900938
3,17,H,0.8193873
3,17,V,1.0
3,17,V,1.0
3,17,V,0.99966997
3,17,V,0.9992006
3,17,V,0.9932785
3,18,H,0.16865276
3,18,H,0.15407047
3,18,H,0.0442505
3,18,H,0.21978736
3,18,H,-0.08991581
3,18,H,0.18129136
3,18,H,0.1773346
3,18,V,-0.932596
3,18,V,-0.887127
3,18,V,-0.8150202
3,18,V,-0.99433243
3,19,H,-0.10582849
3,19,H,0.008027101
3,19,H,0.12716663
3,19,H,0.05443015
3,19,H,0.38133094
3,19,H,0.4002036
3,19,H,0.5466613
3,19,H,0.31073678
3,19,V,-0.28729758
3,19,V,0.13578536
3,19,V,0.22786503
3,19,V,-0.29342797
3,19,V,-0.050063618
3,19,V,0.20329624
3,19,V,-0.05934193
3,19,V,-0.05577567
3,19,V,-0.267252
3,19,V,0.05022915
3,19,V,0.2666007
3,19,V,-0.043171342
3,19,V,0.008158356
3,19,V,-0.2828533
3,19,V,-0.34605616
3,19,V,-0.18275875
3,19,V,-0.14611652
3,19,V,-0.23198102
3,20,V,0.36846265
3,20,V,-0.15862541
3,20,V,-0.09250201
3,20,V,-0.9133689
3,20,V,0.41217417
3,20,V,-0.23527816
3,20,V,-0.053941738
3,20,V,-0.9405509
3,20,V,0.6467638
3,20,V,-0.3266723
3,20,V,-0.21783079
3,20,V,0.101373084
3,21,H,0.53853166
3,21,H,0.75788337
3,21,H,0.48171777
3,21,H,0.35229713
3,21,H,0.76236767
3,21,H,0.56576234
3,21,H,0.51940733
3,21,H,0.73582524
3,21,V,-0.99875844
3,21,V,-0.9983072
3,22,H,0.048445944
3,22,H,0.08473455
3,22,H,0.07277322
3,22,H,0.070273474
3,22,H,0.08285211
3,22,H,0.037032347
3,22,H,0.0021431271
3,22,H,0.0493398
3,22,H,-0.01193474
3,22,H,0.029267937
3,22,H,0.028671136
3,22,H,0.039327946
3,22,H,-0.0014210357
3,22,H,0.015512589
3,22,H,0.029247576
3,22,H,0.03503523
3,22,H,0.0016805354
3,22,H,0.0031019174
3,22,H,-0.0086659305
3,22,H,-0.060964797
3,23,H,0.4840625
3,23,H,0.17224099
3,23,H,0.109231755
3,23,H,0.29940665
3,23,H,0.12590404
3,23,H,0.2429358
3,23,H,0.11060937
3,23,H,0.08424237
3,23,H,0.2031216
3,23,H,0.24990842
3,23,H,0.250759
3,24,H,-0.6783776
3,24,H,-0.751278
3,24,H,-0.50382566
3,24,H,0.74158454
3,24,H,0.77274334
3,24,H,0.875665
3,24,H,-0.011221706
3,25,H,-0.076270476
3,25,H,-0.063041955
3,25,H,-0.045019977
3,25,H,-0.0761511
3,25,H,-0.033481
3,25,H,-0.071328625
3,25,H,-0.20600787
3,25,H,-0.082724854
3,25,H,-0.08750051
3,25,H,-0.10119813
3,25,H,0.011247978
3,25,V,-0.061487578
3,25,V,-0.04068923
3,25,V,-0.008527187
3,25,V,0.052997313
3,25,V,-0.061319448
3,25,V,-0.02646522
3,25,V,0.06668591
3,25,V,-0.029963171
3,25,V,-0.029030254
3,26,H,0.51046103
3,26,H,0.10052995
3,26,H,0.11551375
3,26,V,0.3714281
3,26,V,0.3666144
3,27,H,1.0
3,27,H,1.0
3,27,H,1.0
3,27,H,1.0
3,27,V,1.0
3,27,V,1.0
3,27,V,1.0
3,27,V,1.0
3,28,H,0.99592984
3,28,H,0.97234726
3,28,H,0.96100175
3,28,H,0.28677472
3,28,V,0.26855946
3,28,V,0.13869222
3,28,V,0.57056624
3,28,V,0.101005696
3,28,V,0.54143864
3,28,V,0.095744535
3,28,V,0.4987757
3,29,H,-1.0
3,29,H,-1.0
3,29,H,-1.0
3,29,H,-1.0
3,29,H,-1.0
3,29,V,0.8185919
3,29,V,-0.9725507
3,29,V,-1.0
3,30,H,-0.38011575
3,30,H,-0.18739264
3,30,H,-0.22039428
3,30,V,-0.21779396
3,30,V,-0.25984687
3,30,V,-0.26255122
3,31,H,0.19491287
3,31,H,-0.20290974
3,31,H,0.14255479
3,31,H,-0.32625252
3,31,H,0.06081076
3,31,H,0.09784788
3,31,H,-0.09123997
3,31,H,-0.3803609
3,31,H,0.25318462
3,31,H,0.32870948
3,31,H,0.17393462
3,31,H,-0.25582102
3,32,H,0.99695474
3,32,H,0.99987775
3,32,H,0.9999546
3,32,H,0.99958915
3,32,V,1.0
3,32,V,1.0
3,32,V,1.0
3,32,V,1.0
3,33,H,0.0015921724
3,33,H,-0.041680593
3,33,H,-0.008939819
3,33,H,-0.10388303
3,33,H,-0.04280462
3,33,H,0.06839132
3,33,V,-0.10302053
3,33,V,-0.09702078
3,34,V,1.0
3,34,V,1.0
3,34,V,1.0
3,34,V,1.0
3,34,V,0.9989468
3,35,H,-0.9878454
3,35,H,-0.9925312
3,35,H,-1.0
3,35,H,-1.0
3,35,H,-1.0
3,35,H,-1.0
3,35,V,0.1043361
3,35,V,0.6641108
3,35,V,0.5086714
3,35,V,-0.27255386
3,35,V,-0.35183367
3,35,V,-0.4231546
3,36,H,-0.28026313
3,36,H,-0.26795012
3,36,H,0.011991445
3,36,H,-0.01985778
3,36,H,-0.1783625
3,36,H,-0.0070751724
3,36,H,0.075183496
3,36,H,0.0556072
3,36,H,-0.13944687
3,36,H,-0.14639208
3,36,H,-0.11435123
3,36,V,-0.088506386
3,36,V,-0.041380018
3,36,V,-0.07062792
3,36,V,-0.16932358
3,36,V,-0.29520875
3,36,V,-0.17273101
3,36,V,-0.28311357
3,36,V,-0.32596445
3,36,V,-0.24236141
3,36,V,0.03095556
3,36,V,-0.31200483
3,36,V,-0.24227382
3,37,H,0.97538066
3,37,H,0.9051417
3,37,H,0.86556256
3,37,H,0.89855367
3,37,V,-0.722943
3,37,V,-0.17451991
3,37,V,-0.012775426
3,38,H,0.054157827
3,38,H,0.3236304
3,38,H,-0.08243706
3,38,H,0.13584507
3,38,H,0.05427007
3,38,H,-0.04337908
3,38,H,0.037909713
3,38,H,-0.017017068
3,38,H,0.12366135
3,38,H,-0.10796059
3,38,H,0.03440782
3,38,H,0.12525795
3,38,H,-0.04305857
3,38,H,-0.015981864
3,38,H,-0.07908909
3,38,H,0.1818778
3,38,H,0.1524593
3,39,H,-1.0
3,39,H,-1.0
3,39,H,-1.0
3,39,V,-0.9991252
3,39,V,-1.0
3,39,V,-1.0
3,39,V,-1.0
3,40,H,-0.06220428
3,40,H,-0.066386715
3,40,H,-0.111242145
3,40,H,-0.03221322
3,40,H,-0.06640428
3,41,H,0.96528083
3,41,H,0.7357614
3,41,H,0.7160927
3,41,V,-0.5193977
3,41,V,-0.8415871
3,41,V,0.27019256
3,41,V,-0.69106483
3,41,V,0.119057976
3,41,V,-0.6351347
3,41,V,0.8977703
3,42,H,0.009487635
3,42,H,-0.20490113
3,42,H,-0.0062270057
3,42,H,-0.26042125
3,42,H,-0.7240155
3,42,V,-0.9928108
3,42,V,0.0577077
3,43,H,0.782569
3,43,H,-0.56424487
3,43,H,0.98198175
3,43,H,-0.72126925
3,43,H,0.9863568
3,43,H,-0.6559781
3,43,H,-0.86664236
3,43,V,1.0
3,43,V,-0.5902421
3,43,V,0.9988755
3,43,V,-0.6162262
3,43,V,0.9991077
3,43,V,-0.58033985
3,43,V,1.0
3,44,H,0.9563571
3,44,H,-1.0
3,44,H,0.9549311
3,44,H,-1.0
3,44,H,0.8994332
3,44,H,-1.0
3,44,H,0.91044545
3,44,V,-0.99897474
3,44,V,-1.0
3,44,V,0.96941423
3,44,V,-0.99911404
3,44,V,0.95218694
3,44,V,-0.9925271
3,44,V,0.98283166
3,45,H,1.0
3,45,H,0.99991333
3,45,V,1.0
3,45,V,0.99966663
3,45,V,0.9994899
3,45,V,0.98833597
3,45,V,-0.9721391
3,46,H,-0.9958935
3,46,H,-0.9911881
3,46,H,-0.9715894
3,46,H,-0.88638216
3,46,V,0.9973794
3,46,V,1.0
3,46,V,1.0
3,47,H,-0.87769485
3,47,H,-0.8760043
3,47,H,-0.9490798
3,47,V,0.742131
3,48,H,-0.20084514
3,48,H,1.0
3,48,H,1.0
3,48,H,1.0
3,48,H,1.0
3,48,V,-1.0
3,48,V,-1.0
3,48,V,-1.0
3,48,V,-0.99987674
3,49,H,-0.40452042
3,49,H,-0.39435026
3,49,H,-0.36689886
3,49,H,-0.5154798
3,49,H,-0.40804258
3,49,H,-0.37757084
3,49,H,-0.6466028
3,49,H,-0.44523492
3,49,H,-0.34982204
3,49,H,-0.64251626
3,49,V,0.24137348
3,49,V,0.12184504
3,49,V,0.16046725
3,49,V,0.18809642
3,49,V,-0.011969479
3,49,V,-0.058805093
3,49,V,0.18365152
3,49,V,-0.006312927
3,49,V,-0.058375034
3,49,V,0.09099501
3,49,V,-0.10879823
3,49,V,-0.117827184
3,50,V,-0.8634203
3,50,V,-0.9950756
3,50,V,-0.92604214
3,50,V,0.060053255
3,50,V,-0.20798208
3,50,V,0.020650242
3,50,V,0.06929177
3,50,V,0.16134572
3,50,V,0.9681744
3,50,V,1.0
3,50,V,1.0
3,51,H,-0.26181415
3,51,H,-0.32013452
3,51,H,-0.32946342
3,51,H,-0.3400163
3,51,H,-0.29838285
3,51,V,0.24785683
3,51,V,0.3570504
3,51,V,0.053079158
3,51,V,0.0571884
3,51,V,-0.0698258
3,51,V,-0.16683032
3,52,H,0.46788162
3,52,H,0.70432496
3,52,H,0.5861319
3,52,H,0.7732761
3,52,H,0.69379807
3,52,H,0.67334557
3,53,H,0.5525474
3,53,V,0.77411497
3,53,V,-0.20686449
3,53,V,-0.993027
3,53,V,-0.9851882
3,54,H,0.19631411
3,54,H,0.06764138
3,54,H,0.21343656
3,54,H,-0.18212968
3,54,H,0.049575355
3,54,H,-0.027852783
3,54,H,0.091979
3,54,H,-0.080389954
3,54,H,0.021535479
3,54,H,0.031179361
3,54,H,0.025022471
3,54,H,-0.15734252
3,54,H,0.050168738
3,54,H,0.09587334
3,54,H,0.09173062
3,54,H,-0.122045256
3,54,V,-0.7031864
3,55,H,-0.16435507
3,55,H,-0.053105626
3,55,H,0.13095263
3,55,H,-0.012294485
3,55,H,0.12683488
3,55,H,-0.023259342
3,55,H,0.2996104
3,55,V,-0.10997862
3,55,V,0.2619158
3,55,V,0.29887417
3,55,V,0.2898098
3,55,V,0.2015144
3,55,V,-0.37821344
3,55,V,-0.21008222
3,55,V,-0.18685375
3,55,V,-0.14884773
3,55,V,0.025136266
3,56,H,1.0
3,56,H,0.9388566
3,56,H,0.24178414
3,56,V,-0.52405816
3,56,V,-0.65047497
3,56,V,-0.7828978
3,56,V,-0.027662836
3,56,V,-0.49720135
3,56,V,-0.36602747
3,56,V,-0.36201152
3,56,V,-0.4554071
3,56,V,-0.3543367
3,56,V,0.21149714
3,57,H,0.95308137
3,57,H,-0.971206
3,57,H,0.99246794
3,57,H,-0.9643407
3,57,H,0.9886438
3,57,H,-0.95516735
3,57,H,0.99000007
3,57,H,-0.84314644
3,57,V,1.0
3,57,V,1.0
3,58,H,-0.7442156
3,58,H,-0.29283258
3,58,H,-0.22671725
3,59,H,0.009127462
3,59,H,-0.07498922
3,59,H,-0.012260497
3,59,H,-0.25979573
3,59,H,0.021816332
3,59,H,-0.079410866
3,59,H,-0.10460203
3,59,H,-0.36005804
3,59,H,-0.8035932
3,59,V,-0.5592976
3,59,V,-0.4348443
3,59,V,-0.62411904
3,59,V,0.016296037
3,59,V,-0.087532826
3,59,V,0.046305384
3,59,V,-0.35172558
3,59,V,-0.059395853
3,59,V,-0.17987533
3,59,V,-0.014187906
3,59,V,-0.32739934
3,59,V,0.46244437
3,59,V,0.1315855
3,59,V,0.1663051
3,59,V,-0.07120304
3,60,H,0.9993129
3,60,V,-0.2543153
3,60,V,-0.59566796
3,60,V,-0.5413679
3,60,V,-0.7794285
3,61,H,0.32424343
3,61,H,0.2864479
3,61,H,-0.1523935
3,61,H,0.2759617
3,61,H,-0.183293
3,61,H,0.15489009
3,61,H,-0.48344472
3,61,H,-0.7444422
3,61,V,-0.12608103
3,61,V,-0.6279451
3,61,V,0.09470357
3,61,V,-0.009673494
3,61,V,-0.5880036
3,61,V,0.13031611
3,61,V,0.09712536
3,61,V,-0.540154
3,61,V,0.46411508
3,61,V,-0.28952843
3,62,V,-0.028833253
3,62,V,0.0057417015
3,62,V,-0.110543005
3,62,V,-0.052150354
3,62,V,-0.3531343
3,62,V,-0.41406193
3,62,V,-0.5750503
3,63,H,-0.26972005
3,63,H,-0.29518294
3,63,H,-0.27171063
3,63,H,-0.16087747
3,64,H,-0.65563077
3,64,H,-0.25244388
3,64,H,-0.5276004
3,64,H,-0.51598626
3,64,H,-0.35830477
3,64,H,-0.49409696
3,64,V,-0.6266891
3,64,V,-0.555431
3,64,V,-0.44305924
3,65,V,-0.79563177
3,65,V,-0.9348276
3,65,V,0.5047917
3,65,V,-0.90449023
3,65,V,0.5251
3,65,V,-0.9556876
3,65,V,-0.8929369
3,65,V,-0.8703064
3,65,V,-0.84753245
3,65,V,0.26607102
3,66,V,0.027521145
3,66,V,0.036522944
3,66,V,0.040307406
3,66,V,0.068253756
3,66,V,0.8310429
3,67,V,0.9495289
3,67,V,0.9950435
3,67,V,1.0
3,67,V,0.99932563
3,67,V,0.9821538
3,67,V,0.999231
3,67,V,1.0
3,67,V,0.9967515
3,67,V,0.97692585
3,67,V,0.99959874
3,67,V,0.99861497
3,67,V,0.9911343
3,67,V,0.90096754
3,67,V,0.9929335
3,67,V,0.99783576
3,67,V,0.99490917
3,68,H,0.9893718
3,68,H,1.0
3,68,H,1.0
3,68,H,0.9989955
3,68,H,1.0
3,68,H,0.9996196
3,68,H,0.99988043
3,68,H,1.0
3,68,H,1.0
3,68,H,0.9922185
3,68,V,1.0
3,68,V,1.0
3,68,V,1.0
3,68,V,0.95428175
3,68,V,1.0
3,68,V,1.0
3,68,V,0.9707667
3,68,V,1.0
3,68,V,1.0
3,68,V,1.0
3,68,V,0.9656057
3,68,V,1.0
3,68,V,1.0
3,68,V,0.8258108
3,69,H,-0.021448331
3,69,H,0.038611267
3,69,H,-0.0119676925
3,69,H,-0.055256214
3,69,H,0.013636153
3,69,H,-0.032566648
3,69,H,0.018384537
3,69,H,-0.04013156
3,69,V,-0.24195535
3,69,V,-0.40550935
3,69,V,-0.3701804
3,69,V,0.08289336
3,69,V,-0.03429274
3,69,V,-0.07641772
3,69,V,0.09713779
3,69,V,-0.078854844
3,69,V,-0.08281359
3,69,V,0.0011337432
3,69,V,0.0010598332
3,69,V,-0.060705855
3,70,H,-0.15725708
3,70,H,-0.14521047
3,70,H,-0.15064192
3,70,H,-0.23860109
3,70,V,-0.051113382
3,70,V,0.010123122
3,70,V,0.00837663
3,70,V,-0.013362058
3,70,V,0.13603759
3,71,H,-0.25185597
3,71,V,-0.3479154
3,71,V,-0.31658262
3,71,V,-0.07430032
3,71,V,-0.76557297
3,71,V,0.661329
3,71,V,-0.20116211
3,71,V,-0.052334398
3,71,V,-0.9205634
3,71,V,0.62661564
3,71,V,-0.098751865
3,71,V,-0.036893178
3,71,V,-0.94519967
3,72,H,-0.5298537
3,72,H,-0.8343603
3,73,H,-1.0
3,73,H,-1.0
3,73,H,-1.0
3,73,H,-1.0
3,73,V,1.0
3,73,V,1.0
3,73,V,1.0
3,73,V,0.9034908
3,74,H,-0.16428919
3,74,H,-0.17767031
3,74,V,-0.96459854
3,74,V,-0.3320168
3,74,V,0.1786225
3,74,V,-0.3623681
3,74,V,0.2253917
3,75,H,-0.29353273
3,75,H,-0.35686678
3,75,H,-0.39086434
3,75,H,-0.29948503
3,75,H,-0.33523685
3,75,H,-0.43179598
3,75,H,-0.28834796
3,75,H,-0.4305548
3,75,H,-0.44074848
3,75,H,-0.61152965
3,75,V,0.04524944
3,75,V,0.091833845
3,75,V,0.09302306
3,75,V,-0.04633311
3,75,V,0.114328094
3,75,V,0.21496023
3,75,V,-0.2519942
3,75,V,0.056492012
3,75,V,0.14372519
3,75,V,-0.24031933
3,76,H,-0.2698304
3,76,H,0.46470222
3,76,V,-0.9975517
3,77,H,-0.02841784
3,77,H,-0.07172576
3,77,H,-0.016617347
3,77,H,0.00954574
3,77,H,-0.058040775
3,77,H,-0.03031412
3,77,H,-0.028654153
3,77,H,-0.030257128
3,77,H,-0.009478322
3,77,H,0.04137752
3,77,H,0.043803513
3,77,H,0.020422563
3,78,H,0.5097709
3,78,H,0.4952743
3,79,H,-0.014296974
3,79,H,0.058139477
3,79,H,0.028673148
3,79,H,0.029724736
3,79,V,-0.7465778
3,79,V,-0.7643465
3,79,V,-0.83297473
3,79,V,-0.03691331
3,79,V,-0.093622245
3,79,V,-0.04132028
3,79,V,-0.047884334
3,79,V,-0.09198249
3,79,V,-0.067563154
3,80,H,-0.9812053
3,80,H,-0.8656753
3,80,H,-0.8927195
3,80,H,-0.6680115
3,80,H,0.06824405
3,80,V,-0.37397465
3,80,V,-0.99113786
3,81,H,0.00012641949
3,81,V,-0.32239673
3,81,V,-0.13560727
3,81,V,-0.14054696
3,81,V,-0.18435325
3,81,V,-0.10198971
3,81,V,-0.2550359
3,82,H,0.9998274
3,82,H,0.99668884
3,82,H,0.99790114
3,82,H,0.98914605
3,82,V,-0.9814461
3,82,V,-0.75339544
3,82,V,-0.7633064
3,82,V,-0.6283045
3,83,H,-1.0
3,83,H,1.0
3,83,V,1.0
3,83,V,1.0
3,83,V,-1.0
3,83,V,-1.0
3,84,H,-0.7801132
3,84,H,-0.6082621
3,84,H,-0.80917054
3,84,H,-0.46302804
3,84,H,0.0013651124
3,84,V,0.39459464
3,84,V,0.83519685
3,84,V,0.8584485
3,84,V,0.8847344
3,84,V,0.97289073
3,84,V,-0.43218213
3,85,H,0.2720166
3,85,H,0.59621304
3,85,H,0.11129965
3,85,H,0.15746014
3,85,H,0.10153683
3,85,H,0.09969208
3,85,H,0.024580743
3,85,H,-0.11629444
3,85,V,-0.98363084
3,85,V,-0.86668694
3,85,V,-0.88491416
3,85,V,-0.92663306
3,86,H,0.68863344
3,86,H,0.6934343
3,86,H,0.65480924
3,86,H,0.5680641
3,86,V,-1.0
3,86,V,-1.0
3,86,V,-1.0
3,86,V,-1.0
3,87,H,0.047764566
3,87,H,0.3945373
3,87,H,0.45642087
3,87,V,0.27535602
3,87,V,-0.3730361
3,87,V,0.28470218
3,87,V,-0.34711996
3,87,V,0.28169692
3,88,H,0.30598933
3,88,H,0.60044074
3,88,H,0.5560162
3,88,H,0.47037
3,88,V,-1.0
3,89,H,0.2246057
3,89,H,0.3802163
3,89,H,-0.064919874
3,89,H,-0.31714028
3,89,H,0.4510443
3,89,H,0.13117468
3,89,H,0.3108538
3,89,V,0.6587279
3,89,V,0.6173537
3,89,V,0.4806672
3,89,V,0.40977332
3,90,H,0.048644006
3,90,H,0.11177028
3,90,H,-0.020883156
3,90,H,0.14413732
3,90,H,0.061087016
3,90,H,0.13878126
3,90,H,0.027122943
3,90,H,0.12146574
3,90,V,-0.079038456
3,90,V,-0.091716774
3,90,V,-0.08728432
3,90,V,-0.09907601
3,91,H,-0.061594848
3,91,H,0.20912246
3,91,H,0.17071915
3,91,H,0.122428134
3,91,V,1.0
3,91,V,1.0
3,91,V,1.0
3,91,V,0.99727887
3,92,V,-0.11149362
3,92,V,-0.19239637
3,92,V,-0.18575175
3,92,V,-0.1361728
3,93,V,0.34925345
3,93,V,0.5180227
3,93,V,0.43462083
3,93,V,0.26574928
3,93,V,0.33634257
3,93,V,0.30408958
3,93,V,0.3918846
3,93,V,0.3230803
3,93,V,0.30703437
3,94,V,-0.575401
3,94,V,-0.5502058
3,94,V,-0.56666046
3,94,V,-0.4344791
3,94,V,-0.52110463
3,94,V,-0.21942742
3,94,V,-0.49470335
3,94,V,-0.47320646
3,94,V,-0.425253
3,94,V,-0.4439428
3,94,V,-0.10142248
3,94,V,-0.64868325
3,94,V,-0.39894763
3,95,H,-0.06905642
3,95,H,0.048409894
3,95,H,-0.014508445
3,95,H,-0.053076714
3,95,H,-0.0019194855
3,95,H,-0.0937573
3,95,H,-0.033512726
3,95,H,0.07144744
3,95,H,-0.014182454
3,96,H,0.1302656
3,96,H,0.067613766
3,96,H,0.20385782
3,96,H,0.1287896
3,96,H,0.053722326
3,96,H,0.19875182
3,96,H,0.11809531
3,96,H,0.10011572
3,96,H,0.024244111
3,96,H,0.018576931
3,96,H,0.0013681437
3,96,H,0.019312294
3,96,H,-0.10803126
3,96,V,0.16057156
3,96,V,0.2594395
3,96,V,0.13000911
3,96,V,0.26813284
3,96,V,0.27371398
3,96,V,0.3955991
3,96,V,0.17482756
3,96,V,0.14990953
3,97,H,-0.99768466
3,97,H,-1.0
3,97,H,-0.699157
3,98,V,-0.258834
3,98,V,-0.6913306
3,99,V,0.37393886
3,99,V,0.34872085
3,99,V,0.4040656
3,99,V,0.051882382
3,99,V,0.1677732
3,99,V,0.24766284
3,99,V,0.08627424
3,99,V,0.25516963
3,99,V,0.020923156
3,100,H,-0.9743342
3,100,H,-0.9869041
3,100,H,-0.98827094
3,100,H,-0.96986395
3,100,V,1.0
3,100,V,1.0
3,100,V,1.0
3,100,V,0.9988122
3,101,H,-0.40732655
3,101,H,-0.2298725
3,101,H,-0.24846925
3,101,H,-0.27682704
3,101,H,-0.12662782
3,101,V,0.027226543
3,101,V,0.119621366
3,101,V,-0.029099263
3,101,V,0.07172548
3,101,V,-0.0076243337
3,101,V,0.049231205
3,101,V,-0.23598829
3,101,V,-0.04867794
3,102,H,0.9580389
3,102,H,0.30313432
3,102,H,0.5609612
3,102,H,0.22845474
3,102,H,0.5413799
3,102,H,0.4199144
3,103,H,-0.939084
3,103,V,1.0
3,103,V,-0.9109882
3,104,H,-0.9992623
3,104,H,-0.9746449
3,104,V,0.37081096
3,104,V,0.65093005
3,104,V,0.572675
3,104,V,0.5608293
3,105,H,-0.02913515
3,105,H,0.0019853252
3,105,H,-0.037705887
3,105,H,-0.01903866
3,105,H,0.02217468
3,105,V,-0.0149352765
3,105,V,-0.12511545
3,105,V,-0.0612212
3,105,V,-0.045807086
3,105,V,-0.13003457
3,105,V,-0.032164846
3,105,V,-0.05387042
3,105,V,-0.08144018
3,105,V,-0.096832074
3,105,V,-0.12375372
3,106,H,-0.4958186
3,106,H,-0.87129545
3,106,H,-0.8538042
3,106,H,-0.86491984
3,106,H,0.8836531
3,106,H,0.7734964
3,106,H,0.7812519
3,106,H,0.8131845
3,106,H,0.71509546
3,106,V,0.88053066
3,106,V,0.82547987
3,106,V,0.8549749
3,106,V,-0.5055628
3,106,V,-0.8301947
3,106,V,-0.997893
3,107,H,-0.057456017
3,107,H,-0.05698677
3,107,H,-0.056455813
3,107,H,-0.1187579
3,107,V,0.21744469
3,107,V,0.06220719
3,107,V,0.08658474
3,107,V,0.11597502
3,107,V,-0.015785921
3,107,V,0.21459182
3,107,V,0.12103473
3,107,V,0.06777351
3,107,V,0.06376498
3,107,V,-0.029458102
3,108,H,-0.19072834
3,108,H,-0.15982012
3,108,H,-0.25011563
3,108,H,-0.18846905
3,108,H,-0.34183207
3,108,H,0.0040567215
3,108,H,-0.13063973
3,108,H,-0.13852805
3,108,H,-0.15416105
3,108,H,-0.06790277
3,108,H,-0.21626058
3,108,H,-0.16568704
3,108,H,-0.09114785
3,108,H,-0.10713432
3,108,H,0.06688865
3,108,H,-0.13961586
3,108,H,-0.2445643
3,108,H,-0.21745121
3,108,V,0.0867791
3,108,V,-0.0033079926
3,108,V,0.021069136
3,108,V,0.05278195
3,108,V,0.09978577
3,108,V,0.04120469
3,108,V,-0.05021785
3,108,V,0.0022107533
3,108,V,-0.048495427
3,108,V,0.08734876
3,108,V,-0.05183939
3,108,V,0.08977963
3,108,V,0.049163427
3,108,V,-0.005165207
3,108,V,0.13438302
3,108,V,-0.13954163
3,108,V,-0.078860216
3,108,V,0.16524114
3,108,V,-0.06810971
3,108,V,-0.0072743916
3,109,V,-0.33262995
3,109,V,-0.42669544
3,109,V,-0.46960893
3,109,V,-0.97693074
3,110,H,-0.383156
3,110,H,-0.3159302
3,110,H,-0.32278186
3,111,H,-0.98924255
3,111,H,-1.0
3,111,H,-0.9993016
3,111,H,-0.9128476
3,111,H,0.7877638
3,111,H,0.9590605
3,111,H,1.0
3,111,H,1.0
3,111,V,0.87011725
3,111,V,0.99398184
3,111,V,0.9995255
3,111,V,1.0
3,111,V,1.0
3,111,V,-0.955529
3,111,V,-0.999855
3,111,V,-1.0
3,111,V,-0.8992708
3,112,H,0.06213931
3,112,H,0.13428283
3,112,H,0.105004944
3,112,H,0.050596986
3,112,H,0.10854972
3,112,H,0.029239535
3,112,H,0.050074253
3,112,H,0.033975787
3,112,H,0.06763031
3,112,H,0.17716119
3,112,V,0.08243801
3,112,V,0.076274544
3,112,V,0.11618455
3,112,V,0.07756794
3,112,V,-0.038154833
3,113,V,1.0
3,113,V,1.0
3,114,H,-0.99372387
3,114,H,-1.0
3,114,H,0.9243538
3,114,H,1.0
3,114,V,1.0
3,114,V,1.0
3,114,V,1.0
3,114,V,1.0
3,114,V,0.9997711
3,115,H,0.9617212
3,115,V,0.2379273
3,115,V,0.22005151
3,115,V,0.26117215
3,115,V,-0.021971874
3,115,V,0.017915372
3,115,V,-0.18737856
3,115,V,-0.22995432
3,115,V,-0.15296832
3,116,H,0.98898095
3,116,H,0.97767586
3,116,H,0.96551734
3,116,V,0.9970589
3,116,V,-0.3377026
3,117,H,-1.0
3,117,V,0.1929996
3,117,V,-0.49208054
3,117,V,0.34300536
3,117,V,0.018675162
3,118,H,0.2738725
3,118,H,0.28904775
3,118,H,0.20363605
3,118,H,-0.015435399
3,118,H,-0.08418135
3,118,H,0.0064017856
3,118,H,-0.04148844
3,118,H,-0.047792792
3,118,H,-0.042090166
3,118,H,-0.3335082
3,118,H,-0.3237277
3,118,H,-0.31635723
3,118,V,-0.9052743
3,118,V,-0.81189
3,118,V,-0.7783632
3,118,V,-0.6341659
3,119,H,0.56445515
3,119,H,0.70135784
3,119,H,0.5491753
3,119,H,0.85409766
3,119,H,0.79575586
3,119,H,0.7820719
3,119,H,0.8343747
3,119,H,0.77109313
3,119,H,0.6877983
3,120,H,-0.92940277
3,120,H,-0.79213643
3,120,V,0.31162003
3,120,V,0.24182326
3,120,V,0.25547087
3,120,V,0.25069508
3,120,V,0.13855208
3,121,H,-0.98387635
3,121,H,-0.9944746
3,121,H,-0.9884588
3,121,H,-0.9934085
3,121,H,-0.99965745
3,121,H,-1.0
3,121,H,-1.0
3,121,H,-1.0
3,121,V,-1.0
3,121,V,-1.0
3,121,V,-1.0
3,121,V,-1.0
3,121,V,-1.0
3,121,V,-1.0
3,121,V,-1.0
3,121,V,-1.0
3,121,V,-1.0
3,121,V,-1.0
3,122,H,-0.23815924
3,122,H,-0.040329188
3,122,H,-0.23720206
3,122,H,0.002258686
3,122,V,-0.21935359
3,122,V,-0.121414065
3,122,V,-0.52460396
3,123,V,-0.1152077
3,123,V,-0.79435545
3,123,V,-0.6516729
3,123,V,-0.33107427
3,123,V,-0.3768686
3,124,H,-0.1536414
3,124,H,-0.2832224
3,124,H,-0.2673458
3,124,H,-0.26787385
3,124,V,0.7590776
3,124,V,0.7386802
3,124,V,0.72158456
3,124,V,0.9362935
3,125,H,-0.8269064
3,125,H,-0.75003284
3,125,H,-0.952078
3,125,H,-0.62028027
3,125,H,-0.6615792
3,125,H,-0.7679605
3,125,V,-0.058430023
3,125,V,0.070427254
3,125,V,0.08434178
3,125,V,0.20863947
3,125,V,0.13804367
3,125,V,0.030921167
3,125,V,0.4294926
3,125,V,0.18406472
3,125,V,-0.048647076
3,125,V,0.15272325
3,125,V,-0.031864777
3,125,V,-0.06610867
3,125,V,-0.17072801
3,126,H,0.41009033
3,126,V,0.9998793
3,126,V,0.9951312
3,126,V,0.9952763
3,126,V,0.9937997
3,127,H,-1.0
3,127,H,-1.0
3,127,H,-1.0
3,127,H,-1.0
3,127,V,1.0
3,127,V,1.0
3,127,V,1.0
3,127,V,-1.0
3,128,H,-0.25256392
3,128,H,-0.073574826
3,128,H,-0.99936825
3,128,H,-0.09294735
3,128,H,-0.99994236
3,128,V,0.4753184
3,128,V,0.48756987
3,128,V,0.27883878
3,129,H,-0.09446083
3,129,H,-0.08156557
3,129,H,-0.11732035
3,129,H,-0.092514396
3,129,H,-0.11087471
3,129,H,-0.07957365
3,129,H,-0.097120754
3,129,H,-0.0972426
3,129,H,-0.07579432
3,129,H,-0.091547
3,130,H,-0.048384834
3,130,H,0.96226627
3,130,H,0.95626384
3,130,H,0.988739
3,131,H,1.0
3,131,H,1.0
3,131,H,1.0
3,131,H,1.0
3,131,V,0.21101795
3,131,V,-0.97534186
3,132,H,0.9017217
3,132,V,0.0752984
3,132,V,0.6106889
3,132,V,0.5274631
3,133,H,-1.0
3,133,H,-1.0
3,133,H,-0.9998271
3,133,H,-0.7550903
3,134,H,-0.37661317
3,134,H,-0.10806664
3,134,H,-0.015136711
3,134,H,-0.38604224
3,134,H,-0.036151588
3,134,H,-0.93473697
3,135,H,-0.98595136
3,135,H,-0.9950832
3,135,H,-0.88020796
3,135,V,0.99885964
3,135,V,0.87122005
3,135,V,0.88568175
3,135,V,0.9785143
3,136,H,0.48149303
3,136,H,0.728509
3,136,H,0.37981546
3,136,H,0.73834705
3,136,H,-0.6886349
3,136,H,-0.20124424
3,136,H,0.054692615
3,136,H,0.11197322
3,136,H,0.45292485
3,136,H,-0.610986
3,136,H,0.08311838
3,136,H,0.12675415
3,136,H,0.44852793
3,136,H,-0.83938277
3,136,V,-0.89300376
3,136,V,-0.7283949
3,136,V,-0.6575328
3,137,H,0.5469396
3,137,H,0.73685104
3,137,H,0.5854881
3,137,H,0.8580705
3,137,H,0.8864135
3,137,V,-0.28331125
3,137,V,-0.47199452
3,137,V,-0.5037323
3,137,V,-0.9323157
3,137,V,-0.97184914
3,137,V,-0.8498147
3,137,V,-0.81131196
3,137,V,-0.27837127
3,138,H,0.104282886
3,138,V,-0.2689516
3,138,V,0.07745668
3,138,V,0.011595025
3,138,V,0.08094013
3,138,V,0.032893762
3,139,H,-0.16467807
3,139,H,-0.32369894
3,139,H,-0.4853547
3,139,H,-0.5062597
3,139,H,-0.66078883
3,139,V,-0.08213858
3,139,V,0.0011434236
3,139,V,-0.063928366
3,139,V,-0.13996534
3,139,V,-0.066034466
3,140,H,0.2517966
3,140,H,0.2585526
3,140,H,0.38361678
3,140,H,0.23562877
3,140,H,0.3604176
3,140,H,0.19762002
3,140,H,0.06859814
3,140,H,0.30177724
3,140,H,0.24284111
3,140,H,0.21609743
3,140,H,0.16531353
3,140,H,0.38005567
3,140,H,0.40908793
3,140,H,0.25212023
3,140,H,0.39589226
3,140,V,-0.042428732
3,140,V,-0.06400756
3,140,V,-0.21253611
3,140,V,-0.17186081
3,140,V,-0.37918887
3,140,V,-0.36649385
3,140,V,-0.31489712
3,140,V,-0.45111498
3,140,V,-0.22028469
3,140,V,-0.57593095
3,140,V,-0.36113414
3,140,V,-0.39632905
3,140,V,-0.4130853
3,141,H,-0.0023006375
3,141,H,-0.0045900657
3,141,H,0.024124129
3,141,H,0.022017457
3,141,H,0.023558877
3,141,H,-0.052722063
3,141,H,-0.2525361
3,141,H,-0.22824384
3,141,V,-0.36664543
3,141,V,-0.32435185
3,141,V,-0.0118032545
3,141,V,0.08405305
3,141,V,0.079259515
3,141,V,0.045672946
3,141,V,0.21866551
3,141,V,-0.032788597
3,141,V,0.090777785
3,141,V,0.07222016
3,141,V,0.057080146
3,141,V,0.19681852
3,142,H,-0.21670818
3,142,H,-0.24675287
3,142,H,0.0902857
3,142,H,0.05405439
3,142,H,0.07713741
3,142,H,0.06848527
3,142,H,0.285374
3,142,H,0.32605174
3,142,V,0.9274371
3,142,V,0.9336206
3,142,V,0.7630786
3,142,V,0.5969445
3,142,V,0.6183729
3,143,H,-0.45199227
3,143,H,-0.8652655
3,143,H,-0.3451284
3,143,H,-0.8564877
3,143,H,-0.9779533
3,143,V,-0.5260891
3,144,H,-0.39686012
3,144,H,-0.3325683
3,144,H,-0.3222625
3,144,H,-0.45123374
3,144,H,-0.37767518
3,144,H,-0.34025404
3,144,H,-0.26251382
3,144,H,-0.28467768
3,144,H,-0.2396965
3,144,V,0.22492617
3,144,V,0.27521825
3,144,V,0.26958552
3,144,V,0.11096653
3,144,V,0.08483139
3,144,V,0.08131483
3,144,V,0.10419619
3,144,V,0.05128496
3,144,V,0.099027716
3,144,V,-0.33405292
3,144,V,-0.08668057
3,144,V,-0.11795711
3,144,V,-0.13974534
3,145,V,-1.0
3,145,V,-1.0
3,145,V,-0.99980915
3,145,V,-0.99984324
3,146,H,0.14978665
3,146,H,0.42325395
3,146,H,-0.018054701
3,146,H,0.012220979
3,146,H,0.07060501
3,146,H,0.017113058
3,146,H,-0.0156099945
3,146,H,0.088531464
3,146,V,0.017300637
3,146,V,0.048649836
3,146,V,0.067527525
3,146,V,0.40416193
3,147,H,0.004000566
3,147,H,-0.09316813
3,147,H,-0.14474638
3,147,H,-0.103018075
3,147,H,-0.48002106
3,147,H,-0.006725692
3,147,H,-0.1317825
3,147,H,-0.11971462
3,147,H,-0.10137521
3,147,H,-0.43578398
3,147,H,-0.17166063
3,147,H,-0.15147181
3,147,H,-0.15566394
3,148,H,-0.267493
3,148,H,-0.40465006
3,148,H,-0.24391562
3,148,H,-0.10092528
3,148,V,-0.0064661843
3,148,V,-0.011788859
3,148,V,0.06040086
3,149,V,-0.15693693
3,149,V,-0.1627076
3,149,V,-0.1638465
3,149,V,-0.16055836
3,149,V,-0.07199177
3,149,V,-0.019997818
3,149,V,-0.032563552
3,149,V,-0.020046638
3,149,V,-0.06092438
3,149,V,-0.032599576
3,149,V,-0.03719313
3,149,V,-0.021695316
3,149,V,-0.0133332275
3,149,V,0.11591688
3,149,V,0.08735036
3,149,V,0.119933814
3,150,H,-0.21184121
3,150,H,0.059744187
3,150,H,0.016636528
3,150,H,0.32791933
3,151,H,1.0
3,151,H,1.0
3,151,H,1.0
3,151,H,1.0
3,151,V,-1.0
3,151,V,-1.0
3,151,V,-1.0
3,151,V,-1.0
3,152,H,-1.0
3,152,H,-1.0
3,152,H,-1.0
3,152,H,-1.0
3,152,V,-1.0
3,152,V,-1.0
3,152,V,-1.0
3,152,V,-1.0
3,153,H,0.6474405
3,153,H,0.68415457
3,153,H,0.07351517
3,153,H,0.10509204
3,153,H,0.13684352
3,153,H,0.061658457
3,153,H,0.06076994
3,153,H,0.08696066
3,153,V,0.40695083
3,153,V,0.21655622
3,153,V,0.41395217
3,153,V,0.15043235
3,154,H,1.0
3,154,V,-1.0
3,154,V,-0.9996589
3,154,V,-1.0
3,155,H,0.012804949
3,155,H,0.19717668
3,155,H,-0.20343307
3,155,H,-0.06663592
3,155,H,0.021904916
3,155,H,-0.09050312
3,155,H,-0.13594271
3,155,H,-0.1359783
3,155,H,0.0065030553
3,155,H,0.1463146
3,155,H,0.07150798
3,155,H,0.019660473
3,155,H,0.26955977
3,155,V,0.00081210345
3,155,V,-0.22397573
3,155,V,0.24686521
3,156,V,0.37844038
3,156,V,0.3429302
3,156,V,0.083410546
3,156,V,0.7663806
3,156,V,0.6347422
3,156,V,0.15049061
3,156,V,0.9649266
3,156,V,0.24715045
3,156,V,0.5248637
3,156,V,0.91367716
3,156,V,0.21389171
3,156,V,0.3129844
3,156,V,0.26068518
3,156,V,0.91216815
3,157,H,-0.41760036
3,157,H,0.2432465
3,157,V,0.33908814
3,157,V,-0.5982911
3,157,V,-0.5941787
3,157,V,-0.37829062
3,158,H,-1.0
3,158,H,-1.0
3,158,H,-1.0
3,158,H,-1.0
3,158,H,-1.0
3,158,V,1.0
3,158,V,1.0
3,158,V,1.0
3,158,V,1.0
3,158,V,1.0
3,159,V,0.3234309
3,159,V,-0.017265467
3,159,V,-0.18325661
3,160,H,-1.0
3,160,H,-0.9868777
3,160,H,0.9094792
3,160,V,-0.99983716
3,160,V,-1.0
3,160,V,-1.0
3,160,V,-1.0
3,160,V,-0.9983231
3,161,H,-0.52919114
3,161,H,-0.9416847
3,161,V,0.3155098
3,161,V,-0.023749737
3,161,V,-0.007021368
3,162,V,-0.94836134
3,162,V,0.49241403
3,162,V,0.100793526
3,162,V,0.03956876
3,162,V,0.029970717
3,162,V,-0.3024689
3,162,V,0.46061885
3,162,V,0.11868485
3,162,V,0.006246363
3,162,V,0.08422187
3,162,V,-0.22733878
3,162,V,0.78429896
3,162,V,0.6834297
3,162,V,0.6170322
3,162,V,0.6595349
3,162,V,0.24520758
3,163,H,0.6322065
3,163,H,0.42711648
3,163,H,0.047684338
3,163,H,0.08144259
3,163,H,0.49443778
3,163,H,0.035876904
3,163,H,0.085404575
3,163,H,0.19357932
3,163,V,0.047830362
3,163,V,-0.65736234
3,163,V,-0.6026278
3,163,V,-0.6283521
3,163,V,-0.7967908
3,163,V,0.31404808
3,163,V,-0.13287453
3,163,V,-0.05236215
3,163,V,-0.13045277
3,163,V,-0.4556736
3,163,V,0.30908498
3,163,V,-0.08753314
3,163,V,-0.0058663273
3,163,V,-0.111224376
3,163,V,-0.44498524
3,163,V,0.46142903
3,163,V,0.19075353
3,163,V,0.37259275
3,163,V,0.38260794
3,164,H,-0.97338647
3,164,H,-1.0
3,164,H,-1.0
3,164,H,-1.0
3,164,H,-1.0
3,165,V,0.479622
3,165,V,0.43551484
3,165,V,0.27448824
3,165,V,0.3241587
3,165,V,0.20697439
3,165,V,0.42161903
3,165,V,0.22998875
3,165,V,0.47511983
3,166,H,-0.21296684
3,166,H,0.38615605
3,166,V,0.041088294
3,166,V,0.11819685
3,166,V,0.02384402
3,166,V,-0.15099226
3,166,V,-0.15617162
3,166,V,-0.20881625
3,166,V,-0.46495953
3,166,V,-0.4726655
3,166,V,-0.17091009
3,167,H,-1.0
3,167,H,-0.9928549
3,167,H,-0.9963679
3,167,V,-0.056821465
3,167,V,0.040842194
3,167,V,-0.054137357
3,167,V,0.038811192
3,167,V,0.07692643
3,168,H,0.59674597
3,168,H,-0.071363024
3,168,H,0.04208274
3,168,V,-0.99367076
3,168,V,-0.9638207
3,168,V,-0.9683077
3,169,H,-0.7777008
3,169,H,-0.38082114
3,169,V,0.23240231
3,170,H,0.998224
3,170,V,0.9751004
3,170,V,0.984632
3,170,V,0.95162773
3,170,V,0.90439713
3,171,H,0.99671835
3,171,V,0.34517547
3,172,H,0.8689452
3,172,V,-0.3648778
3,172,V,-0.8851816
3,173,H,0.12874228
3,173,H,0.19951288
3,173,H,0.28150347
3,173,H,0.15148823
3,173,V,0.14777246
3,173,V,-0.0788521
3,173,V,0.095224574
3,173,V,-0.13575982
3,173,V,0.1162369
3,173,V,-0.12711528
3,173,V,0.21112251
3,173,V,-0.100185655
3,174,H,0.815848
3,174,H,0.68723625
3,174,H,0.07373655
3,174,H,0.09310939
3,174,H,0.00042606945
3,174,H,0.23643401
3,174,H,-0.046956584
3,174,H,-0.10112187
3,174,H,0.046045084
3,174,H,0.15033142
3,174,H,-0.9594902
3,174,H,-0.77826893
3,174,H,-0.8799517
3,174,H,-0.9172605
3,174,V,0.49064615
3,174,V,0.6157317
3,174,V,0.36104384
3,174,V,0.20530365
3,174,V,0.5598348
3,174,V,0.5923861
3,174,V,0.24311759
3,174,V,0.9746048
3,174,V,0.99930745
3,174,V,0.9807966
3,174,V,0.9942114
3,175,H,-0.68693787
3,175,H,-0.95619684
3,175,H,-0.9202722
3,175,H,-0.92259544
3,175,H,-0.56966174
3,175,H,0.786445
3,175,H,0.8940584
3,175,H,0.93076295
3,175,H,0.96202624
3,175,H,0.83090705
3,175,V,0.54079866
3,175,V,0.959134
3,175,V,0.9376482
3,175,V,0.962377
3,175,V,0.79975355
3,175,V,-0.5930636
3,175,V,-0.7698931
3,175,V,-0.8723381
3,175,V,-0.7058251
3,176,H,-0.7339567
3,176,H,-0.46344692
3,176,V,0.62669724
3,176,V,0.47474232
3,176,V,0.4682761
3,176,V,0.44423053
3,177,H,-0.9467438
3,177,H,-0.9721271
3,177,H,-0.9311102
3,177,H,-0.97778344
3,177,H,-1.0
3,177,H,-0.9678203
3,177,H,-0.9804362
3,177,H,-0.95268786
3,177,H,-0.9725755
3,177,H,-0.7711214
3,177,H,-0.8227311
3,177,H,-0.79560786
3,177,H,-0.8641878
3,177,V,-0.857004
3,177,V,-0.8194255
3,177,V,-0.9924747
3,177,V,-0.80247885
3,177,V,-0.98039466
3,177,V,-0.8814175
3,178,H,-0.057096027
3,178,V,-0.014956973
3,178,V,0.74964523
3,179,V,-0.8794565
3,179,V,-0.6749016
3,179,V,-0.60012704
3,179,V,-0.5572867
3,179,V,-0.18705378
3,179,V,-0.9533566
3,180,H,-0.608501
3,181,V,0.20937178
3,181,V,0.03061819
3,181,V,0.04884856
3,181,V,-0.13458692
3,182,H,1.0
3,182,H,1.0
3,182,H,1.0
3,182,H,1.0
3,182,V,1.0
3,182,V,1.0
3,182,V,1.0
3,182,V,1.0
3,183,H,1.0
3,183,H,1.0
3,183,H,1.0
3,183,H,0.99892336
3,183,H,0.8822052
3,183,H,0.9332822
3,183,H,0.96831244
3,183,H,0.9989663
3,183,H,0.92301077
3,183,H,0.9186326
3,183,H,0.95912856
3,183,H,0.9979558
3,183,H,0.9934698
3,183,V,-0.33782873
3,183,V,-0.049669374
3,184,H,-0.58569103
3,184,H,0.43540207
3,184,H,0.7318637
3,184,H,0.6623348
3,184,H,0.77848494
3,184,V,0.30275914
3,184,V,0.69636214
3,184,V,0.21816273
3,184,V,0.6581878
3,184,V,0.11718239
3,184,V,0.59498996
3,184,V,-0.20625362
3,184,V,-0.44201568
3,184,V,-0.40285683
3,184,V,0.1546823
3,185,H,0.6970278
3,185,H,0.8524087
3,185,H,0.83813924
3,185,H,0.6923032
3,185,V,1.0
3,185,V,1.0
3,185,V,1.0
3,185,V,1.0
3,186,V,-0.0898975
3,186,V,-0.121521436
3,186,V,-0.42635575
3,186,V,-0.04020763
3,186,V,0.39326328
3,186,V,-0.20059264
3,186,V,-0.21418354
3,186,V,0.045977477
3,186,V,-0.0076081776
3,186,V,-0.28433794
3,186,V,0.09857762
3,186,V,-0.011232329
3,186,V,0.1604555
3,186,V,0.3295893
3,186,V,0.19779976
3,186,V,0.13013268
3,187,V,-0.41292205
3,187,V,-0.47766295
3,187,V,-0.43648663
3,187,V,-0.3439381
3,188,H,-1.0
3,188,H,-1.0
3,188,H,-1.0
3,188,H,-1.0
3,188,H,-1.0
3,188,V,1.0
3,189,V,-0.010455898
3,189,V,0.030922735
3,189,V,0.030078337
3,189,V,0.17381401
3,190,H,1.0
3,190,H,1.0
3,190,H,1.0
3,190,H,0.9307625
3,190,H,0.79761577
3,190,H,0.79666674
3,190,V,0.68966883
3,190,V,1.0
3,191,H,-0.99993604
3,191,H,-0.97951436
3,191,H,-0.9843202
3,191,H,-0.95706177
3,192,H,0.071601056
3,192,H,-0.052150343
3,192,H,0.22860426
3,192,H,-0.062738106
3,192,H,0.0066801854
3,192,H,-0.021253446
3,192,H,0.021075806
3,192,H,-0.001801738
3,192,H,0.11385231
3,192,H,0.040607203
3,192,H,0.15016823
3,192,H,0.23385549
3,193,H,-0.9937758
3,193,V,-1.0
3,194,H,0.0381041
3,194,V,-0.12835573
3,194,V,-0.07968148
3,194,V,-0.17041585
3,194,V,-0.08199905
3,194,V,-0.15366024
3,194,V,-0.21539766
3,195,H,0.19230603
3,195,H,0.2714876
3,195,H,0.20791481
3,195,H,0.23548459
3,195,H,0.1938632
3,195,H,-0.31271204
3,195,V,0.014227278
3,195,V,0.20570575
3,195,V,0.11732474
3,195,V,0.17902993
3,195,V,0.38882887
3,195,V,0.14191142
3,195,V,0.09604049
3,195,V,0.16482732
3,195,V,0.36783752
3,195,V,0.5656208
3,195,V,0.62581134
3,195,V,0.6299307
3,195,V,0.4000547
3,196,V,-0.19121638
3,196,V,-0.20894814
3,196,V,-0.21272182
3,196,V,-0.19771083
3,196,V,-0.16688411
3,196,V,-0.1929245
3,196,V,-0.14454138
3,196,V,-0.22128697
3,196,V,-0.2263945
3,196,V,-0.16225244
3,197,H,0.9832163
3,197,H,0.9614591
3,197,H,0.82780695
3,197,H,0.53971267
3,197,H,0.70461327
3,197,H,0.58021873
3,197,H,0.5255078
3,197,H,0.76641935
3,197,H,0.64790213
3,197,H,-0.31796235
3,197,H,-0.15347855
3,197,H,-0.14268279
3,198,H,-0.9267674
3,198,H,-0.94496596
3,198,H,-1.0
3,198,H,-1.0
3,198,H,-1.0
3,198,H,-0.97838724
3,198,V,-0.3657899
3,198,V,-0.9733751
3,198,V,-0.74152994
3,198,V,-0.79099935
3,198,V,-1.0
3,199,H,0.23280223
3,199,H,0.42351863
3,199,H,0.36948857
3,199,V,0.08169669
3,199,V,0.19182004
3,199,V,0.19683093
3,199,V,0.31890395
3,200,H,-0.2677952
3,200,H,-0.35855037
3,200,H,-0.2932015
3,200,H,-0.36993277
3,200,H,0.32460415
3,200,H,0.21242492
3,200,H,0.19858225
3,200,H,0.3124679
3,200,V,0.33881977
3,200,V,0.32913905
3,200,V,0.31338802
3,200,V,0.60463256
3,200,V,-0.047906697
3,200,V,-0.13924354
3,200,V,-0.01676549
3,200,V,-0.032532383
3,200,V,-0.29408816
3,200,V,-0.17349975
3,200,V,-0.16674447
3,200,V,-0.16578841
3,201,H,-0.4910946
3,201,H,-0.21798198
3,201,H,-0.21430276
3,201,H,-0.09484847
3,201,V,0.17861076
3,202,H,-0.16029377
3,202,H,-0.31038612
3,202,H,-0.53632694
3,202,H,-0.27949116
3,202,H,-0.57320887
3,202,H,0.042170968
3,202,H,-0.11229118
3,202,H,-0.43280226
3,202,H,-0.07329189
3,202,H,-0.11302884
3,202,H,-0.230159
3,202,H,-0.49911135
3,202,H,0.019916557
3,202,H,-0.12497798
3,202,V,-0.14416778
3,202,V,-0.6857997
3,203,H,-0.10324005
3,203,H,-0.059112746
3,203,H,-0.1295866
3,203,H,-0.0063916
3,203,H,-0.044697106
3,203,H,-0.0055887843
3,203,H,-0.011957584
3,203,H,0.041627247
3,203,V,-0.23742221
3,203,V,-0.1984671
3,203,V,-0.257755
3,203,V,-0.20331158
3,203,V,-0.17948419
3,204,V,0.7037033
3,204,V,0.6958686
3,204,V,0.06769565
3,205,H,0.18415162
3,205,H,0.19434685
3,205,H,0.21180269
3,205,H,0.02137921
3,205,H,0.029501319
3,205,H,0.025836604
3,205,H,0.017787473
3,205,H,0.01448598
3,205,H,0.04520807
3,205,H,-0.05074665
3,205,H,-0.07317996
3,205,H,-0.085706994
3,205,V,-0.21353261
3,205,V,-0.22811219
3,205,V,-0.26129606
3,205,V,-0.016703913
3,205,V,-0.014018859
3,205,V,0.0017653819
3,205,V,-0.00208583
3,205,V,-0.0088825235
3,205,V,-0.010951343
3,205,V,0.015833657
3,205,V,0.053283684
3,205,V,0.04466203
3,206,H,-1.0
3,206,H,-1.0
3,206,H,-1.0
3,206,H,-1.0
3,206,H,-1.0
3,206,H,-1.0
3,206,H,-1.0
3,206,H,-1.0
3,206,H,-1.0
3,206,H,-1.0
3,206,V,1.0
3,206,V,1.0
3,206,V,1.0
3,206,V,1.0
3,206,V,1.0
3,206,V,1.0
3,206,V,1.0
3,206,V,1.0
3,206,V,0.9992906
3,206,V,0.99717957
3,206,V,0.9936739
3,207,H,-1.0
3,207,H,-1.0
3,207,H,-1.0
3,207,H,-1.0
3,207,V,-1.0
3,207,V,-1.0
3,207,V,-1.0
3,207,V,-1.0
3,208,H,-0.08325194
3,208,H,-0.0041792057
3,208,H,0.03232887
3,208,H,0.12920482
3,208,V,-0.15608455
3,208,V,-0.18091758
3,208,V,-0.34953153
3,208,V,-0.17999609
3,208,V,-0.05838391
3,209,H,-0.09025696
3,209,H,0.008815527
3,209,H,-0.06643655
3,209,H,0.023928884
3,209,H,0.012067724
3,209,H,0.019236648
3,209,H,0.029388076
3,209,H,0.025258766
3,209,H,0.08228768
3,209,V,0.69495153
3,209,V,0.58400023
3,209,V,0.68638295
3,209,V,0.7480319
3,209,V,0.9321951
3,209,V,0.6064658
3,209,V,0.9245272
3,210,H,-0.7632013
3,210,H,-0.4822748
3,210,H,-0.31891516
3,210,H,0.43467802
3,210,V,-0.022634337
3,210,V,-0.17309344
3,210,V,-0.17466316
3,210,V,-0.31337348
3,211,V,0.093462534
3,211,V,0.030918963
3,211,V,0.05545997
3,211,V,0.067304775
3,212,H,0.616587
3,212,H,0.10624459
3,212,H,0.38837653
3,212,H,0.008707369
3,212,H,0.40221512
3,212,H,0.118469864
3,212,H,0.16665132
3,212,H,-0.047193274
3,212,H,0.15698777
3,212,H,-0.6635617
3,212,H,0.613119
3,212,H,0.24998716
3,212,H,0.17015985
3,212,H,0.08696506
3,212,H,0.026795765
3,213,V,0.06964203
3,213,V,0.07211265
3,213,V,0.044467263
3,214,H,0.9248044
3,214,H,0.91755694
3,214,H,0.8518289
3,214,H,0.869842
3,214,V,1.0
3,214,V,1.0
3,214,V,0.99939674
3,215,H,0.26404643
3,215,H,0.18543263
3,215,H,0.27866802
3,215,H,0.21650596
3,215,H,0.20653903
3,215,H,0.07409857
3,215,H,0.020223785
3,215,H,0.08093994
3,215,H,0.049449436
3,215,H,0.020150488
3,215,H,0.08624469
3,215,H,0.055916727
3,215,H,0.043095123
3,215,H,0.056875024
3,215,H,0.032231532
3,215,H,-0.15466358
3,215,H,-0.11521183
3,215,H,-0.13297667
3,215,H,-0.08491481
3,215,H,-0.0097882915
3,216,H,0.11969234
3,216,H,0.019317858
3,216,H,-0.11010673
3,216,H,-0.022420673
3,216,H,0.036814272
3,216,H,-0.04889057
3,216,H,-0.22965422
3,216,H,-0.042413704
3,216,V,0.9991266
3,216,V,0.95769024
3,216,V,0.97612476
3,216,V,0.98937577
3,216,V,0.96315897
3,217,V,-0.31655908
3,217,V,-0.29563645
3,217,V,-0.28922114
3,217,V,-0.10983168
3,217,V,-0.042644113
3,217,V,-0.11499025
3,217,V,-0.015605845
3,217,V,0.015901254
3,217,V,-0.07721179
3,217,V,-0.17257683
3,217,V,-0.053644277
3,217,V,-0.1914886
3,218,H,-0.19699898
3,218,V,-1.0
3,218,V,-1.0
3,218,V,-0.999924
3,218,V,-0.9997839
3,219,H,-0.2213883
3,219,H,0.068792164
3,219,H,0.027894635
3,219,H,0.07645078
3,219,H,-0.2188538
3,219,H,0.044349752
3,219,H,0.06456156
3,219,H,0.06306443
3,219,H,-0.16335364
3,219,H,0.06719569
3,219,H,0.052734774
3,219,H,0.03033044
3,219,V,0.0052775084
3,219,V,-0.039442517
3,219,V,0.118511304
3,219,V,0.03913415
3,219,V,0.12548497
3,219,V,0.07745328
3,219,V,0.26718682
3,219,V,0.2181142
3,220,H,0.19973405
3,220,V,0.1946083
3,220,V,-0.05496697
3,220,V,-0.05046805
3,220,V,0.02594644
3,220,V,-0.21567021
3,220,V,0.13262197
3,220,V,-0.081074126
3,220,V,-0.112615585
3,220,V,-0.051043395
3,220,V,-0.20978953
3,221,V,-0.41629422
3,221,V,-0.48911658
3,221,V,-0.5684061
3,221,V,-0.612967
3,221,V,-0.25101927
3,221,V,-0.5691934
3,221,V,-0.549164
3,221,V,-0.6115501
3,221,V,-0.28675658
3,221,V,-0.527142
3,221,V,-0.50838846
3,221,V,-0.61511874
3,221,V,-0.2051013
3,221,V,-0.60836947
3,221,V,-0.4575437
3,221,V,-0.34207577
3,223,H,1.0
3,223,V,-0.09150014
3,223,V,0.020592997
3,223,V,0.008993498
3,223,V,-0.07667505
3,223,V,0.031643968
3,223,V,-0.21266589
3,223,V,-0.54210985
3,223,V,-0.493052
3,223,V,-0.023815744
3,224,H,-0.71352243
3,224,H,-0.8011733
3,224,H,-0.7837627
3,224,H,-0.78370166
3,224,V,1.0
3,224,V,1.0
3,224,V,1.0
3,224,V,1.0
3,225,V,-1.0
3,225,V,-1.0
3,225,V,-1.0
3,225,V,-1.0
3,226,H,0.18174009
3,226,H,0.17967258
3,226,H,0.10963505
3,226,H,0.19839735
3,226,V,-0.1430711
3,226,V,-0.27606937
3,226,V,-0.30819675
3,226,V,-0.3280619
3,226,V,-0.0384764
3,226,V,-0.30282837
3,227,H,-0.2811254
3,227,H,-0.20489939
3,227,H,-0.27118775
3,227,H,0.0019146337
3,227,H,0.12838258
3,227,H,0.018498192
3,227,H,0.09073586
3,227,H,0.013857934
3,227,H,0.07471249
3,227,H,0.21182089
3,227,V,0.9903398
3,227,V,0.30964908
3,227,V,0.25985113
3,227,V,0.22545418
3,227,V,0.036613334
3,227,V,-0.027009083
3,227,V,0.03158664
3,227,V,-0.06427582
3,227,V,0.017902976
3,227,V,-0.018606959
3,227,V,-0.18577383
3,227,V,-0.13621084
3,227,V,-0.109675005
3,228,H,0.9985584
3,228,H,1.0
3,228,H,1.0
3,228,H,0.99937105
3,228,V,-0.99560094
3,228,V,-0.99887186
3,228,V,-1.0
3,228,V,-1.0
3,229,V,1.0
3,229,V,-1.0
3,230,H,-0.8046525
3,230,H,-0.79855967
3,230,H,-0.84427565
3,231,V,-0.008065113
3,231,V,0.03238926
3,231,V,0.062722296
3,231,V,-0.050180856
3,231,V,-0.008262441
3,231,V,0.008824927
3,231,V,-0.027927661
3,231,V,0.004779484
3,231,V,-0.040106572
3,231,V,-0.044096183
3,231,V,-0.17243342
3,231,V,-0.10258565
3,232,V,0.9020009
3,232,V,0.64704466
3,232,V,0.7140125
3,232,V,0.3654453
3,232,V,0.84402907
3,232,V,0.6033639
3,232,V,0.70464915
3,232,V,0.31602868
3,232,V,0.8295943
3,232,V,0.66688067
3,232,V,0.6407636
3,232,V,0.63675463
3,232,V,0.306666
3,232,V,0.8181003
3,232,V,0.32674345
3,232,V,0.34133726
3,232,V,0.31769875
3,233,V,1.0
3,233,V,1.0
3,233,V,1.0
3,233,V,1.0
3,233,V,0.76804286
3,234,V,0.7275218
3,234,V,0.95724434
3,234,V,0.9403341
3,234,V,0.9515339
3,234,V,0.51608294
3,235,H,0.48688766
3,235,H,-0.9800189
3,235,H,-0.9944839
3,235,H,-0.9585654
3,235,H,-0.093222804
3,235,V,-0.98012364
3,235,V,-0.6112287
3,235,V,-0.5574922
3,235,V,-0.30135578
3,235,V,0.9771572
3,236,H,-0.9184644
3,236,H,-1.0
3,236,H,-1.0
3,236,H,-0.2224076
3,236,H,-0.19012752
3,236,H,-1.0
3,236,H,1.0
3,236,V,-0.6543499
3,236,V,-0.93596107
3,237,H,-0.38770026
3,237,H,-0.24969588
3,237,H,-0.37533006
3,237,H,-0.36710384
3,237,H,-0.3181422
3,237,H,-0.1301988
3,237,H,-0.28344482
3,237,H,-0.297977
3,237,H,-0.23717621
3,237,H,-0.24230228
3,237,H,-0.104783826
3,237,H,0.3014572
3,237,H,-0.046712924
3,237,H,0.017544055
3,237,H,0.046906017
3,237,H,0.13577117
3,238,V,-0.6475345
3,238,V,-0.4665518
3,238,V,-0.47341526
3,238,V,-0.2848989
3,239,H,0.7281372
3,239,H,0.76635677
3,239,H,0.7694065
3,239,H,0.7229526
3,240,H,1.0
3,240,H,1.0
3,240,H,1.0
3,240,H,1.0
3,240,V,1.0
3,240,V,1.0
3,241,V,-0.26998562
3,241,V,-0.026919143
3,241,V,-0.057352405
3,241,V,-0.008461563
3,241,V,-0.06356988
3,241,V,0.17842281
3,241,V,0.14873372
3,242,H,0.17538205
3,242,H,0.33267826
3,242,H,-0.17337929
3,242,H,-0.085036375
3,242,H,-0.04994309
3,242,H,-0.24771066
3,242,H,-0.24334922
3,242,H,-0.05170017
3,242,H,0.092943065
3,242,H,0.05131532
3,242,H,-0.041253485
3,242,H,0.24804258
3,242,V,-0.47664416
3,242,V,-0.16364443
3,242,V,0.109775186
3,242,V,-0.19837731
3,242,V,0.07641453
3,242,V,0.28215176
3,242,V,-0.12998138
3,242,V,-0.46297768
3,242,V,0.15730539
3,242,V,-0.061879978
3,242,V,-0.5510669
3,243,H,-0.29016554
3,243,H,-0.16118853
3,243,H,-0.23207729
3,243,H,-0.22827496
3,243,H,-0.15491833
3,243,H,-0.18096359
3,243,H,-0.24770391
3,243,H,-0.19009078
3,243,H,-0.1845555
3,243,H,-0.19730566
3,243,V,-0.0082418155
3,243,V,-0.020322429
3,243,V,0.01503835
3,243,V,-0.0067268163
3,243,V,0.0060435156
3,243,V,-0.018741421
3,243,V,-0.091976024
3,243,V,-0.01216572
3,244,H,0.43487224
3,244,H,0.42289713
3,244,H,0.03581553
3,244,H,0.058182754
3,244,H,0.03576724
3,244,H,0.09472942
3,244,H,0.10922092
3,244,H,0.035361655
3,244,H,0.041044887
3,244,H,0.097619474
3,244,H,-0.20460972
3,244,H,-0.18809262
3,244,V,-0.059941586
3,244,V,-0.005536925
3,244,V,-0.011369363
3,244,V,0.0075594746
3,244,V,-0.044320285
3,244,V,0.0044008107
3,244,V,-0.018693635
3,244,V,-0.019126706
3,244,V,0.121543065
3,244,V,0.11625771
3,244,V,0.144341
3,245,H,-0.23003823
3,245,H,0.09018871
3,245,H,0.010728246
3,245,H,0.065839656
3,245,H,-0.3166079
3,245,H,-0.14532419
3,245,H,-0.11610793
3,245,H,-0.13422924
3,245,H,-0.27794454
3,245,H,-0.12427833
3,245,H,-0.14942978
3,245,H,-0.17345448
3,245,H,-0.3513778
3,245,H,-0.20392646
3,245,H,-0.18469407
3,245,H,-0.2293789
3,246,H,0.047506887
3,246,H,-0.09469047
3,246,H,-0.05214978
3,246,H,-0.20458993
3,246,V,1.0
3,246,V,0.9821521
3,246,V,0.97994375
3,246,V,0.97585374
3,247,H,-0.9051524
3,247,H,-0.7865641
3,247,V,-0.31436008
3,247,V,-0.076047234
3,247,V,0.19220439
3,247,V,0.566171
3,248,V,0.20691535
3,248,V,0.06332574
3,248,V,0.045702588
3,248,V,-0.022105657
3,248,V,-0.14444584
3,248,V,0.20059201
3,248,V,0.07174065
3,248,V,0.021488642
3,248,V,0.019089865
3,248,V,-0.14636138
3,249,H,-0.13539092
3,249,H,-0.03985357
3,249,H,0.058920294
3,249,H,-0.11452486
3,249,H,-0.11350109
3,249,H,0.01096655
3,249,H,0.041367788
3,249,H,-0.02976661
3,249,H,-0.054873317
3,249,H,-0.038625807
3,249,H,0.06470089
3,249,H,0.09440939
3,249,H,-0.26319963
3,249,H,0.1135987
3,249,H,0.09676537
3,249,H,0.15048055
3,250,H,1.0
3,250,H,1.0
3,250,V,-1.0
3,251,H,-1.0
3,251,H,-1.0
3,251,H,-1.0
3,251,H,-1.0
3,251,V,1.0
3,251,V,1.0
3,251,V,1.0
3,251,V,1.0
3,252,H,-0.21846294
3,252,V,0.005422588
3,252,V,0.078500055
3,252,V,0.12542519
3,252,V,0.18809901
3,252,V,0.24789777
3,253,H,-0.9879868
3,253,H,-0.9989239
3,253,V,0.8370393
3,253,V,0.7386602
3,253,V,0.8328237
3,253,V,0.69195026
3,254,H,-1.0
3,254,V,1.0
3,255,H,0.27904874
3,255,H,0.07933619
3,255,H,0.1484015
3,255,H,0.7783041
3,255,H,0.25330216
3,255,H,-0.01632511
3,255,H,0.19046426
3,255,H,-0.98907435
3,255,V,-1.0
3,255,V,-0.4219852
3,255,V,-0.1694172
3,255,V,0.0482421
3,255,V,0.02918386
3,255,V,-0.48917595
3,255,V,0.07740886
3,255,V,0.29158697
3,255,V,0.15650252
3,255,V,0.9923657
3,256,H,-0.026258698
3,256,H,-0.029391272
3,256,H,0.21241385
3,256,H,0.041622248
3,256,H,-0.10036844
3,256,H,0.06581709
3,256,H,0.11101558
3,256,H,0.0012974226
3,256,H,-0.09604733
3,256,H,0.06874633
3,256,H,0.13115917
3,256,H,-0.05376236
3,256,V,-0.22997537
3,256,V,-0.24677357
3,256,V,-0.30385438
3,256,V,-0.00015769794
3,256,V,-0.1331276
3,256,V,-0.017610636
3,256,V,-0.11274064
3,256,V,-0.17589208
3,256,V,-0.05582655
3,256,V,0.052238848
3,256,V,-0.17374456
3,256,V,-0.14123023
3,257,V,-0.9854209
3,257,V,-0.95576936
3,258,V,-0.3164683
3,258,V,-0.026678551
3,258,V,-0.091064386
3,258,V,-0.09932871
3,258,V,-0.07204658
3,258,V,-0.028695969
3,258,V,-0.08153282
3,259,V,0.8659105
3,259,V,0.7514004
3,259,V,0.8313009
3,259,V,0.6325961
3,259,V,0.39465052
3,259,V,0.9969565
3,260,H,0.04693965
3,260,H,0.017718881
3,260,H,0.053394742
3,260,H,0.0149295265
3,260,H,0.067392536
3,260,H,0.04050411
3,260,H,0.0011394571
3,260,H,0.022477947
3,260,H,0.014905146
3,260,V,-0.1614619
3,260,V,-0.09565766
3,260,V,0.10358943
3,260,V,-0.039089482
3,260,V,0.09312085
3,260,V,0.014084726
3,260,V,0.1471785
3,261,H,-0.40957147
3,261,H,0.9221303
3,261,V,-1.0
3,262,V,-0.0039917044
3,262,V,0.20709352
3,262,V,0.08122208
3,262,V,0.27289012
3,262,V,0.11297151
3,262,V,0.30261758
3,262,V,0.32160708
3,262,V,0.22449434
3,263,H,0.99693465
3,263,H,1.0
3,263,H,1.0
3,263,V,-1.0
3,263,V,0.95602214
3,263,V,-0.9999575
3,263,V,0.92357194
3,263,V,-1.0
3,263,V,0.82430506
3,264,H,0.26575953
3,264,H,0.4398462
3,264,H,0.44585672
3,264,H,0.25604472
3,264,V,0.97834575
3,264,V,0.97240895
3,264,V,0.95521164
3,264,V,0.9894738
3,265,H,-0.27260464
3,265,H,-0.34089074
3,265,H,-0.2231249
3,265,H,-0.29942143
3,265,H,-0.026995176
3,265,H,-0.021246318
3,265,H,0.031193633
3,265,H,-0.047270305
3,265,H,-0.041471582
3,265,H,-0.051702548
3,265,H,-0.08113591
3,265,H,0.21216317
3,265,H,0.23506692
3,265,H,0.13310659
3,265,H,0.20563374
3,266,H,-0.9589596
3,266,H,0.7336825
3,266,V,0.6318594
3,266,V,0.11037696
3,266,V,0.14790598
3,266,V,0.28965732
3,266,V,0.254912
3,267,H,-0.32959783
3,267,H,0.58840793
3,267,H,-0.30289415
3,267,H,-0.4170487
3,267,V,-0.6297564
3,267,V,-0.6775901
3,267,V,-0.868022
3,268,H,-1.0
3,268,H,-1.0
3,268,H,-0.89022815
3,268,V,0.99241126
3,268,V,1.0
3,268,V,1.0
3,268,V,0.8866574
3,269,H,-1.0
3,269,V,1.0
3,270,H,-0.11322678
3,270,H,-0.27694818
3,270,H,-0.1749014
3,270,H,-0.10575181
3,270,H,-0.2723161
3,270,H,-0.6272609
3,270,V,0.19096126
3,270,V,0.23324879
3,270,V,0.26754168
3,270,V,0.24982984
3,270,V,0.21818793
3,270,V,0.23022357
3,270,V,0.8588479
3,270,V,0.36115855
3,270,V,0.31511408
3,270,V,0.3775927
3,271,H,-1.0
3,271,V,0.936744
3,271,V,-1.0
3,272,H,0.18928261
3,272,H,0.17405684
3,272,V,-0.008140443
3,272,V,-0.0036953907
3,272,V,0.003789915
3,272,V,-0.008589932
3,272,V,0.008355141
3,272,V,-0.0058449907
3,273,H,0.7033705
3,273,H,0.6645364
3,273,H,0.7124213
3,273,H,0.43019882
3,273,H,-0.8972129
3,273,V,-0.26644427
3,273,V,-0.12069234
3,273,V,-0.12336449
3,273,V,0.9991526
3,274,H,-0.3303861
3,274,H,-0.36627403
3,274,H,-0.30778968
3,274,H,-0.8515564
3,274,V,-0.4320506
3,274,V,-0.4187389
3,274,V,-0.38594088
3,274,V,0.8044219
3,274,V,-0.22432488
3,275,H,-0.9917642
3,275,V,0.40990695
3,275,V,0.40933886
3,275,V,0.9122515
3,276,H,-0.33304483
3,276,H,0.043978456
3,276,H,-0.37499112
3,276,H,-0.09000533
3,276,H,-0.19995297
3,276,H,-0.041905582
3,276,V,-0.007175699
3,276,V,-0.038376298
3,276,V,-0.019596176
3,277,H,-1.0
3,277,H,-1.0
3,277,H,-1.0
3,277,H,-1.0
3,277,H,-1.0
3,277,H,-1.0
3,277,H,-1.0
3,277,H,-1.0
3,277,H,-1.0
3,277,H,-1.0
3,277,H,-1.0
3,277,H,-1.0
3,277,H,-1.0
3,277,H,-1.0
3,277,V,0.99473745
3,277,V,0.9915822
3,277,V,0.9998395
3,278,H,0.28667772
3,278,H,0.28673533
3,278,H,0.3263889
3,278,H,0.29773915
3,278,H,0.30264288
3,278,H,0.31567568
3,278,H,-0.1957741
3,278,V,-0.4394657
3,278,V,-0.009910833
3,278,V,-0.050137747
3,278,V,-0.04634162
3,278,V,-0.0032132717
3,278,V,-0.03549904
3,278,V,-0.009226113
3,279,H,-1.0
3,279,H,-1.0
3,279,H,-1.0
3,279,H,-0.9990553
3,279,V,-1.0
3,279,V,-1.0
3,279,V,-1.0
3,280,H,1.0
3,280,H,1.0
3,280,H,1.0
3,280,H,0.9996143
3,280,V,-0.20668204
3,280,V,-0.16392775
3,280,V,-0.22986178
3,280,V,-0.2666516
3,280,V,0.048956715
3,280,V,-0.23140748
3,280,V,-0.20864543
3,280,V,-0.13433273
3,280,V,0.30711013
3,280,V,0.11695792
3,280,V,-0.3947328
3,280,V,-0.09411376
3,280,V,0.09444966
3,281,H,0.27215967
3,281,H,0.040837843
3,281,H,0.019376945
3,281,H,-0.20991063
3,281,V,-0.0428622
3,281,V,0.02132807
3,281,V,-0.079553865
3,281,V,0.018175278
3,281,V,-0.107660405
3,281,V,0.10202366
3,281,V,0.11559004
3,281,V,0.1525893
3,281,V,0.17596881
3,282,V,-0.0011166391
3,282,V,0.014780739
3,282,V,-0.119429104
3,282,V,-0.042119533
3,282,V,-0.20152354
3,282,V,-0.22791351
3,282,V,-0.14110182
3,282,V,-0.22121307
3,282,V,-0.08737357
3,282,V,-0.28479248
3,282,V,-0.17639968
3,282,V,-0.21235259
3,283,H,-0.4175237
3,283,V,0.51293963
3,283,V,0.8215569
3,283,V,0.24852924
3,284,V,0.4227666
3,284,V,0.30089757
3,284,V,0.29671317
3,284,V,0.3814519
3,284,V,0.4788106
3,284,V,-0.007491792
3,284,V,0.01202126
3,284,V,0.038104784
3,284,V,0.04747762
3,284,V,-0.20782219
3,284,V,-0.2589722
3,284,V,-0.26038155
3,284,V,-0.30716786
3,284,V,-0.30855444
3,285,H,0.69710046
3,285,V,-0.41948074
3,285,V,-0.32994485
3,285,V,-0.32929096
3,285,V,-0.75920105
3,286,H,0.9469922
3,286,H,0.75064963
3,286,H,0.4843844
3,286,H,0.08713962
3,286,H,0.06289686
3,286,H,0.48247084
3,286,H,0.048659924
3,286,H,0.1859584
3,286,H,-0.03867467
3,286,H,-0.3164898
3,286,H,-0.38083014
3,286,V,-0.45714718
3,286,V,-0.63704956
3,286,V,-0.69115543
3,286,V,-0.5624683
3,286,V,-0.5965784
3,286,V,0.0078178905
3,286,V,-0.16542986
3,286,V,-0.020125091
3,286,V,-0.21154118
3,286,V,-0.46743888
3,286,V,0.012765494
3,286,V,-0.1423239
3,286,V,0.03462345
3,286,V,-0.14418542
3,286,V,-0.52715904
3,286,V,0.36907724
3,286,V,0.5718954
3,287,V,0.49236792
3,287,V,-0.36765385
3,287,V,-0.52565515
3,287,V,-0.33675566
3,288,V,-0.3750504
3,288,V,-0.31752545
3,288,V,-0.34536764
3,288,V,-0.28090113
3,289,H,0.4452646
3,289,H,0.58668214
3,289,H,0.61143833
3,289,H,0.68454903
3,289,H,0.43386358
3,289,V,-0.21664622
3,289,V,-0.41150606
3,289,V,-0.4045879
3,289,V,-0.5335876
3,290,H,0.35680225
3,290,H,0.090086
3,290,V,0.010245521
3,291,H,-1.0
3,291,H,-1.0
3,291,H,-1.0
3,291,H,-1.0
3,291,V,1.0
3,291,V,1.0
3,291,V,1.0
3,291,V,0.9866215
3,292,H,-0.11397096
3,292,H,-0.28911835
3,292,H,0.050256692
3,292,H,0.0841691
3,292,H,0.08598596
3,293,H,0.31450436
3,293,H,0.19770375
3,293,H,0.05489183
3,293,H,-0.07646017
3,293,H,-0.037751563
3,293,H,-0.012485039
3,293,H,-0.091546796
3,293,H,0.032678023
3,293,H,0.010583565
3,293,H,-0.03964205
3,293,H,-0.028211787
3,293,H,-0.08487876
3,293,H,-0.25033945
3,293,V,0.04010277
3,293,V,-0.19583452
3,293,V,0.037272155
3,293,V,-0.23141186
3,294,H,-0.167924
3,294,H,-0.017962731
3,294,H,-0.06663815
3,294,H,0.034019813
3,294,V,0.45805287
3,294,V,0.4437319
3,294,V,0.3890896
3,295,V,0.69924253
3,295,V,0.59116656
3,295,V,0.10577593
3,295,V,-0.8854939
3,295,V,-0.5650511
3,295,V,-0.58119726
3,295,V,-0.49645084
3,296,H,-0.99458945
3,296,H,-0.99216396
3,296,H,-1.0
3,296,V,-0.9144576
3,296,V,-0.92653924
3,296,V,-0.9045384
3,296,V,-0.9134473
3,297,V,-0.09449974
3,297,V,-0.23562117
3,297,V,-0.22646035
3,297,V,-0.32259595
3,298,V,0.18249688
3,298,V,0.3629403
3,298,V,0.3646544
3,298,V,0.5658189
3,299,H,-0.32447833
3,299,H,-0.28446972
3,299,H,0.019251857
3,299,H,-0.06690701
3,299,H,-0.15352428
3,299,H,-0.19164649
3,299,V,-0.42989573
3,299,V,-0.47690183
3,300,H,1.0
3,300,V,1.0
3,301,H,-0.11283837
3,301,H,-0.038523413
3,301,H,-0.03109295
3,301,H,0.11153181
3,301,H,0.04653897
3,301,H,0.11067075
3,301,H,0.1283276
3,301,H,0.26487675
3,301,V,-0.37263086
3,301,V,-0.3982019
3,301,V,-0.4467941
3,301,V,-0.4237869
3,301,V,-0.2588848
3,302,H,0.29209393
3,302,H,-0.056113448
3,302,H,0.02545533
3,302,H,-0.035594795
3,302,H,-0.12619749
3,302,H,0.332652
3,302,H,-0.03297548
3,302,H,-0.044608317
3,302,H,0.015109539
3,302,H,-0.10323575
3,302,H,-0.20826483
3,302,V,0.044911336
3,302,V,0.0444317
3,303,H,0.74065083
3,303,H,0.7479623
3,303,H,0.76117885
3,303,H,0.9316179
3,303,V,-0.22876164
3,303,V,-0.13651797
3,303,V,-0.1524344
3,303,V,-0.17450103
3,304,H,0.8805916
3,304,H,0.8037613
3,304,H,0.8083634
3,304,H,0.6763687
3,304,V,0.5593801
3,304,V,-0.68200207
3,305,H,0.08825038
3,305,H,0.1835737
3,305,H,0.25721282
3,305,H,0.103939496
3,306,V,0.09654249
3,306,V,0.049320754
3,306,V,0.016635595
3,306,V,-0.15461522
3,307,H,0.021920191
3,307,H,0.17591129
3,307,H,0.2744677
3,307,H,0.2064525
3,307,H,-0.41350773
3,307,V,0.5381213
3,307,V,0.10716967
3,307,V,0.53550553
3,307,V,-0.14040047
3,307,V,0.49608415
3,307,V,-0.079926796
3,307,V,0.49699277
3,307,V,-0.15599431
3,308,H,0.68039876
3,308,H,0.398227
3,308,H,0.50273347
3,308,H,0.6892396
3,308,H,0.39838153
3,308,H,0.29516253
3,308,H,0.2997883
3,308,H,0.6254377
3,308,H,0.31293306
3,308,H,0.31319708
3,308,H,0.24028458
3,308,H,0.45396355
3,308,H,0.08904202
3,308,H,0.014512258
3,308,H,0.0018637985
3,308,H,0.51629484
3,309,H,0.5560236
3,309,H,0.7582485
3,309,H,0.6503979
3,309,H,0.38471872
3,309,H,0.38879785
3,309,H,0.42143685
3,309,H,0.3712455
3,309,H,0.52864957
3,309,H,0.41784298
3,309,V,-0.7185287
3,309,V,-0.31031317
3,309,V,-0.26284423
3,309,V,-0.0036032645
3,310,H,-0.1532686
3,310,H,0.74430287
3,310,H,0.7067545
3,310,V,0.7503354
3,310,V,0.8316112
3,310,V,0.79633784
3,310,V,0.7866476
3,311,H,0.16375832
3,311,H,-0.05135982
3,311,H,-0.09046427
3,311,H,-0.058767166
3,311,H,-0.086436555
3,311,H,-0.14151001
3,311,V,0.7589261
3,311,V,0.8020624
3,311,V,0.88537973
3,311,V,0.67269236
3,312,H,0.27755433
3,312,H,0.92227376
3,312,H,0.96543056
3,312,H,0.9759677
3,312,V,0.99859345
3,313,V,-0.85800827
3,314,H,-0.73894924
3,314,V,0.7142504
3,314,V,0.29242805
3,314,V,0.6572214
3,314,V,0.3603516
3,314,V,0.29624677
3,314,V,0.28740388
3,314,V,-0.12350799
3,315,H,0.19768107
3,315,H,-0.033842213
3,315,H,0.058300953
3,315,H,-0.11639727
3,315,H,-0.018194867
3,315,H,-0.10981758
3,315,V,0.12582015
3,315,V,0.03495478
3,315,V,0.06527862
3,315,V,0.03849604
3,315,V,-0.011724562
3,316,H,-0.2274692
3,316,H,-0.25645524
3,316,H,-0.18053418
3,316,H,-0.3300321
3,316,H,-0.3086495
3,316,H,-0.1865797
3,316,H,-1.0
3,316,H,-1.0
3,316,H,-1.0
3,317,H,0.25215542
3,317,H,0.102552444
3,317,H,0.101351745
3,317,H,-0.4996484
3,317,V,-0.49296182
3,317,V,-0.3426997
3,317,V,-0.5004786
3,317,V,-0.67882144
3,317,V,-0.4057289
3,317,V,-0.36895198
3,318,H,0.20011343
3,318,H,0.15223144
3,318,H,0.08674148
3,318,H,-0.049524397
3,318,V,0.4653721
3,318,V,0.44763327
3,318,V,0.51248103
3,318,V,0.47067133
3,318,V,0.58249444
3,319,H,-1.0
3,319,H,-1.0
3,319,H,-1.0
3,319,H,-0.9953527
3,319,H,1.0
3,320,H,-0.99789935
3,320,H,0.87750405
3,320,H,1.0
3,320,H,1.0
3,320,H,1.0
3,320,H,1.0
3,320,V,-1.0
3,321,H,-0.7249908
3,321,V,0.036672965
3,321,V,0.14957835
3,321,V,0.5748326
3,321,V,0.17676853
3,321,V,0.38385677
3,321,V,-0.13359343
3,321,V,-0.2723
3,321,V,-0.20700397
3,322,H,1.0
3,322,H,1.0
3,322,H,1.0
3,322,H,1.0
3,322,H,0.99851733
3,322,H,1.0
3,322,H,0.9994416
3,322,H,1.0
3,322,H,1.0
3,322,H,1.0
3,322,V,0.96420485
3,322,V,0.9763324
3,322,V,0.97501224
3,322,V,0.9771533
3,322,V,0.9835167
3,322,V,0.9576687
3,322,V,0.97444916
3,322,V,0.9663161
3,322,V,0.9450666
3,322,V,0.94271255
3,323,V,-0.2528233
3,323,V,-0.09874016
3,323,V,-0.09330552
3,323,V,0.06326434
3,324,V,0.5651844
3,324,V,0.29133475
3,324,V,0.35578012
3,324,V,0.4415031
3,324,V,-0.8507801
3,325,H,-0.14562356
3,325,H,0.03628828
3,325,H,0.110972546
3,325,H,0.03691234
3,325,H,-0.19998449
3,325,H,-0.076905794
3,325,H,0.008617195
3,325,H,-0.02901478
3,325,H,-0.14119893
3,325,H,-0.093295604
3,325,H,-0.046934213
3,325,H,0.017906792
3,325,H,-0.027832745
3,325,H,0.00821919
3,325,H,-0.026127227
3,325,H,-0.020627841
3,325,V,-0.119361214
3,325,V,-0.15707943
3,325,V,-0.12002503
3,325,V,-0.08600612
3,325,V,-0.10385369
3,325,V,-0.12739675
3,325,V,-0.1551516
3,325,V,-0.12736645
3,325,V,-0.15127411
3,325,V,-0.18486224
3,325,V,-0.16763717
3,325,V,-0.08480436
3,325,V,-0.11595288
3,325,V,-0.1380873
3,325,V,-0.14029123
3,325,V,-0.032459363
3,325,V,-0.16527978
3,325,V,-0.09680967
3,325,V,-0.20418726
3,325,V,-0.38620797
3,326,H,-0.10374881
3,326,H,-0.12980779
3,326,H,0.08337604
3,326,H,0.015712349
3,326,H,0.10076994
3,326,H,-0.08218888
3,326,H,0.111237
3,326,H,0.08212135
3,326,V,0.23777196
3,326,V,0.22170916
3,326,V,0.2503412
3,326,V,0.24124631
3,326,V,0.12871182
3,327,H,-0.3240531
3,327,V,0.8564064
3,327,V,0.8386591
3,327,V,0.80343044
3,327,V,0.81568104
3,327,V,0.4674073
3,327,V,0.2778308
3,328,H,0.073098496
3,328,H,0.38291752
3,328,H,-0.033677444
3,328,H,0.037463773
3,328,H,-0.053670686
3,328,H,-0.041161817
3,328,H,-0.09759599
3,328,H,-0.11788332
3,328,V,-0.8589351
3,329,H,-0.999855
3,329,H,-1.0
3,329,H,-1.0
3,329,H,-1.0
3,329,H,-1.0
3,329,V,0.9000968
3,329,V,1.0
3,329,V,1.0
3,329,V,1.0
3,329,V,0.9932314
3,330,V,-0.5081876
3,330,V,-0.4589612
3,330,V,-0.23337027
3,330,V,-0.23298259
3,330,V,-0.5537724
3,330,V,-0.9358163
3,330,V,-0.94581246
3,330,V,-0.5942466
3,330,V,-0.9333063
3,330,V,-0.9084293
3,330,V,-0.9258664
3,330,V,-0.68978494
3,330,V,-0.98938864
3,330,V,-0.9727994
3,330,V,-0.94841826
3,330,V,-0.99574625
3,331,H,0.26879403
3,331,H,0.07068661
3,331,H,-0.104633786
3,331,H,-0.05055757
3,331,H,-0.046973504
3,331,H,-0.039370343
3,331,H,-0.4032985
3,331,H,-0.18610027
3,331,V,0.9999509
3,331,V,0.99955875
3,331,V,0.999418
3,331,V,1.0
3,331,V,0.980936
3,332,V,-0.13108285
3,332,V,-0.11278578
3,332,V,-0.04727566
3,332,V,-0.116074614
3,332,V,-0.09039012
3,333,H,-0.8007899
3,333,H,-0.7944865
3,333,H,0.22802904
3,333,H,0.29720554
3,333,H,0.16722845
3,334,H,0.24567753
3,334,H,0.057139654
3,334,H,0.08766934
3,334,H,0.23945798
3,334,V,-0.32936963
3,335,H,-0.98222435
3,335,H,-0.96371394
3,335,H,-0.97707355
3,335,H,-0.90707326
3,335,V,-0.993865
3,335,V,-0.985344
3,335,V,0.98161083
3,335,V,-0.98264724
3,335,V,0.9549989
3,335,V,-0.93016773
3,335,V,0.92526394
3,336,H,0.107845776
3,336,H,0.20741251
3,336,H,0.17671087
3,336,H,0.33471525
3,336,H,0.024651555
3,336,H,0.081732966
3,336,H,0.074072555
3,336,H,0.1470629
3,336,H,0.03262784
3,336,H,0.075835556
3,336,H,0.09654049
3,336,H,0.15039186
3,336,V,-0.67771375
3,336,V,-0.4302407
3,336,V,-0.4719591
3,336,V,-0.26530376
3,336,V,-0.20479353
3,336,V,-0.18032132
3,336,V,-0.28156814
3,336,V,-0.18612574
3,336,V,-0.17140783
3,337,H,0.9945073
3,337,H,1.0
3,337,H,1.0
3,337,H,1.0
3,337,V,1.0
3,337,V,1.0
3,337,V,1.0
3,337,V,1.0
3,338,H,0.9814617
3,338,H,0.9978248
3,338,H,-0.7364497
3,338,H,0.9969119
3,338,H,-0.708662
3,338,H,0.9982583
3,338,H,-0.38598955
3,339,H,0.74666876
3,339,V,-0.44822186
3,340,H,0.11380067
3,340,H,-0.05626595
3,340,H,-0.06604609
3,340,H,0.010196453
3,340,H,-0.056472715
3,340,H,-0.1429154
3,340,V,0.9731379
3,340,V,0.9862837
3,341,V,-0.64384365
3,342,H,-0.037393242
3,342,H,0.6947478
3,342,H,0.9388527
3,342,V,0.2801679
3,342,V,0.5157051
3,342,V,0.44384778
3,342,V,0.12589982
3,342,V,0.25904635
3,342,V,0.10801177
3,342,V,0.15903549
3,342,V,0.14083353
3,342,V,-0.36873266
3,342,V,-0.16505031
3,343,H,0.13001858
3,343,V,-0.25651133
3,343,V,-0.07627954
3,343,V,-0.005931443
3,343,V,0.025095364
3,344,H,-1.0
3,344,H,1.0
3,344,H,-1.0
3,344,H,1.0
3,344,H,-1.0
3,344,H,1.0
3,344,H,-1.0
3,344,H,1.0
3,344,V,-1.0
3,344,V,-1.0
3,344,V,1.0
3,344,V,-1.0
3,344,V,1.0
3,344,V,-1.0
3,344,V,1.0
3,345,H,0.11730163
3,345,H,-0.6021475
3,345,H,-0.465089
3,345,H,-0.19763546
3,345,H,-0.5341849
3,345,V,0.6921118
3,345,V,0.9302114
3,346,H,-0.24022643
3,346,H,-0.461358
3,346,H,-0.051973183
3,346,H,-0.15216875
3,346,H,-0.036464825
3,346,H,-0.1412125
3,346,H,-0.029686093
3,346,V,0.48588678
3,346,V,0.4533676
3,347,H,-0.469585
3,347,H,-0.19050515
3,347,H,-0.21888357
3,347,H,-0.27044556
3,347,V,0.730216
3,347,V,0.82470596
3,347,V,0.18956317
3,347,V,0.49010104
3,348,H,0.094881386
3,348,H,-0.020151393
3,348,H,0.15401344
3,348,H,0.12070077
3,348,H,0.08911069
3,349,H,-1.0
3,349,H,1.0
3,349,V,-1.0
3,349,V,-1.0
3,349,V,-1.0
3,350,H,-0.10454117
3,350,H,0.11293154
3,350,H,-0.013704363
3,350,H,0.056694224
3,350,H,0.057841416
3,350,H,0.1487329
3,350,H,0.14899106
3,350,H,0.13905986
3,350,H,0.09892623
3,350,H,0.19517654
3,350,H,0.23028563
3,350,H,0.21110038
3,350,H,0.057670373
3,350,V,0.17253499
3,350,V,0.22289327
3,350,V,0.27767435
3,350,V,-0.18274048
3,350,V,-0.5825843
3,350,V,-0.5814172
3,350,V,-0.18513094
3,351,H,0.9889901
3,351,H,0.2618973
3,351,H,0.18916288
3,351,H,0.057870686
3,351,H,0.98881006
3,351,H,0.33950534
3,351,H,0.17434862
3,351,H,0.20591006
3,351,H,0.98625374
3,351,H,0.26941124
3,351,H,0.2857697
3,351,H,0.1832724
3,351,V,0.6010988
3,351,V,1.0
3,351,V,1.0
3,351,V,0.98733795
3,351,V,0.2882841
3,351,V,0.14525214
3,352,H,-0.2962026
3,352,H,-0.3266531
3,352,H,-0.31105456
3,352,H,0.007926849
3,352,V,-1.0
3,352,V,-1.0
3,352,V,-1.0
3,352,V,-1.0
3,353,H,0.044421595
3,353,H,0.20789975
3,353,H,0.0058411495
3,353,H,0.25456855
3,353,H,0.035008375
3,353,V,-0.21321274
3,353,V,0.033767894
3,353,V,-0.19802968
3,353,V,-0.51639473
3,354,H,0.0831428
3,354,H,0.085387446
3,354,H,0.071401246
3,354,H,0.08207436
3,354,H,0.013686869
3,354,V,-0.049631592
3,354,V,0.031790342
3,354,V,-0.03193306
3,354,V,0.009438021
3,354,V,-0.020553656
3,354,V,0.047891118
3,355,H,-0.29861176
3,355,H,-0.29173005
3,355,V,-1.0
3,355,V,-1.0
3,355,V,-1.0
3,355,V,-1.0
3,355,V,-0.9928014
3,355,V,-0.99590445
3,356,H,-0.12451753
3,356,H,0.0038009936
3,356,H,0.0007974447
3,356,H,0.053026613
3,356,H,0.17930353
3,356,H,-0.13326135
3,356,H,-0.062115557
3,356,H,-0.06323942
3,356,H,-0.039219663
3,356,H,-0.05021521
3,356,H,-0.14661308
3,356,H,-0.051455084
3,356,H,-0.05505457
3,356,H,-0.058281463
3,356,H,-0.05954657
3,356,H,-0.4249142
3,356,H,-0.12720829
3,356,H,-0.11348789
3,356,H,-0.15945262
3,356,H,-0.079444
3,356,V,-0.36304614
3,356,V,-0.059344687
3,356,V,-0.067148775
3,356,V,-0.08227283
3,356,V,-0.046657477
3,356,V,-0.065747894
3,356,V,0.009128078
3,356,V,-0.006112512
3,356,V,-0.018963752
3,356,V,-0.03668339
3,356,V,-0.052451245
3,356,V,-0.023834698
3,356,V,0.0071209567
3,356,V,0.014546796
3,356,V,-0.04085745
3,356,V,-0.11090567
3,356,V,0.042751856
3,356,V,0.0907917
3,356,V,0.050669216
3,357,H,-0.728359
3,357,H,-0.550064
3,357,H,-0.12822868
3,357,V,-0.031412847
3,358,H,0.9970927
3,358,H,0.9979635
3,358,H,1.0
3,358,H,1.0
3,358,H,1.0
3,358,H,1.0
3,358,H,1.0
3,358,H,1.0
3,358,H,1.0
3,358,H,1.0
3,358,H,1.0
3,358,H,1.0
3,358,V,0.97329104
3,358,V,0.9483842
3,358,V,0.9791907
3,358,V,0.98254883
3,358,V,0.94646204
3,358,V,0.961534
3,358,V,0.899621
3,358,V,0.95647585
3,359,H,0.12624806
3,359,H,-0.07148711
3,359,H,-0.10691488
3,359,V,-0.083514005
3,359,V,-0.071526766
3,359,V,-0.13047786
3,359,V,-0.19989704
3,359,V,-0.03017955
3,359,V,-0.081316836
3,359,V,-0.11307425
3,359,V,-0.20731837
3,360,H,0.26310027
3,360,H,0.59630173
3,360,H,-0.20102228
3,360,H,0.63555974
3,360,H,-0.12981042
3,360,H,-0.30115214
3,360,V,-0.30971655
3,360,V,0.008553888
3,360,V,0.042980127
3,360,V,0.98932284
3,360,V,0.4272983
3,361,V,0.41240722
3,361,V,0.35198557
3,361,V,0.5879385
3,361,V,0.32828596
3,361,V,0.06506433
3,362,H,-0.25800526
3,362,H,-0.27655578
3,362,H,-0.32165134
3,362,H,-0.58847046
3,362,H,-0.25422198
3,362,H,-0.40835005
3,362,H,-0.24825755
3,362,H,-0.7205649
3,362,H,-0.36013448
3,362,H,-0.26891115
3,362,H,-0.3646267
3,362,H,-0.7496853
3,362,H,-0.06494863
3,362,H,-0.08484105
3,362,H,-0.038200222
3,362,H,-0.33014676
3,363,H,-0.8321669
3,363,H,-0.84895027
3,363,H,-0.8316252
3,363,H,-0.9888383
3,363,V,0.21373855
3,364,V,0.9438912
3,364,V,0.25599647
3,364,V,-0.537114
3,364,V,0.8948514
3,364,V,0.23297854
3,364,V,-0.65639246
3,365,V,0.646917
3,365,V,0.84064156
3,365,V,0.95733875
3,365,V,0.8394111
3,365,V,0.8149425
3,365,V,0.9517168
3,365,V,0.9722438
3,365,V,0.96172583
3,365,V,1.0
3,366,H,-0.24168305
3,366,H,-0.14032762
3,366,H,-0.100492015
3,366,H,-0.062428515
3,366,V,-0.96998805
3,366,V,-0.73817337
3,366,V,-0.6206957
3,367,H,-0.083393045
3,367,H,-0.114674725
3,367,H,-0.023267917
3,367,H,-0.17882958
3,367,V,0.019682068
3,367,V,0.03029344
3,367,V,0.15953544
3,367,V,0.023649082
3,367,V,0.3370017
3,367,V,0.41708037
3,368,H,0.040855862
3,368,H,0.013630289
3,368,H,-0.011153109
3,368,H,0.016144155
3,368,H,0.0019812966
3,368,H,0.0067363
3,368,H,0.017031655
3,368,H,-0.029292522
3,368,H,0.046688423
3,368,H,0.028376678
3,368,H,0.0120228315
3,368,H,-0.009893832
3,368,H,0.020015081
3,368,H,0.008261546
3,368,H,0.035338104
3,368,H,0.042944964
3,368,H,0.06265786
3,368,H,0.07509491
3,368,H,0.09893019
3,368,H,0.115315065
3,369,H,-0.33208835
3,369,H,-0.59790486
3,369,H,-0.31937358
3,369,H,-0.49626738
3,369,H,0.22029425
3,369,H,0.03288359
3,369,H,0.10508543
3,369,H,0.11932997
3,369,H,0.1080971
3,369,H,0.04990074
3,369,H,0.12798195
3,369,H,0.6610613
3,369,H,0.4156735
3,369,H,0.47605035
3,369,H,0.15961836
3,369,H,0.52426827
3,369,V,-0.45520324
3,369,V,-0.37144828
3,369,V,-0.66767544
3,370,H,0.53820866
3,370,H,0.600945
3,370,H,0.07417988
3,370,H,0.10013522
3,370,H,0.09058064
3,370,H,0.14355534
3,370,H,0.21173109
3,370,H,0.09621787
3,370,H,0.09506515
3,370,H,0.11014071
3,370,H,0.1397225
3,370,H,0.18260491
3,370,V,-0.1279397
3,370,V,0.08665589
3,370,V,0.09725318
3,370,V,0.12394833
3,370,V,0.11731603
3,371,H,0.09560553
3,371,V,0.032580342
3,371,V,0.13569976
3,371,V,0.061081573
3,371,V,0.22304519
3,372,H,-0.7176362
3,372,H,0.14573136
3,372,V,1.0
3,373,V,0.0026990897
3,373,V,0.06499778
3,373,V,0.0017639181
3,373,V,0.05575309
3,373,V,0.0027727152
3,373,V,0.08039539
3,373,V,0.1975107
3,374,H,0.010494865
3,374,H,0.043295
3,374,H,0.020815406
3,374,H,0.2628827
3,374,H,-0.007834823
3,374,H,-0.021124398
3,374,H,-0.009602563
3,374,H,0.1725306
3,374,H,-0.018587738
3,374,H,-0.013562789
3,374,H,0.022081383
3,374,H,0.17812036
3,374,H,0.0008505296
3,374,H,0.017957691
3,374,H,0.010214512
3,374,H,0.037356038
3,374,V,-0.09108873
3,374,V,-0.08601277
3,374,V,-0.059218682
3,374,V,0.31435007
3,374,V,-0.22816695
3,374,V,-0.18397817
3,375,H,-1.0
3,375,H,-1.0
3,375,H,-1.0
3,375,H,-1.0
3,375,H,-0.23767276
3,375,V,-0.45632166
3,375,V,-1.0
3,375,V,-1.0
3,375,V,-1.0
3,376,H,-0.09338741
3,376,H,-0.08031421
3,376,H,-0.012487277
3,376,H,0.01025523
3,376,H,-0.00754102
3,376,H,0.05780476
3,376,H,-0.13528486
3,376,H,-0.078943074
3,376,H,-0.151989
3,376,H,-0.1576061
3,376,H,-0.21746129
3,376,H,-0.19350448
3,376,H,-0.1665182
3,376,V,0.9820703
3,376,V,1.0
3,376,V,1.0
3,376,V,0.98630184
3,376,V,1.0
3,376,V,1.0
3,376,V,0.9857342
3,376,V,1.0
3,376,V,0.99014884
3,376,V,0.99982876
3,376,V,0.9990835
3,376,V,1.0
3,377,H,0.7570965
3,377,H,0.6677123
3,377,H,0.73315823
3,377,H,0.38551357
3,377,V,-0.99180007
3,377,V,-0.98933554
3,377,V,-0.9967807
3,377,V,-1.0
3,377,V,-0.98319054
3,377,V,-1.0
3,377,V,-1.0
3,377,V,-0.9870348
3,377,V,-1.0
3,378,H,-0.97314256
3,378,H,-0.9997684
3,378,H,-0.9291591
3,378,H,-0.9994274
3,378,H,-1.0
3,378,H,-1.0
3,378,H,-1.0
3,378,H,-1.0
3,378,V,-1.0
3,378,V,-1.0
3,378,V,-1.0
3,378,V,-0.99795
3,379,H,-0.16259146
3,379,H,-0.15809116
3,379,H,-0.18799315
3,379,H,-0.25065434
3,379,H,-0.21736011
3,379,H,-0.23381172
3,379,H,-0.24948792
3,379,H,-0.33987296
3,379,H,-0.21343826
3,379,H,-0.2112197
3,379,H,-0.21224755
3,379,H,-0.3135262
3,379,H,-0.5002873
3,379,H,-0.4921138
3,379,H,-0.44634143
3,379,H,-0.636699
3,380,H,-1.0
3,380,H,-1.0
3,380,H,-0.9999533
3,380,H,-1.0
3,380,V,-1.0
3,380,V,-1.0
3,380,V,-1.0
3,380,V,-1.0
3,381,H,0.018253062
3,381,H,0.0013626087
3,381,H,-0.018414047
3,381,H,-0.012717567
3,381,H,-0.056657657
3,381,H,0.021789338
3,381,H,-0.010033104
3,381,H,-0.0155815715
3,381,H,0.014602428
3,381,H,-0.05440411
3,381,V,-0.10509435
3,381,V,-0.11107239
3,382,H,0.39839777
3,382,H,0.099858485
3,382,H,0.15453179
3,382,H,-0.028175408
3,382,H,0.5625892
3,382,H,0.23990813
3,382,H,0.30838862
3,382,H,0.19698642
3,382,H,0.6005735
3,382,H,0.20153245
3,382,H,0.27490664
3,382,H,0.28413364
3,382,H,0.6249272
3,382,H,0.3537432
3,382,H,0.36999312
3,382,H,0.43870178
3,382,V,0.76134354
3,382,V,0.44497395
3,382,V,0.32476455
3,382,V,0.36535543
3,382,V,0.17820258
3,382,V,0.21544322
3,382,V,0.18043706
3,382,V,0.20494992
3,382,V,0.2568093
3,382,V,0.1767348
3,382,V,0.34064567
3,382,V,-0.12327913
3,382,V,0.08022826
3,382,V,0.07585666
3,383,H,-0.023424163
3,383,H,0.1913253
3,383,H,0.15471466
3,383,H,0.126162
3,383,V,-1.0
3,383,V,-1.0
3,383,V,-1.0
3,384,H,-0.18720773
3,384,H,-0.0844618
3,384,H,-0.092116475
3,384,H,-0.07282086
3,384,H,-0.20176005
3,384,H,-0.08404953
3,384,H,-0.06928871
3,384,H,-0.10567398
3,384,H,-0.3662891
3,384,H,-0.3183731
3,384,H,-0.39676932
3,384,V,-0.2128243
3,384,V,-0.24988995
3,384,V,0.03565469
3,384,V,0.019135986
3,384,V,-0.0013148743
3,384,V,0.044447925
3,384,V,0.011156983
3,384,V,0.0107509615
3,384,V,0.20009807
3,384,V,0.15783992
3,385,H,-0.81963944
3,385,H,-0.99970907
3,385,H,-0.3100028
3,386,H,0.29806897
3,386,H,-0.10287498
3,386,H,-0.03445799
3,386,H,-0.06971584
3,386,H,-0.047397293
3,386,H,-0.04644157
3,386,H,-0.0527963
3,386,H,-0.26098734
3,386,H,-0.19922961
3,386,H,-0.2090497
3,386,V,0.10025892
3,386,V,0.10595817
3,386,V,0.07325882
3,386,V,0.10306536
3,386,V,0.14746983
3,386,V,0.09913397
3,386,V,0.0619881
3,386,V,0.11668481
3,387,H,-0.07865721
3,387,H,-0.093429476
3,387,H,-0.033270802
3,387,H,-0.06055496
3,387,H,-0.17123218
3,387,H,-0.05582213
3,387,H,-0.12681213
3,387,V,0.1729571
3,387,V,-0.0078054783
3,387,V,0.22283398
3,387,V,0.0505925
3,387,V,0.18428402
3,387,V,0.23115048
3,387,V,0.076718956
3,387,V,0.13840638
3,388,H,-1.0
3,388,H,-0.8676152
3,388,H,-0.97992104
3,388,H,-0.9596578
3,388,H,-1.0
3,388,H,-1.0
3,388,H,-0.99961156
3,388,V,0.8896657
3,388,V,0.99733067
3,388,V,1.0
3,388,V,1.0
3,388,V,1.0
3,388,V,1.0
3,388,V,1.0
3,389,H,0.8563425
3,389,H,0.82325536
3,389,H,-0.32016227
3,389,H,-0.2637945
3,389,H,-1.0
3,389,V,-0.9808935
3,389,V,-0.9927342
3,390,H,1.0
3,390,H,1.0
3,390,H,1.0
3,390,H,1.0
3,390,V,0.99755394
3,390,V,0.9997838
3,390,V,0.9976975
3,390,V,1.0
3,391,H,1.0
3,391,H,1.0
3,391,H,1.0
3,391,H,-1.0
3,391,V,1.0
3,391,V,1.0
3,391,V,1.0
3,391,V,1.0
3,392,H,0.6233428
3,392,H,0.52757275
3,392,H,0.4196363
3,392,H,0.6175558
3,392,H,0.8874767
3,392,V,-1.0
3,392,V,-1.0
3,392,V,-0.90514344
3,392,V,-1.0
3,392,V,-1.0
3,392,V,-1.0
3,393,H,0.9971599
3,393,H,1.0
3,393,H,1.0
3,393,H,1.0
3,393,H,1.0
3,393,H,1.0
3,393,V,-0.9934978
3,393,V,-1.0
3,393,V,-1.0
3,394,H,-0.40544456
3,394,H,-0.37444663
3,394,V,0.0016093828
3,394,V,0.6464376
3,394,V,0.60014147
3,394,V,0.40629667
3,394,V,0.29645818
3,395,H,-0.6666856
3,395,H,0.19164436
3,395,H,-0.5853779
3,395,H,0.23325692
3,395,H,-0.6417127
3,395,H,0.28337845
3,396,H,0.58565754
3,396,H,0.016616622
3,396,H,0.3503181
3,396,H,0.592394
3,396,H,0.39065045
3,396,H,0.28945905
3,396,H,-0.38213554
3,396,H,0.46117783
3,396,H,0.40613425
3,396,H,0.3428221
3,396,H,0.13533902
3,396,H,-0.3575022
3,396,H,0.42412722
3,396,H,0.49964297
3,396,H,0.20373853
3,396,H,-0.31895208
3,397,H,0.72748953
3,397,H,0.5477008
3,397,H,0.6155101
3,397,H,0.91442806
3,397,H,0.9018386
3,397,H,0.9245087
3,397,H,0.8765792
3,397,V,-0.88737357
3,397,V,-0.9019252
3,397,V,-0.97577655
3,397,V,-0.96678203
3,399,H,0.08869285
3,399,H,0.12285827
3,399,H,0.07888159
3,399,H,-0.34916812
3,399,H,-0.09705106
3,399,H,-0.041867226
3,399,H,-0.041843165
3,399,H,-0.29670325
3,399,H,-0.07152066
3,399,H,-0.046720605
3,399,H,-0.025312252
3,399,H,-0.44886473
3,399,H,-0.39314395
3,399,V,-0.2332781
3,399,V,-0.19087468
3,399,V,-0.06454736
3,399,V,-0.029372104
3,399,V,-0.016487326
3,399,V,-0.036367636
3,399,V,-0.035106856
3,399,V,-0.07589443
3,399,V,-0.010554648
3,399,V,0.03235568
3,399,V,0.09744476
3,400,H,0.9902326
3,400,H,0.9510047
3,400,H,0.6555258
3,400,H,0.53894854
3,400,H,0.62998843
3,400,H,0.5632216
3,400,H,0.6737831
3,400,V,-0.04604539
3,400,V,0.28111288
3,400,V,0.0574241
3,400,V,0.19888523
3,400,V,0.4373562
3,400,V,0.13563174
3,401,H,0.91817486
3,401,H,0.053124156
3,401,H,-0.16068143
3,401,H,-0.070402704
3,401,H,-0.8513529
3,401,H,0.9171339
3,401,H,-0.108283274
3,401,H,0.027583374
3,401,H,-0.16015063
3,401,H,-0.77196413
3,401,H,-0.18112387
3,401,H,-0.18235834
3,401,H,0.018547906
3,401,H,-0.72166735
3,401,H,0.9600372
3,401,H,-0.044435304
3,401,H,-0.017492788
3,401,H,-0.05341452
3,401,H,-0.72048104
3,401,V,-0.9330881
3,401,V,-0.9982383
3,401,V,-0.98963416
3,401,V,-0.99201536
3,402,H,-1.0
3,402,H,-1.0
3,402,H,-1.0
3,402,H,1.0
3,402,H,1.0
3,402,H,1.0
3,402,H,1.0
3,402,V,1.0
3,402,V,0.99919534
3,402,V,1.0
3,402,V,1.0
3,402,V,1.0
3,402,V,-1.0
3,402,V,-1.0
3,402,V,-1.0
3,402,V,-1.0
3,402,V,-1.0
3,403,V,-0.38661042
3,403,V,-0.45845774
3,403,V,-0.5216011
3,403,V,-0.35441303
3,404,H,-0.10328283
3,404,V,0.5521136
3,404,V,0.37533364
3,404,V,0.899494
3,404,V,0.6968927
3,404,V,0.8455813
3,404,V,0.6482261
3,404,V,0.9435246
3,404,V,0.98952544
3,404,V,0.94401747
3,405,H,-0.16434692
3,405,H,-0.2063055
3,405,H,-0.17926101
3,405,H,-0.09226441
3,405,H,-0.07928008
3,405,H,-0.07173247
3,405,H,-0.060453825
3,405,H,-0.08508702
3,405,H,-0.08127247
3,405,H,0.11897865
3,405,H,0.17030235
3,405,H,0.17666505
3,405,V,0.010690118
3,405,V,0.002179236
3,405,V,-0.04366783
3,405,V,0.00028209138
3,405,V,-0.060106583
3,405,V,-0.059939135
3,405,V,-0.07822023
3,405,V,-0.06963056
3,405,V,-0.03038118
3,405,V,-0.28321853
3,405,V,-0.30301538
3,405,V,-0.26012295
3,406,H,-1.0
3,406,H,-1.0
3,407,V,-0.02316325
3,407,V,0.03323989
3,407,V,0.042242125
3,407,V,0.030181298
3,407,V,0.035636567
3,407,V,-0.0049272617
3,407,V,0.081024185
3,407,V,0.024427146
3,407,V,-0.0059107984
3,407,V,0.0423016
3,408,H,-0.19588639
3,408,H,0.073792666
3,408,V,-0.23707531
3,408,V,-0.1804762
3,408,V,-0.097578585
3,408,V,-0.33971313
3,409,H,-0.34913656
3,409,H,-0.42500737
3,409,H,-0.21814997
3,409,H,0.42719105
3,409,H,0.45285004
3,409,H,0.3657039
3,409,V,0.34443492
3,409,V,0.44564682
3,409,V,0.32585177
3,409,V,0.2441868
3,409,V,0.05998789
3,409,V,0.20358242
3,409,V,0.13248256
3,409,V,-0.0065416438
3,409,V,0.18886802
3,409,V,-0.14641204
3,409,V,-0.31571585
3,409,V,-0.30129102
3,410,H,0.19701856
3,410,H,0.16194843
3,410,H,0.012834284
3,410,H,0.1619356
3,410,H,0.1710299
3,410,H,0.12422349
3,410,H,0.12337895
3,410,H,-0.00090880063
3,410,H,0.05953869
3,410,H,0.169282
3,410,H,0.016745217
3,410,H,0.08486723
3,410,H,0.057981405
3,410,H,0.025735408
3,410,H,0.055459592
3,410,H,0.10160221
3,410,H,-0.0011177077
3,410,H,0.038988203
3,410,H,-0.043132182
3,410,H,0.13482712
3,411,H,0.4056401
3,411,H,0.5938418
3,411,H,0.6340852
3,411,H,0.6428054
3,411,V,0.4437559
3,412,V,-0.7329653
3,412,V,0.3847803
3,412,V,0.69946593
3,412,V,-0.7858413
3,412,V,-0.7650823
3,413,V,-1.0
3,413,V,0.3433094
3,414,H,1.0
3,414,H,1.0
3,414,H,1.0
3,414,H,1.0
3,414,V,-1.0
3,414,V,-1.0
3,414,V,-1.0
3,414,V,-0.9994705
3,415,H,-1.0
3,415,H,-1.0
3,415,H,-1.0
3,415,H,-1.0
3,415,V,0.88303053
3,415,V,0.95059663
3,415,V,-0.90853655
3,415,V,-0.79003525
3,415,V,-0.791025
3,416,H,0.3340857
3,416,H,0.42642286
3,416,H,0.5197198
3,416,H,0.22410683
3,416,V,-0.22568858
3,416,V,-0.05694667
3,416,V,-0.06842205
3,417,H,1.0
3,417,H,1.0
3,417,H,1.0
3,417,H,0.999738
3,417,H,0.6158549
3,417,H,0.5103795
3,417,H,0.6850264
3,417,H,0.78653765
3,417,H,0.49760023
3,417,H,0.6113705
3,417,H,0.7018072
3,417,H,0.8681565
3,417,V,-1.0
3,417,V,-1.0
3,417,V,-0.99812526
3,417,V,-0.9857362
3,417,V,-0.66468644
3,417,V,-0.57116103
3,417,V,-0.75219125
3,417,V,-0.6036558
3,417,V,-0.9859764
3,417,V,-0.6344366
3,417,V,-0.5792246
3,417,V,-0.74547595
3,417,V,-0.5935507
3,418,H,0.43214077
3,418,H,0.049142726
3,418,H,-0.11474252
3,418,H,-0.10774296
3,418,V,-0.54001987
3,418,V,-0.4741351
3,418,V,-0.5076613
3,418,V,-0.5523687
3,418,V,-0.79513997
3,419,H,0.103704505
3,419,H,0.11777145
3,419,H,0.016750734
3,419,H,0.007918452
3,419,H,0.008582108
3,419,H,0.065915294
3,419,H,-0.046696734
3,419,H,-0.006460246
3,419,V,0.057078216
3,419,V,0.07784759
3,419,V,0.06165113
3,419,V,0.029593829
3,419,V,0.07005994
3,419,V,0.085019805
3,419,V,0.06907018
3,419,V,0.10641551
3,419,V,0.06919174
3,420,H,-1.0
3,420,H,-1.0
3,420,V,0.9814479
3,420,V,0.98409
3,420,V,0.9847715
3,420,V,1.0
3,420,V,0.9840887
3,420,V,0.9910633
3,420,V,0.99527746
3,420,V,0.999431
3,420,V,0.976742
3,420,V,0.9930493
3,420,V,0.9902997
3,420,V,0.9992871
3,420,V,0.79426306
3,420,V,0.78136575
3,420,V,0.98593843
3,421,H,-0.11863275
3,421,H,-0.5004857
3,421,H,-1.0
3,421,H,-1.0
3,421,V,0.7575041
3,421,V,0.5904285
3,421,V,0.7140722
3,421,V,0.86325884
3,421,V,0.42786226
3,421,V,1.0
3,421,V,1.0
3,422,H,-0.039466973
3,422,H,-0.011939797
3,422,H,-0.040402245
3,422,H,-0.017556122
3,422,H,-0.31725904
3,422,H,-0.26360187
3,422,V,-0.4536963
3,422,V,-0.32692376
3,422,V,-0.41933534
3,422,V,-0.16387005
3,422,V,-0.14948128
3,422,V,-0.14212424
3,422,V,-0.1919586
3,422,V,-0.13536008
3,422,V,-0.14725682
3,423,H,0.12354431
3,423,H,0.32042387
3,423,H,0.31307977
3,423,H,0.37651768
3,423,H,0.41391766
3,423,V,0.14442112
3,423,V,0.15003516
3,423,V,0.16809134
3,423,V,0.12934908
3,424,H,-0.23235394
3,424,H,-0.14367779
3,424,H,-0.13617517
3,424,H,-0.11271036
3,424,H,-0.23262516
3,424,H,-0.116619475
3,424,H,-0.11851226
3,424,H,-0.10117492
3,424,V,-0.28294683
3,424,V,-0.0040485095
3,424,V,0.03988214
3,424,V,0.1741519
3,424,V,0.07085925
3,424,V,0.059945177
3,424,V,0.05227163
3,424,V,0.07613741
3,424,V,0.059660867
3,424,V,0.20731631
3,425,H,-0.5684869
3,425,H,-0.61700505
3,425,H,-0.79661083
3,425,V,-0.9999745
3,425,V,-0.9663745
3,425,V,-0.96397775
3,426,H,-0.24189055
3,426,H,-0.6010451
3,426,H,-0.63110054
3,426,H,-0.48548287
3,426,V,0.7454431
3,427,H,-0.06293404
3,427,H,0.16449048
3,427,H,-0.15484887
3,427,H,0.23275173
3,427,H,-0.07948787
3,427,H,0.19539095
3,427,H,-0.2122124
3,427,H,0.114775255
3,427,V,-0.29314834
3,427,V,0.086255856
3,427,V,-0.24799454
3,427,V,0.10088958
3,427,V,-0.22650127
3,427,V,0.102653496
3,427,V,0.25695857
3,428,H,-0.09260313
3,428,H,0.0057351016
3,428,H,0.06364683
3,428,H,-0.20364104
3,429,H,0.35211208
3,429,H,-0.050847813
3,429,H,-0.04634114
3,429,H,-0.030885886
3,429,H,-0.059891082
3,429,V,-0.15086634
3,429,V,0.0060178246
3,429,V,0.033428345
3,429,V,0.21419422
3,429,V,-0.1381711
3,429,V,0.057921343
3,429,V,0.029149633
3,429,V,0.03889458
3,430,H,-0.45163724
3,430,H,-0.5590344
3,430,H,-0.37719837
3,430,H,-0.15123601
3,430,H,-0.37611693
3,430,H,-0.102203175
3,430,H,-0.15062039
3,430,H,-0.15488485
3,430,H,-0.3294689
3,430,H,0.09604946
3,430,H,0.19493689
3,430,H,0.30956239
3,430,H,0.23651685
3,431,H,-1.0
3,431,H,-0.99885434
3,431,H,-1.0
3,431,H,-0.9987813
3,431,V,0.086433895
3,431,V,0.11642895
3,431,V,0.08891397
3,431,V,0.2833182
3,431,V,0.116490506
3,431,V,0.15108559
3,431,V,0.29628596
3,431,V,0.035118375
3,432,H,-0.17892823
3,432,H,-0.14173473
3,432,H,0.02122951
3,432,H,0.5486771
3,432,H,0.16719149
3,432,H,-0.24023105
3,432,H,0.1067042
3,432,H,0.8039941
3,432,H,0.21292755
3,432,H,0.16552335
3,432,H,0.04250032
3,432,H,0.7991146
3,432,H,-0.39724612
3,432,H,-0.4788686
3,432,H,-0.51543695
3,432,V,0.40255603
3,432,V,0.40546286
3,433,H,0.1085288
3,433,H,-0.09161771
3,433,H,0.12864289
3,433,H,0.06622971
3,433,H,0.15715574
3,433,H,0.12362438
3,433,H,-0.32755953
3,433,V,-0.116064176
3,433,V,-0.040006213
3,433,V,-0.1442022
3,433,V,0.05502842
3,433,V,-0.1500818
3,433,V,0.046596278
3,433,V,-0.12041872
3,433,V,-0.19036736
3,433,V,-0.04467127
3,434,H,-1.0
3,434,V,-0.6921944
3,434,V,-0.9496776
3,435,H,0.88220036
3,435,H,-0.86561537
3,435,H,0.54927665
3,435,H,-0.8393065
3,435,H,0.37553677
3,435,H,-0.98222184
3,435,V,-0.80228704
3,435,V,-0.7623992
3,436,H,1.0
3,436,H,1.0
3,436,H,1.0
3,436,H,1.0
3,436,H,1.0
3,436,V,1.0
3,436,V,1.0
3,436,V,1.0
3,437,H,0.14905769
3,437,H,0.55451953
3,437,H,0.51585835
3,437,H,-0.14844938
3,438,H,0.62371475
3,438,H,0.48674345
3,438,H,0.19579846
3,438,H,0.71632427
3,438,V,0.89641833
3,438,V,0.8677675
3,438,V,0.8005131
3,439,H,-0.0016549069
3,439,H,-0.076841794
3,439,H,-0.06273655
3,439,H,-0.021419382
3,439,H,0.01074928
3,439,H,-0.0908706
3,439,H,-0.025503317
3,439,H,-0.06856573
3,439,H,-0.5660473
3,439,H,-0.6621987
3,439,H,-0.5575842
3,439,V,-0.020707302
3,439,V,-0.05522183
3,439,V,-0.09231443
3,439,V,-0.024573129
3,439,V,-0.055295784
3,439,V,-0.10631929
3,440,H,0.02882871
3,440,H,0.02278524
3,440,H,0.23135729
3,440,H,-0.23394535
3,440,V,-0.0463541
3,440,V,0.0051455097
3,440,V,0.023928612
3,440,V,-0.31067103
3,440,V,0.01852912
3,440,V,0.024293039
3,440,V,-0.052816283
3,440,V,-0.3346464
3,441,H,-0.44646958
3,441,H,-0.6979614
3,441,H,-0.63808775
3,441,H,-0.6271691
3,441,H,-0.706818
3,441,H,0.95061177
3,441,V,1.0
3,442,H,0.10607859
3,442,H,-0.07563304
3,442,H,0.05355318
3,442,H,-0.09950125
3,442,H,-0.031950522
3,442,H,-0.20672363
3,442,H,-0.1699222
3,442,V,-0.86627364
3,442,V,-0.58741194
3,442,V,-0.5795514
3,442,V,-0.7087922
3,442,V,-0.6727812
3,443,H,1.0
3,443,V,1.0
3,443,V,1.0
3,444,V,-0.030275797
3,444,V,0.00751315
3,444,V,0.04822504
3,444,V,0.049743764
3,444,V,-0.036516674
3,444,V,-0.034791015
3,444,V,0.06725162
3,444,V,0.042711638
3,444,V,0.025321368
3,444,V,-0.0299408
3,445,V,-0.084877014
3,445,V,-0.07215906
3,445,V,-0.058747537
3,445,V,-0.0086416565
3,445,V,-0.0035273838
3,445,V,-0.044544958
3,445,V,0.06097362
3,445,V,-0.00733266
3,445,V,-0.0137969665
3,445,V,-0.009027715
3,445,V,0.057800505
3,445,V,-0.029397007
3,445,V,0.00018912376
3,445,V,-0.01178036
3,445,V,0.035856195
3,446,H,0.5385879
3,446,H,0.5849955
3,446,H,0.5720543
3,446,H,0.5384097
3,446,H,0.56796265
3,446,V,-0.2513867
3,446,V,0.24506372
3,446,V,-0.034371246
3,446,V,0.14638999
3,446,V,-0.008387595
3,446,V,0.10300706
3,446,V,0.22889197
3,446,V,0.18791743
3,447,H,0.15456419
3,447,V,-0.8290567
3,448,V,-0.012243305
3,448,V,-0.2942622
3,448,V,0.12840119
3,448,V,-0.2175174
3,448,V,-0.61518925
3,448,V,0.11363907
3,448,V,-0.06675616
3,448,V,0.09933737
3,448,V,0.16418925
3,448,V,-0.36325034
3,448,V,0.060822546
3,448,V,0.018473806
3,448,V,-0.553333
3,449,V,-0.99936295
3,449,V,-0.6908226
3,449,V,-0.78827566
3,449,V,-0.7472993
3,449,V,-0.9164247
3,449,V,-0.34307092
3,449,V,-0.34945023
3,449,V,-0.16624118
3,449,V,-0.90943503
3,449,V,-0.40411118
3,449,V,-0.33803907
3,449,V,-0.33120304
3,449,V,0.022712527
3,449,V,-0.13317241
3,450,H,-0.7903036
3,450,H,-0.6150132
3,450,H,-0.7247083
3,450,H,-0.6542169
3,450,H,-0.43142784
3,450,H,-0.00022110295
3,450,H,-0.02297439
3,450,H,0.24930662
3,450,H,0.28358784
3,450,H,0.38292012
3,450,V,0.8440516
3,450,V,0.7181967
3,450,V,0.76386553
3,450,V,0.712138
3,450,V,0.7743603
3,450,V,-0.4831095
3,450,V,-0.5210879
3,450,V,-0.35525143
3,450,V,-0.5201942
3,450,V,-0.2500513
3,451,V,-0.81834567
3,451,V,-0.37419683
3,451,V,-0.8487959
3,451,V,-0.19833122
3,451,V,-0.8347653
3,451,V,-0.26863828
3,451,V,-0.41911387
3,452,H,-0.23909214
3,452,H,-0.07431627
3,452,H,-0.14571257
3,452,H,-0.095237575
3,452,H,-0.25184217
3,452,H,-0.108743794
3,452,H,-0.06964245
3,452,H,-0.101783715
3,452,H,-0.2376992
3,452,H,-0.21622898
3,452,H,-0.21739508
3,452,H,-0.2094953
3,452,V,-0.052104812
3,452,V,-0.03924742
3,452,V,0.013450719
3,452,V,-0.025356457
3,452,V,0.029361408
3,452,V,-0.024710845
3,452,V,-0.051577084
3,452,V,-0.022769105
3,453,H,-0.03208345
3,453,H,-0.07526064
3,453,H,0.0068811118
3,453,H,0.08014642
3,453,V,-0.08279012
3,453,V,-0.13518518
3,453,V,-0.10301819
3,453,V,-0.0968012
3,454,H,0.32983777
3,455,H,-1.0
3,455,H,-1.0
3,455,H,-1.0
3,455,H,-1.0
3,455,V,1.0
3,455,V,1.0
3,455,V,1.0
3,455,V,1.0
3,456,V,1.0
3,456,V,1.0
3,456,V,1.0
3,457,H,-0.6211124
3,457,H,-0.26066083
3,457,H,-0.34779197
3,457,H,-0.20941433
3,457,H,-0.6990202
3,457,H,-0.38350603
3,457,H,-0.30863893
3,457,V,-0.3674975
3,457,V,-0.31075343
3,457,V,-0.023814434
3,457,V,-0.15620814
3,457,V,0.048402805
3,457,V,-0.07524094
3,457,V,-0.20231965
3,457,V,-0.119106
3,457,V,0.23096617
3,457,V,0.09190914
3,458,H,0.16366206
3,458,H,0.97191256
3,458,H,0.9744642
3,458,H,0.9548109
3,458,H,0.98923796
3,458,V,1.0
3,458,V,0.9953622
3,458,V,1.0
3,458,V,0.9997876
3,458,V,0.5328104
3,459,H,0.9718612
3,459,H,-0.6003634
3,459,H,0.99895275
3,459,H,-0.8327516
3,459,H,0.99833447
3,459,H,-0.78095746
3,459,H,0.99569356
3,459,H,-0.5473512
3,459,V,1.0
3,459,V,1.0
3,459,V,1.0
3,460,H,0.38558754
3,460,H,0.4184084
3,460,H,0.38384634
3,461,H,0.046019733
3,461,H,0.07893943
3,461,H,0.052442458
3,461,H,0.12039057
3,461,H,0.07472342
3,461,H,0.12776707
3,461,H,0.11757186
3,461,H,0.12919335
3,461,H,0.1327929
3,461,H,0.12842673
3,461,H,0.14988382
3,461,V,-0.99526405
3,461,V,-0.9955397
3,461,V,-0.5625834
3,461,V,-0.9949515
3,461,V,-0.5279855
3,461,V,-0.9986596
3,462,V,0.18029813
3,462,V,0.11548909
3,462,V,0.1344455
3,462,V,0.51891804
3,463,H,-0.3043659
3,463,H,0.6500439
3,463,V,1.0
3,463,V,0.9984013
3,463,V,0.9995462
3,463,V,0.9885828
3,463,V,0.9435793
3,464,H,1.0
3,464,H,1.0
3,464,H,1.0
3,464,V,-0.40498585
3,464,V,-0.6070856
3,464,V,-0.5860454
3,464,V,-0.55858827
3,465,H,0.2100247
3,465,H,0.017876077
3,465,H,-0.80745566
3,465,V,-0.78402096
3,465,V,0.04478818
3,465,V,-0.12836337
3,465,V,-0.009711991
3,465,V,-0.79331934
3,465,V,-0.13890812
3,465,V,-0.07684222
3,465,V,-0.08963854
3,465,V,-0.76911306
3,465,V,-0.19444935
3,465,V,-0.017358566
3,465,V,-0.10832401
3,465,V,-0.8102852
3,465,V,-0.13073994
3,465,V,-0.18748586
3,465,V,0.022634659
3,466,H,-0.015974121
3,466,H,0.022287391
3,466,H,-0.0034717638
3,466,H,0.021049997
3,466,H,-0.009115025
3,466,H,-0.023521343
3,466,H,-0.24140425
3,466,H,-0.20629029
3,466,H,-0.21245888
3,466,V,0.05772691
3,466,V,-0.032368686
3,466,V,-0.074844316
3,466,V,0.3511794
3,466,V,-0.010205775
3,466,V,-0.060643543
3,466,V,-0.012473308
3,466,V,0.32636726
3,466,V,0.17924786
3,467,H,-0.07968597
3,468,H,-0.7649574
3,468,H,0.8705062
3,468,H,1.0
3,468,H,1.0
3,468,H,1.0
3,468,V,0.946867
3,468,V,1.0
3,468,V,1.0
3,468,V,1.0
3,468,V,1.0
3,469,H,0.25164235
3,469,H,0.23107292
3,469,H,0.17059632
3,469,V,-0.0360153
3,469,V,-0.01582786
3,469,V,0.0057188976
3,469,V,0.06869523
3,469,V,-0.012608715
3,469,V,0.04339662
3,469,V,0.009607008
3,469,V,-0.02662861
3,470,H,-0.19961867
3,470,H,-0.095665
3,470,H,-0.123924054
3,470,H,-0.08144574
3,470,H,-0.103077285
3,470,H,-0.16551797
3,470,H,-0.34592986
3,471,H,-0.15201713
3,471,H,-0.08140936
3,472,H,-0.73454267
3,472,H,-0.9778753
3,472,H,-0.975061
3,472,H,-0.9876469
3,472,H,-0.9450967
3,472,H,0.5695036
3,472,H,0.8767026
3,472,H,0.7895832
3,472,H,0.8762186
3,472,H,0.9218189
3,473,H,-1.0
3,473,H,0.49075088
3,473,V,-0.9955048
3,473,V,-1.0
3,473,V,-1.0
3,473,V,-1.0
3,473,V,-1.0
3,474,V,-0.15183017
3,474,V,-0.13291183
3,474,V,-0.109484844
3,474,V,0.026998075
3,474,V,-0.08877738
3,474,V,0.030345954
3,474,V,-0.055263966
3,474,V,-0.0634315
3,474,V,-0.16214617
3,474,V,-0.0030433938
3,474,V,-0.0757704
3,474,V,0.17340404
3,474,V,-0.098620586
3,474,V,-0.06743767
3,474,V,0.015717002
3,475,H,-0.09075257
3,475,H,0.034576636
3,475,H,0.048571177
3,475,H,0.07316417
3,475,H,-0.089992605
3,475,H,0.03262973
3,475,H,0.056008052
3,475,H,0.0699942
3,475,V,-0.1378688
3,475,V,-0.14396453
3,475,V,-0.16778429
3,475,V,-0.034860995
3,475,V,0.0019445843
3,475,V,-0.0076933177
3,475,V,0.017670544
3,475,V,-0.19598317
3,475,V,0.0015176274
3,475,V,0.017348148
3,475,V,-0.032746952
3,475,V,0.032301504
3,475,V,0.26797917
3,476,H,0.2934787
3,476,H,0.2676663
3,476,H,0.24765743
3,476,H,0.025094906
3,476,H,0.037488334
3,476,H,0.02677887
3,476,H,0.022290377
3,476,H,0.03610564
3,476,H,0.04821851
3,476,H,-0.21149887
3,476,V,-0.11358622
3,476,V,-0.07320235
3,476,V,-0.10855137
3,476,V,-0.01884289
3,476,V,0.00928273
3,476,V,0.03735907
3,476,V,0.025518723
3,476,V,0.019575229
3,476,V,-0.002170704
3,476,V,0.088890724
3,476,V,0.078114994
3,476,V,0.14441152
3,477,H,-0.12000746
3,477,H,-0.16747358
3,477,H,-0.21766402
3,477,H,-0.19016448
3,477,H,-0.18702972
3,477,H,-0.1405107
3,477,H,-0.21104373
3,477,H,-0.15297544
3,477,H,-0.18589193
3,477,H,-0.17279686
3,477,H,-0.2477907
3,477,H,-0.3032106
3,477,H,-0.33439434
3,477,V,-0.08702776
3,477,V,-0.10105411
3,477,V,0.02496407
3,477,V,0.038840342
3,477,V,0.025624136
3,477,V,0.015238216
3,477,V,-0.074206546
3,477,V,-0.07658855
3,478,H,-0.72868776
3,478,H,-0.6700102
3,478,H,-0.54455364
3,478,H,-0.53611624
3,478,H,-0.50612265
3,478,H,-0.5671834
3,478,V,-0.12929161
3,478,V,-0.027469488
3,478,V,0.10254306
3,479,H,-1.0
3,479,H,-1.0
3,479,H,-1.0
3,479,V,1.0
3,480,H,-0.28004682
3,480,H,-0.19413327
3,480,H,0.99171656
3,480,H,0.997854
3,480,H,0.98453814
3,480,H,0.92538077
3,480,V,0.99997103
3,480,V,0.9400483
3,480,V,1.0
3,480,V,0.16627564
3,481,H,-0.13419715
3,481,H,-0.072655454
3,481,H,-0.03234939
3,481,H,-0.019864485
3,481,H,-0.008109079
3,481,H,-0.053901564
3,481,H,-0.08899898
3,481,H,0.004869181
3,481,V,-0.10178007
3,481,V,0.014390351
3,481,V,-0.013101381
3,481,V,0.102265894
3,481,V,0.10500832
3,481,V,-0.10612625
3,481,V,-0.00032308258
3,481,V,-0.027652057
3,481,V,-0.024927294
3,481,V,0.06806272
3,482,H,1.0
3,482,H,1.0
3,482,H,1.0
3,482,V,-1.0
3,483,H,0.009145676
3,483,H,-0.6045573
3,483,H,-0.6955933
3,483,H,-0.6609854
3,483,H,0.51262254
3,483,H,-0.6086242
3,483,H,-0.37810385
3,483,V,0.6861375
3,483,V,0.04459966
3,483,V,0.054593507
3,483,V,-0.36044192
3,483,V,-0.5756551
3,483,V,-0.55842865
3,483,V,-0.60216486
3,484,H,0.12658863
3,484,H,0.08004875
3,484,H,0.08570757
3,484,H,-0.0046502845
3,484,H,-0.003729949
3,484,H,0.04519579
3,484,H,-0.12878181
3,484,V,0.05081569
3,484,V,0.034918677
3,485,H,-0.009564188
3,485,H,0.034130443
3,485,H,0.009590108
3,485,H,0.19338587
3,485,H,0.000460379
3,485,H,0.018828742
3,485,H,0.16521107
3,485,H,-0.2060954
3,485,H,-0.14388034
3,485,V,0.03952869
3,485,V,0.03408832
3,485,V,0.057032965
3,485,V,0.07207208
3,485,V,0.020031065
3,485,V,0.028178312
3,485,V,0.06590237
3,485,V,0.07134994
3,485,V,0.11291619
3,486,V,-0.5640941
3,486,V,-0.47327152
3,486,V,-0.7449611
3,486,V,-0.7553558
3,486,V,-0.70853007
3,486,V,-0.772066
3,486,V,-0.69179636
3,486,V,-0.7459962
3,486,V,-0.80370724
3,486,V,-0.82174605
3,486,V,-0.83569
3,487,H,0.039166145
3,487,H,-0.08261245
3,487,H,0.067683406
3,487,H,-0.0266227
3,487,V,0.39407972
3,487,V,0.3960626
3,487,V,0.62489384
3,487,V,0.48037335
3,487,V,0.882659
3,487,V,0.8914822
3,487,V,0.9401357
3,488,H,-1.0
3,488,H,-1.0
3,488,H,-1.0
3,488,V,-0.5111523
3,488,V,-0.9449113
3,488,V,-0.93522066
3,488,V,-0.92500603
3,489,H,0.9797017
3,489,H,-0.99114215
3,489,H,0.998131
3,489,H,-0.9947882
3,489,H,0.99652714
3,489,H,-0.98906606
3,489,H,-0.996036
3,490,H,0.1716067
3,490,H,0.13783662
3,490,H,0.36108875
3,490,V,-0.051038403
3,490,V,-0.047753528
3,490,V,0.07163068
3,490,V,0.15140854
3,491,H,1.0
3,491,H,1.0
3,491,H,0.99997973
3,491,H,0.99981445
3,491,H,1.0
3,491,V,-0.6017577
3,491,V,-0.0771762
3,491,V,-0.10299803
3,491,V,0.40078583
3,492,H,-0.22826366
3,492,H,-0.26206443
3,492,H,-0.19211166
3,492,H,-0.15186204
3,492,V,-0.3628292
3,492,V,0.29311633
3,492,V,-0.46793464
3,492,V,0.2769776
3,492,V,-0.4627522
3,492,V,0.29079172
3,492,V,0.21470389
3,493,H,-0.078743994
3,493,H,-0.2554143
3,493,H,-0.18506597
3,493,H,-0.112502344
3,493,H,-0.23940799
3,493,H,-0.13764454
3,493,V,-0.7294163
3,493,V,-0.04536794
3,493,V,-0.0015823493
3,493,V,-0.021952895
3,493,V,-0.061629724
3,494,H,0.8009529
3,494,H,0.5010413
3,494,H,0.5035573
3,494,V,0.5677691
3,494,V,0.49621662
3,494,V,0.5067793
3,495,H,-1.0
3,495,H,-1.0
3,495,H,-1.0
3,495,H,-1.0
3,495,H,-1.0
3,495,H,-1.0
3,495,H,-1.0
3,495,H,-1.0
3,495,H,-1.0
3,495,H,-1.0
3,495,H,-1.0
3,495,H,-0.9913141
3,495,H,-0.9883775
3,495,H,-0.99886614
3,495,H,-1.0
3,495,V,-1.0
3,495,V,-1.0
3,495,V,-1.0
3,495,V,-1.0
3,495,V,-1.0
3,495,V,-1.0
3,495,V,-1.0
3,495,V,-1.0
3,495,V,-1.0
3,495,V,-1.0
3,495,V,-1.0
3,495,V,-1.0
3,495,V,-1.0
3,495,V,-0.9963093
3,496,V,-0.99834913
3,496,V,-0.015078461
3,496,V,-0.06159823
3,496,V,-0.100487635
3,496,V,-0.048725408
3,496,V,-0.13048853
3,496,V,0.029517978
3,496,V,0.6507445
3,497,H,0.9934615
3,497,H,0.64966506
3,497,H,0.6394494
3,497,V,-0.8455523
3,497,V,-0.7949152
3,497,V,-0.71778256
3,497,V,-0.86168766
3,497,V,-0.6572072
3,497,V,-0.6832552
3,497,V,-0.8515682
3,497,V,-0.6039108
3,497,V,-0.6392513
3,497,V,-0.8453107
3,497,V,-0.59458053
3,497,V,-0.4590297
3,498,H,0.17591472
3,498,H,0.13993016
3,498,H,-0.026152762
3,498,H,-0.0006372501
3,498,H,-0.007995248
3,498,H,0.0055029504
3,498,H,-0.0018589813
3,498,H,-0.0021685727
3,498,H,-0.0812664
3,498,H,-0.070896454
3,498,H,-0.05494516
3,498,V,-0.14386569
3,498,V,-0.15082152
3,498,V,0.01029278
3,498,V,0.031026855
3,498,V,0.03751497
3,498,V,0.043802474
3,498,V,0.03491385
3,498,V,0.01821376
3,498,V,0.07234562
3,498,V,0.114163406
3,498,V,0.13888697
3,499,H,-0.18780659
3,499,H,-0.17220098
3,499,H,-0.19450073
3,499,H,-0.09394655
3,499,H,-0.09006215
3,499,H,-0.08554609
3,499,H,-0.11497094
3,499,H,-0.08988882
3,499,H,-0.065342724
3,499,H,-0.060639072
3,499,H,-0.04904616
3,499,H,-0.03538258
3,499,V,0.19994049
3,499,V,0.21691735
3,499,V,0.019033931
3,499,V,0.06476509
3,499,V,0.038997427
3,499,V,0.077318974
3,499,V,0.032411814
3,499,V,-0.040148713
3,499,V,-0.02571858
3,499,V,-0.04410688
4,0,H,1.0
4,0,H,1.0
4,0,H,1.0
4,0,H,1.0
4,0,V,-0.997522
4,0,V,-0.99019396
4,0,V,-0.983647
4,0,V,-0.7451987
4,1,H,1.0
4,1,H,1.0
4,1,H,0.9997962
4,1,H,0.59465086
4,1,V,0.4773587
4,2,H,-0.31778342
4,2,H,0.18460582
4,2,H,0.013826873
4,2,H,-0.52035576
4,2,H,-0.053104524
4,2,H,-0.1539915
4,2,H,-0.17172684
4,2,H,-0.3248243
4,2,H,-0.6456865
4,2,H,-0.26009002
4,2,H,-0.30646974
4,2,H,-0.39106345
4,2,V,-1.0
4,2,V,-1.0
4,2,V,-1.0
4,2,V,-1.0
4,3,H,-0.029271185
4,3,H,0.06088657
4,3,H,-0.106125526
4,3,H,-0.041184276
4,3,V,-0.51632637
4,3,V,-0.6338173
4,3,V,-0.5638092
4,3,V,-0.7207866
4,3,V,-0.814527
4,4,V,0.06740874
4,4,V,-0.0070909625
4,4,V,0.026104955
4,4,V,0.5739063
4,4,V,0.13335049
4,4,V,-0.00285121
4,4,V,0.011154439
4,4,V,0.0041887546
4,4,V,0.31448317
4,4,V,0.121894814
4,4,V,0.020170448
4,4,V,0.041319706
4,4,V,0.024232911
4,4,V,0.30782685
4,5,H,1.0
4,5,V,0.8904102
4,5,V,0.589077
4,5,V,0.62996936
4,5,V,0.06116654
4,5,V,-0.6714929
4,6,H,-0.99487334
4,6,H,0.55166775
4,6,H,-0.99381727
4,6,H,-0.15220667
4,6,H,0.6648566
4,6,H,-0.5828234
4,6,H,-0.006173876
4,6,H,0.00716845
4,6,H,-0.035352763
4,6,H,0.4540827
4,6,V,0.9329788
4,6,V,0.9178935
4,6,V,0.87214714
4,7,H,-0.08654881
4,7,H,-0.28306016
4,7,H,-0.3167402
4,7,H,0.046998505
4,7,H,0.61857164
4,7,H,0.33409068
4,7,H,0.3347324
4,7,V,0.9989067
4,7,V,0.9924557
4,7,V,0.9998169
4,7,V,0.9704759
4,7,V,0.99700916
4,7,V,0.99773705
4,8,H,-1.0
4,8,V,-0.31674176
4,8,V,0.07976478
4,8,V,0.55402
4,8,V,-0.30470917
4,8,V,0.09584812
4,8,V,-0.2923374
4,8,V,0.16356361
4,8,V,-0.19354227
4,8,V,0.2133017
4,9,V,0.059176303
4,9,V,0.054390937
4,9,V,0.06403527
4,9,V,0.13556696
4,10,H,-0.3622423
4,10,H,-0.3188087
4,10,H,-0.17528336
4,10,H,-0.26103756
4,10,H,0.06392512
4,10,H,-0.4669376
4,10,H,-0.11036191
4,10,H,-0.40814918
4,10,H,-0.1557677
4,10,H,-0.30424696
4,10,H,-0.030944835
4,10,H,0.04212164
4,10,H,0.1332631
4,10,H,0.2952839
4,11,H,-1.0
4,11,H,-1.0
4,11,H,-1.0
4,11,V,-0.9656659
4,12,H,-0.72318524
4,12,H,-0.74914986
4,12,H,-0.7509209
4,12,V,-0.16422774
4,12,V,0.017639732
4,12,V,-0.15064535
4,12,V,-0.10293485
4,12,V,0.3136456
4,12,V,0.2911859
4,13,H,0.7524128
4,13,H,-0.3028745
4,13,H,-0.31381363
4,13,H,-0.8852212
4,13,H,0.90473205
4,13,H,-0.84919554
4,13,H,0.91328657
4,13,H,-0.15539491
4,13,H,-0.8313763
4,13,H,0.93524265
4,13,H,-0.74921
4,13,V,0.8965878
4,13,V,-0.7511254
4,13,V,0.9414843
4,13,V,-0.9966082
4,13,V,0.9374092
4,13,V,-0.9942172
4,13,V,0.77938193
4,13,V,-0.98241
4,14,V,1.0
4,14,V,1.0
4,14,V,1.0
4,14,V,1.0
4,15,H,0.004162422
4,15,H,0.027640674
4,15,H,0.050566986
4,15,H,-0.07765132
4,15,V,0.038784057
4,16,H,0.98260635
4,16,H,0.98632234
4,16,H,0.9799737
4,16,H,0.9919676
4,16,V,-0.99814785
4,16,V,-0.9932219
4,16,V,-0.99243873
4,16,V,-0.9919607
4,17,H,0.063851625
4,17,H,0.03924259
4,17,H,-0.017724188
4,17,H,-0.05261491
4,17,H,-0.041487526
4,17,H,-0.0023441191
4,17,H,-0.057439838
4,17,H,-0.06330709
4,17,V,-0.3358022
4,17,V,-0.041547753
4,17,V,-0.022929102
4,17,V,-0.107010804
4,17,V,-0.029191019
4,17,V,0.039507262
4,17,V,-0.07656546
4,18,H,-0.18206558
4,18,H,-0.089757405
4,18,H,-0.29012898
4,18,H,-0.14763145
4,18,H,-0.17266609
4,18,H,-0.3075754
4,19,V,-0.6438976
4,19,V,-0.7043112
4,19,V,-0.07872534
4,19,V,-0.033568855
4,19,V,0.0154584525
4,19,V,-0.09826918
4,19,V,0.0018683361
4,19,V,-0.063032374
4,19,V,-0.01026984
4,19,V,0.09432589
4,19,V,-0.0066306307
4,19,V,0.018668434
4,19,V,0.31579295
4,20,H,-0.8995139
4,20,H,-0.81297714
4,20,H,-0.90081733
4,20,H,-0.52123445
4,20,V,-0.6201131
4,20,V,0.99288386
4,20,V,-1.0
4,21,H,0.07177871
4,21,H,-0.12203892
4,21,H,-0.03327013
4,21,H,-0.06998563
4,21,H,-0.034133445
4,21,H,-0.035551403
4,21,H,-0.04398576
4,21,H,-0.37370744
4,21,H,-0.27957186
4,21,V,-0.8156313
4,21,V,-0.20030789
4,21,V,-0.14662483
4,21,V,-0.14360568
4,21,V,-0.79145503
4,21,V,-0.2181221
4,21,V,-0.13361827
4,21,V,-0.16216443
4,21,V,0.078430064
4,21,V,0.014134045
4,21,V,0.07917861
4,22,H,-0.92965573
4,22,H,-0.729862
4,22,H,-0.7272464
4,22,H,0.84527916
4,22,H,0.77715683
4,22,H,0.9999344
4,22,V,-0.8744031
4,22,V,-0.9058759
4,22,V,-0.85545576
4,22,V,-1.0
4,23,H,-0.21284886
4,23,H,-0.10924208
4,23,H,-0.036867756
4,23,H,-0.08412651
4,23,H,0.25062382
4,23,H,-0.07219545
4,23,H,-0.048398126
4,23,H,-0.05737492
4,23,H,0.18792227
4,23,H,-0.18475436
4,23,H,-0.20028399
4,23,V,-0.20737019
4,23,V,-0.26367608
4,23,V,-0.006644321
4,23,V,-0.048781075
4,23,V,-0.08267764
4,23,V,-0.065087736
4,23,V,-0.054524515
4,23,V,-0.053311072
4,23,V,0.120890506
4,23,V,0.11998295
4,24,H,-0.36416465
4,24,H,-0.5432672
4,24,H,-0.50850725
4,24,H,-0.6281612
4,24,V,1.0
4,24,V,1.0
4,24,V,0.9999998
4,24,V,1.0
4,24,V,1.0
4,24,V,1.0
4,25,H,0.090515584
4,25,H,0.997079
4,25,H,0.8013885
4,25,V,-0.14445546
4,26,H,-0.20478112
4,26,H,-0.25926542
4,26,H,0.104490764
4,26,H,-0.6913649
4,26,H,0.27701783
4,26,H,0.16008545
4,26,H,0.20007962
4,26,H,0.008183476
4,26,V,-0.21884674
4,26,V,0.076438434
4,26,V,0.30591753
4,26,V,-0.6173906
4,26,V,-0.3340167
4,26,V,0.019124506
4,26,V,0.28221655
4,26,V,-0.7615209
4,26,V,-0.11108588
4,26,V,-0.06025486
4,26,V,-0.04469927
4,26,V,-0.5991661
4,26,V,0.5072988
4,26,V,-0.29563248
4,26,V,0.0825975
4,26,V,-0.8100437
4,27,H,0.068656236
4,27,H,-0.28491104
4,27,H,-0.36390045
4,27,H,-0.3740012
4,27,H,-0.41314286
4,27,H,0.42824158
4,27,H,0.011727931
4,27,H,0.024324879
4,27,H,-0.044264745
4,27,H,-0.21273236
4,27,H,0.40535673
4,27,H,-0.10083919
4,27,H,-0.05212391
4,27,H,0.058238767
4,27,H,-0.1406438
4,27,H,0.50275147
4,27,H,0.14732768
4,27,H,0.08094431
4,27,H,0.1170306
4,27,H,-0.057256874
4,27,V,0.5219267
4,27,V,0.35741338
4,27,V,0.28705823
4,27,V,0.21326406
4,27,V,0.11309397
4,27,V,0.35841405
4,27,V,-0.18580018
4,27,V,-0.06569095
4,27,V,-0.019444281
4,27,V,-0.20666032
4,27,V,-0.40233934
4,27,V,-0.5236555
4,28,V,0.9975591
4,29,H,0.43231404
4,29,H,0.39078686
4,29,H,0.42821342
4,29,H,0.41095623
4,29,H,0.45621946
4,29,H,0.40693477
4,30,H,-1.0
4,30,H,-0.9990286
4,30,H,-0.9983318
4,30,H,1.0
4,30,H,-1.0
4,30,V,-1.0
4,30,V,-1.0
4,30,V,-1.0
4,30,V,-1.0
4,31,H,-0.9599947
4,31,H,0.92659426
4,31,H,0.9951565
4,31,H,0.99755496
4,31,H,0.9790682
4,31,V,-1.0
4,31,V,-1.0
4,31,V,-1.0
4,32,V,0.88141626
4,33,H,0.23604181
4,33,H,-0.018680431
4,33,H,0.0010678701
4,33,H,0.05634675
4,33,H,-0.031451285
4,33,H,-0.18129799
4,33,V,0.9507406
4,33,V,0.90196383
4,34,H,-0.5503541
4,34,H,-0.61104536
4,34,H,-0.7364146
4,34,H,0.5932509
4,34,H,0.73489636
4,34,H,0.7741776
4,34,H,0.822223
4,34,H,0.57174695
4,35,H,-0.126253
4,35,H,-0.16911806
4,35,H,0.19256629
4,35,H,0.19374901
4,35,H,0.3840164
4,35,V,0.8322934
4,35,V,0.7308373
4,35,V,0.64625245
4,35,V,0.76165843
4,36,H,0.20279263
4,36,H,0.25234288
4,36,H,0.22359785
4,36,H,-0.013161903
4,36,H,-0.018906772
4,36,H,0.017461656
4,36,H,-0.010294063
4,36,H,-0.0009463715
4,36,H,0.040288463
4,36,V,-0.27620327
4,36,V,-0.4362743
4,36,V,-0.54447526
4,36,V,-0.07894289
4,36,V,-0.045696627
4,36,V,-0.009670192
4,36,V,-0.07076471
4,36,V,-0.0077166953
4,36,V,-0.09778472
4,36,V,0.19813794
4,37,V,-0.14150462
4,37,V,-0.16433802
4,37,V,-0.035322435
4,37,V,0.031441856
4,38,V,0.014406253
4,38,V,0.04856332
4,38,V,-0.0019525305
4,38,V,0.09057055
4,38,V,0.01848221
4,38,V,0.028066302
4,38,V,0.026205055
4,38,V,0.011111929
4,38,V,0.037549924
4,38,V,0.09070588
4,38,V,0.056943152
4,39,H,0.17333287
4,39,H,0.17842421
4,39,H,0.21469584
4,39,H,-0.006785152
4,39,H,-0.0109955855
4,39,H,0.026375346
4,39,H,0.011417897
4,39,H,0.0013898095
4,39,H,0.023664622
4,39,V,-0.17584741
4,39,V,-0.2106563
4,39,V,-0.053681906
4,39,V,-0.039330583
4,39,V,-0.013241693
4,39,V,-0.057657443
4,39,V,0.035436075
4,39,V,0.037201278
4,40,H,0.29594225
4,41,H,0.4942905
4,41,H,0.33405915
4,41,H,0.17242427
4,41,V,-0.54986393
4,41,V,-0.47945577
4,41,V,-0.43432924
4,41,V,-0.5243978
4,41,V,-0.38364056
4,41,V,-0.491904
4,41,V,-0.35924476
4,41,V,0.13346809
4,42,V,-1.0
4,42,V,-1.0
4,42,V,-1.0
4,42,V,-1.0
4,42,V,-1.0
4,43,H,0.15888882
4,43,H,0.06314632
4,43,H,0.15711473
4,43,H,0.15997146
4,43,H,0.11505752
4,43,H,0.18511674
4,43,V,-0.031953774
4,43,V,-0.0408802
4,43,V,-0.13403648
4,43,V,-0.125919
4,43,V,-0.1269565
4,43,V,-0.10463615
4,44,H,0.14881577
4,44,H,0.15060493
4,44,H,0.23083036
4,44,H,0.04312512
4,44,H,0.046922453
4,44,H,0.05508169
4,44,H,0.06375442
4,44,H,0.027385881
4,44,H,0.048902594
4,44,V,-0.16557059
4,44,V,-0.25077647
4,44,V,0.0051719598
4,44,V,0.008491787
4,44,V,0.15874544
4,44,V,0.0016045123
4,44,V,-0.0044739223
4,44,V,0.12654483
4,44,V,0.24378555
4,45,V,0.21042775
4,45,V,0.3799556
4,45,V,0.45639816
4,45,V,-0.049334653
4,46,H,0.036765918
4,46,H,0.99941677
4,46,H,1.0
4,46,V,1.0
4,46,V,1.0
4,46,V,1.0
4,46,V,1.0
4,46,V,0.79799587
4,47,H,-0.4294396
4,47,H,-0.4632637
4,47,H,-0.067732915
4,47,V,-0.3719844
4,48,H,0.047121882
4,48,H,0.06221314
4,48,V,0.10191931
4,48,V,0.033795413
4,48,V,0.040432032
4,48,V,0.06542557
4,48,V,0.049994618
4,48,V,0.10329159
4,48,V,0.063993365
4,48,V,0.042260423
4,48,V,0.04427077
4,48,V,0.043006573
4,49,H,-1.0
4,49,H,-1.0
4,49,H,1.0
4,49,H,-0.98857033
4,49,V,-0.9777586
4,49,V,-1.0
4,50,V,0.101403095
4,50,V,0.100712255
4,50,V,0.13355416
4,50,V,0.110403135
4,51,H,-0.16832432
4,51,H,-0.17468476
4,51,H,-0.09924387
4,51,H,-0.11392223
4,51,H,-0.25351292
4,51,V,0.94137037
4,51,V,0.9563185
4,51,V,0.99809504
4,51,V,0.99655926
4,52,H,-0.051869906
4,52,H,0.014078188
4,52,H,0.0020347098
4,52,H,0.06555388
4,52,H,0.13079976
4,52,H,0.17677327
4,52,H,0.19225387
4,52,V,0.24110095
4,52,V,0.13674693
4,52,V,0.07243651
4,52,V,0.04770788
4,52,V,0.047225796
4,52,V,-0.0027629668
4,53,H,-0.20402624
4,53,H,-0.16033539
4,53,H,-0.1846576
4,53,V,0.17235221
4,53,V,0.01096897
4,53,V,0.12048662
4,53,V,0.09966883
4,53,V,0.1305381
4,53,V,0.18444665
4,53,V,0.1703781
4,54,H,-0.44068697
4,54,H,-0.37736475
4,54,H,-0.123644836
4,54,H,-0.10284038
4,54,H,-0.18625686
4,54,V,-0.0997282
4,54,V,-0.10145933
4,55,V,0.977461
4,55,V,0.6394102
4,55,V,0.9992098
4,55,V,0.99850893
4,55,V,0.7403067
4,55,V,0.99965537
4,55,V,0.9971727
4,55,V,0.76170665
4,55,V,0.9984106
4,55,V,1.0
4,55,V,0.7677286
4,56,H,0.8661866
4,56,V,-0.9892233
4,56,V,-1.0
4,57,H,-0.7276067
4,57,H,-0.3960939
4,57,H,-0.43676203
4,57,H,-0.5149913
4,57,H,0.28090703
4,57,V,0.2436454
4,57,V,0.63380986
4,57,V,0.55112946
4,57,V,0.5335948
4,57,V,0.12429459
4,57,V,0.27870107
4,57,V,0.10602986
4,57,V,0.39734858
4,57,V,0.3407929
4,57,V,-0.2732183
4,57,V,-0.11410312
4,57,V,0.35027835
4,57,V,-0.010556242
4,58,H,0.03329791
4,58,H,-0.078877196
4,58,V,0.02024905
4,59,H,-0.99794626
4,59,H,-0.99889624
4,59,H,-0.9979
4,59,H,-0.9843561
4,59,V,1.0
4,59,V,1.0
4,59,V,1.0
4,60,H,0.19376361
4,60,H,0.19295585
4,60,H,0.2207292
4,60,H,0.24788433
4,60,H,0.20506918
4,60,H,-0.47974068
4,60,H,-0.22984533
4,60,H,-0.22665451
4,60,H,-0.17263068
4,60,H,-0.021442767
4,60,H,-0.41982353
4,60,H,-0.1603899
4,60,H,-0.17278682
4,60,H,-0.25270554
4,60,H,-0.009556205
4,60,V,-0.4886397
4,60,V,-0.098749965
4,60,V,-0.06280863
4,60,V,0.5867964
4,61,H,0.6830264
4,61,H,0.854276
4,61,H,0.82689714
4,61,H,0.8958117
4,61,V,0.9527267
4,62,H,-1.0
4,62,H,-1.0
4,62,H,1.0
4,62,H,1.0
4,62,H,1.0
4,62,H,1.0
4,62,V,1.0
4,62,V,1.0
4,62,V,1.0
4,62,V,-1.0
4,62,V,-1.0
4,62,V,-1.0
4,62,V,-1.0
4,62,V,-1.0
4,63,H,-0.7046451
4,63,V,-0.15804835
4,63,V,-0.43818414
4,63,V,-0.43986246
4,63,V,-0.46928903
4,64,H,-0.023781102
4,64,H,0.012621725
4,64,H,-0.007414099
4,64,H,-0.019240173
4,64,H,-0.02678163
4,64,H,0.017756296
4,64,H,-0.05611927
4,64,H,-0.0010294912
4,64,H,-0.010889929
4,64,H,-0.07100608
4,64,H,-0.043254603
4,64,H,-0.054204054
4,64,V,-0.26425594
4,64,V,-0.20895559
4,64,V,-0.19904327
4,64,V,-0.10109845
4,64,V,-0.059285533
4,64,V,-0.064833835
4,64,V,-0.052266397
4,64,V,-0.03401799
4,64,V,-0.09034648
4,64,V,-0.12895097
4,64,V,-0.099816434
4,64,V,-0.14246282
4,65,H,-0.25201195
4,65,H,-0.12543298
4,65,H,-0.32836694
4,65,H,-0.33381915
4,65,H,0.4214787
4,65,H,0.47949556
4,65,H,0.4786279
4,65,H,0.26544496
4,65,V,0.5999004
4,65,V,0.5765976
4,65,V,0.38324854
4,65,V,-0.04848551
4,65,V,-0.07883169
4,66,H,-1.0
4,66,H,-1.0
4,66,H,-1.0
4,66,H,-1.0
4,66,V,1.0
4,66,V,1.0
4,66,V,1.0
4,66,V,1.0
4,67,V,0.30111554
4,67,V,0.08600522
4,67,V,0.12333501
4,67,V,-0.004931905
4,68,V,1.0
4,69,H,-1.0
4,69,H,-1.0
4,69,H,-1.0
4,69,H,-1.0
4,69,V,0.06259326
4,69,V,-0.26180047
4,69,V,-0.15709406
4,69,V,-0.41216838
4,69,V,0.12645197
4,70,H,0.24521866
4,70,V,0.020934407
4,70,V,0.10494437
4,70,V,-0.3055914
4,70,V,-0.3201772
4,70,V,-0.259764
4,70,V,-0.55009514
4,70,V,-0.25710478
4,71,H,1.0
4,71,H,1.0
4,71,H,1.0
4,71,H,1.0
4,71,V,-1.0
4,71,V,-1.0
4,71,V,-1.0
4,71,V,-1.0
4,72,H,1.0
4,72,H,1.0
4,72,H,1.0
4,72,H,1.0
4,73,V,-0.82734483
4,73,V,-0.86054677
4,73,V,-0.8458716
4,73,V,-0.69219613
4,74,H,-1.0
4,74,H,-1.0
4,74,H,-1.0
4,74,H,-0.99200773
4,74,V,-1.0
4,74,V,-1.0
4,74,V,-1.0
4,74,V,-1.0
4,75,H,0.01524985
4,75,H,-0.071670674
4,75,V,0.9675753
4,75,V,0.8404417
4,75,V,-0.3424677
4,76,H,0.48241484
4,76,H,0.4352422
4,76,H,0.7420406
4,76,H,0.73234564
4,76,V,-0.05911638
4,77,H,0.16996099
4,77,H,0.43570918
4,77,H,0.017554445
4,77,H,0.031077195
4,77,H,-0.0686081
4,77,H,0.040884007
4,77,H,-0.06052159
4,77,H,-0.030452529
4,77,H,0.12949358
4,77,H,-0.113605514
4,77,H,0.018882783
4,77,H,0.14447412
4,77,H,-0.27019554
4,77,V,-0.5436669
4,77,V,-0.4418167
4,77,V,-0.20399866
4,77,V,-0.36607096
4,78,H,0.98074913
4,78,H,0.8502845
4,78,H,-0.17447639
4,78,H,-0.22979802
4,78,H,-0.13572544
4,78,H,-0.86389875
4,78,H,0.87368286
4,78,H,-0.16857433
4,78,H,-0.11428701
4,78,H,-0.21231571
4,78,H,-0.83467424
4,78,H,-0.52168155
4,78,H,-0.5941564
4,78,H,-0.95670384
4,78,V,-1.0
4,78,V,0.4061657
4,78,V,-0.4290625
4,78,V,-0.43030426
4,78,V,-0.43725678
4,78,V,-0.9767953
4,78,V,0.34480193
4,78,V,-0.42391032
4,78,V,-0.40458673
4,78,V,-0.42240256
4,78,V,-0.9727894
4,78,V,0.5029744
4,78,V,-0.19174255
4,78,V,-0.29927054
4,78,V,-0.22388464
4,78,V,-0.9319591
4,79,H,0.16974048
4,79,H,0.24612676
4,79,H,0.26477385
4,79,H,0.14504004
4,79,V,-0.9973818
4,79,V,-0.9955668
4,79,V,-0.9997572
4,79,V,-0.97686267
4,80,V,-0.99886256
4,80,V,-0.89332765
4,80,V,-0.8708283
4,81,H,-0.9547551
4,81,H,-0.97560716
4,81,H,-0.97359806
4,81,H,-0.9630585
4,81,H,0.48211247
4,81,H,0.5764904
4,81,V,0.94645274
4,81,V,0.6306952
4,81,V,0.65943754
4,81,V,0.59275436
4,81,V,-0.5271738
4,81,V,-0.6781364
4,81,V,-0.6369585
4,82,V,0.2403509
4,82,V,0.5499138
4,82,V,0.3073219
4,82,V,0.3269662
4,82,V,0.5732234
4,82,V,0.63055646
4,83,H,-0.5522586
4,83,H,-0.61183846
4,83,H,-0.6840343
4,83,H,-0.11413016
4,83,V,0.70719516
4,83,V,0.6035508
4,84,H,-1.0
4,84,H,1.0
4,84,H,0.41336933
4,84,H,0.74715024
4,84,H,1.0
4,84,H,0.19853358
4,84,H,0.6639092
4,84,H,1.0
4,84,H,0.63188756
4,84,H,1.0
4,84,H,0.2738051
4,84,H,0.79118764
4,85,H,1.0
4,85,H,0.9997402
4,85,H,1.0
4,85,V,0.5941462
4,85,V,0.46633232
4,85,V,0.3885707
4,85,V,0.47457364
4,85,V,0.29693413
4,85,V,-0.33958882
4,85,V,-0.4976736
4,85,V,-0.30996275
4,85,V,-0.2239926
4,86,H,0.103654616
4,86,H,-0.087637566
4,86,H,-0.06269779
4,86,H,-0.21960941
4,86,V,-0.15962303
4,86,V,0.24847332
4,86,V,-0.08766993
4,86,V,0.26519102
4,86,V,0.07532893
4,86,V,-0.092845365
4,87,V,0.9997781
4,87,V,0.9997852
4,87,V,1.0
4,87,V,0.9810738
4,88,H,0.6610277
4,88,V,0.2664236
4,88,V,1.0
4,89,H,-0.97248024
4,89,H,-0.9688796
4,89,H,-0.98390216
4,89,H,-0.9063298
4,90,V,0.89975363
4,90,V,0.87420785
4,90,V,0.94834745
4,90,V,0.85255086
4,90,V,0.910016
4,90,V,0.90273523
4,90,V,0.7371795
4,90,V,0.59035635
4,90,V,0.48687774
4,90,V,0.1857635
4,91,H,-0.0073893378
4,91,H,-0.10412927
4,91,H,-0.109882586
4,91,H,-0.15463439
4,92,H,-1.0
4,92,H,-1.0
4,92,H,-1.0
4,92,H,-1.0
4,92,H,-1.0
4,92,V,0.9994119
4,92,V,1.0
4,92,V,1.0
4,92,V,1.0
4,92,V,1.0
4,93,H,-0.022662165
4,93,H,0.21790755
4,93,V,0.37571272
4,93,V,0.28403974
4,93,V,0.37417957
4,93,V,0.22274101
4,93,V,0.25656748
4,93,V,0.34975964
4,93,V,0.25343302
4,93,V,0.2810774
4,93,V,0.26019895
4,93,V,0.30063206
4,93,V,0.052588575
4,93,V,0.2498279
4,94,H,0.99847347
4,94,H,0.9900461
4,94,H,-0.051513445
4,94,H,-0.17032418
4,94,H,-0.38742295
4,94,H,-0.09536831
4,94,H,-0.11575403
4,94,H,-0.36827043
4,94,H,-0.9957556
4,94,H,-0.9997699
4,94,H,-0.9985978
4,94,V,-1.0
4,94,V,0.20186022
4,94,V,-0.06916727
4,94,V,-0.09722351
4,94,V,0.1965461
4,94,V,-0.0440788
4,94,V,-0.13212474
4,94,V,0.94209445
4,95,H,0.24968481
4,95,H,0.40473595
4,95,H,0.32846546
4,95,H,-0.6444672
4,95,H,-0.67017156
4,95,H,-0.49770448
4,95,H,0.55341387
4,95,H,0.62732464
4,95,H,0.5682102
4,95,V,0.2601781
4,95,V,0.17872119
4,95,V,0.20708483
4,95,V,0.15264575
4,96,H,0.07394057
4,96,H,-0.22590391
4,96,H,-0.47157392
4,96,H,0.1493953
4,96,V,-0.14170694
4,96,V,0.05583226
4,96,V,0.1477065
4,96,V,0.17215821
4,96,V,-0.11852151
4,96,V,0.105944045
4,96,V,0.039277315
4,97,H,-1.0
4,97,H,-1.0
4,97,H,-1.0
4,97,H,-1.0
4,97,H,-0.9994286
4,97,H,-1.0
4,97,V,0.9661862
4,97,V,0.99708873
4,98,H,0.21683504
4,98,H,-0.014372644
4,98,V,-0.18832263
4,98,V,0.57137316
4,99,H,-0.10523188
4,99,H,-0.098877445
4,99,H,-0.056288134
4,99,H,-0.09237054
4,99,H,-0.06422083
4,99,H,-0.10070188
4,99,H,-0.12329591
4,99,H,-0.07524846
4,99,H,-0.045879953
4,99,H,-0.051579267
4,99,V,-0.35165069
4,99,V,-0.34339225
4,99,V,-0.022719063
4,100,H,-0.050201252
4,100,H,0.121563
4,100,H,0.082790576
4,100,H,0.03959972
4,101,H,-0.9999542
4,101,H,-1.0
4,101,H,-1.0
4,101,H,-1.0
4,101,H,-1.0
4,101,V,0.99357694
4,101,V,1.0
4,101,V,0.99027103
4,101,V,0.9986639
4,101,V,1.0
4,102,H,-0.016759979
4,102,H,0.8701038
4,102,H,0.803729
4,102,H,0.67577064
4,102,H,0.71739143
4,102,H,0.81445026
4,102,H,0.92044586
4,102,H,0.8273886
4,102,H,0.63161796
4,102,H,0.80403674
4,102,H,0.7950583
4,102,V,0.7775899
4,103,H,-0.40081173
4,103,H,-0.2227311
4,103,H,-0.39591065
4,103,H,0.5687025
4,103,H,0.67725164
4,103,V,-0.14103815
4,104,H,-0.74552244
4,104,H,-0.61728
4,104,H,-0.63141644
4,104,V,-0.6018338
4,104,V,-0.17577462
4,104,V,-0.18466792
4,104,V,-0.06455395
4,104,V,-0.20805441
4,104,V,0.18045849
4,105,H,-0.108753376
4,105,H,-0.23341131
4,105,H,-0.32120755
4,105,H,0.037086718
4,105,H,0.07643874
4,105,V,0.07793606
4,105,V,0.17727973
4,105,V,0.23060896
4,105,V,0.031655684
4,105,V,-0.02202448
4,105,V,0.035467044
4,105,V,0.0036738971
4,105,V,-0.03622801
4,105,V,-0.022134112
4,106,V,-0.26828092
4,106,V,-0.35091937
4,106,V,-0.34308177
4,106,V,-0.32628113
4,107,H,-0.92714816
4,107,H,-0.47099718
4,107,H,-0.008768346
4,107,H,0.23706332
4,107,H,0.20447546
4,107,H,-0.98941946
4,107,H,-0.28435472
4,107,V,-0.9999594
4,107,V,-1.0
4,107,V,-1.0
4,108,H,-0.9696519
4,108,H,-0.976084
4,108,H,-0.96405345
4,108,H,-0.9345642
4,108,V,0.347188
4,108,V,0.19620173
4,108,V,0.43553147
4,108,V,-0.025587605
4,108,V,0.254281
4,108,V,0.1884274
4,108,V,0.2923076
4,108,V,-0.13480963
4,108,V,0.29314837
4,109,H,-0.25130013
4,109,H,-0.3677405
4,109,H,-0.4668662
4,109,H,-0.5541432
4,109,H,-0.476994
4,109,V,-0.35198608
4,109,V,-0.23630776
4,109,V,-0.19591075
4,109,V,-0.2503637
4,109,V,-0.05847043
4,110,H,-0.087315224
4,110,H,0.28855073
4,110,H,0.36771092
4,110,H,0.42059132
4,110,H,0.70973206
4,110,V,0.70524025
4,110,V,0.66890323
4,110,V,0.6867376
4,110,V,0.8216416
4,111,H,-0.74103373
4,111,H,-0.9416426
4,111,H,-0.79260963
4,111,H,-0.785035
4,111,H,0.3374018
4,111,H,-0.30078325
4,112,H,0.009943933
4,112,H,0.13653132
4,112,H,-0.009492575
4,112,H,0.32561275
4,112,H,0.16104083
4,112,H,0.37298363
4,112,H,0.16465653
4,112,H,0.4102542
4,112,H,0.38729233
4,112,H,0.48042515
4,112,H,0.5056361
4,112,H,0.3654107
4,112,V,0.4597411
4,112,V,0.63964784
4,112,V,0.6090429
4,112,V,0.34276998
4,112,V,0.5565362
4,112,V,0.7238096
4,112,V,0.40357342
4,112,V,0.64150697
4,112,V,0.65862393
4,112,V,0.43813974
4,112,V,0.34797695
4,112,V,0.428922
4,112,V,0.588804
4,113,H,-0.9821979
4,113,H,0.7926718
4,113,V,1.0
4,113,V,1.0
4,113,V,1.0
4,113,V,1.0
4,113,V,1.0
4,114,V,-0.0019967589
4,114,V,-0.013266763
4,114,V,-0.05483132
4,114,V,0.07238933
4,114,V,0.061923582
4,114,V,-0.06535922
4,114,V,0.10532694
4,114,V,0.012684438
4,114,V,0.19778374
4,114,V,0.15190588
4,115,H,-1.0
4,115,H,-1.0
4,115,H,-1.0
4,115,H,-1.0
4,115,H,-1.0
4,115,H,-1.0
4,115,V,1.0
4,115,V,1.0
4,115,V,1.0
4,115,V,1.0
4,115,V,1.0
4,115,V,1.0
4,115,V,1.0
4,115,V,1.0
4,115,V,1.0
4,116,H,-0.62102014
4,116,H,-0.6353289
4,116,H,-0.7455914
4,116,H,-0.59923166
4,116,V,-0.23571575
4,116,V,-0.09635804
4,116,V,0.05784962
4,116,V,0.39790028
4,117,H,0.70631194
4,117,H,0.78940135
4,117,H,0.8318084
4,118,V,-0.97259104
4,118,V,-0.83920354
4,118,V,-0.93477833
4,118,V,-0.8866124
4,119,H,0.08865228
4,119,H,0.05913331
4,119,H,-0.8581447
4,119,H,0.021730771
4,119,H,-0.006039977
4,119,H,-0.82667464
4,120,V,-1.0
4,120,V,1.0
4,121,H,1.0
4,121,H,1.0
4,121,H,1.0
4,121,H,1.0
4,121,H,1.0
4,121,H,1.0
4,121,H,1.0
4,121,H,1.0
4,121,H,1.0
4,121,H,1.0
4,121,H,1.0
4,121,H,1.0
4,121,H,1.0
4,121,H,1.0
4,121,V,1.0
4,121,V,1.0
4,121,V,1.0
4,121,V,0.9931672
4,121,V,1.0
4,121,V,1.0
4,121,V,0.9977516
4,121,V,1.0
4,121,V,1.0
4,121,V,1.0
4,121,V,0.9919424
4,121,V,1.0
4,121,V,1.0
4,121,V,0.9319002
4,122,H,0.59280115
4,122,V,-0.8424012
4,122,V,-0.40230468
4,122,V,-0.9935336
4,122,V,-1.0
4,122,V,-0.746795
4,122,V,-0.99535835
4,122,V,-0.71062404
4,123,H,-0.1565577
4,123,H,-0.19333789
4,123,H,-0.22349538
4,123,H,-0.23898643
4,123,H,-0.17345208
4,123,H,-0.19893034
4,123,H,-0.21660523
4,123,H,-0.21069872
4,123,H,-0.2009655
4,123,H,-0.12808661
4,123,V,-0.19526625
4,123,V,-0.16800836
4,123,V,-0.18287817
4,123,V,-0.16995956
4,124,H,0.13028657
4,124,H,0.51107126
4,124,H,-0.1756311
4,124,H,0.07587008
4,124,H,-0.08548309
4,124,H,-0.5706433
4,124,H,0.10681937
4,124,H,0.10253204
4,124,H,-0.20144238
4,124,H,-0.27635416
4,124,H,-0.022595935
4,124,H,0.1316533
4,124,H,0.14494625
4,124,V,-0.25057212
4,124,V,0.14696915
4,124,V,0.059250128
4,124,V,-0.14248905
4,125,H,-1.0
4,125,H,-1.0
4,125,H,-1.0
4,126,H,1.0
4,126,H,1.0
4,126,H,1.0
4,126,H,1.0
4,126,V,1.0
4,126,V,1.0
4,127,V,-0.15534674
4,127,V,-0.09932978
4,127,V,-0.2516512
4,127,V,0.0048138243
4,127,V,-0.0080118915
4,127,V,0.10069297
4,127,V,0.09584655
4,127,V,0.15711227
4,128,H,-1.0
4,128,H,-1.0
4,128,H,-1.0
4,128,H,-1.0
4,128,V,1.0
4,128,V,1.0
4,128,V,1.0
4,128,V,1.0
4,129,H,0.032113772
4,129,H,0.11474537
4,129,H,0.053270698
4,129,H,-0.03891441
4,129,H,-0.027948154
4,129,V,-0.034302354
4,129,V,-0.111313954
4,129,V,0.058175545
4,129,V,-0.008131
4,129,V,-0.021765774
4,129,V,0.0636109
4,129,V,0.082990885
4,129,V,0.103454284
4,129,V,0.08479941
4,130,H,-0.20850712
4,130,H,-0.18833989
4,130,H,-0.17142527
4,130,V,0.012012056
4,130,V,-0.14127508
4,130,V,-0.27365375
4,130,V,0.020446366
4,130,V,-0.07002644
4,130,V,-0.20270456
4,130,V,0.008893189
4,130,V,-0.084030546
4,130,V,-0.21459715
4,130,V,0.273745
4,130,V,-0.050598804
4,131,H,0.75361705
4,131,H,0.7530626
4,131,H,0.24519749
4,131,H,0.47084463
4,131,H,0.2909518
4,131,H,0.31048036
4,131,H,0.36574015
4,131,V,-1.0
4,131,V,-1.0
4,132,V,0.21516496
4,132,V,0.17868035
4,132,V,0.14826429
4,132,V,0.19867751
4,132,V,-0.042760056
4,132,V,0.044198755
4,132,V,-0.027408425
4,132,V,0.022772117
4,132,V,0.05823519
4,132,V,-0.014479082
4,132,V,-0.24015658
4,132,V,-0.22265166
4,132,V,-0.12752111
4,132,V,-0.14818606
4,132,V,-0.43082127
4,133,V,-0.27034155
4,133,V,-0.031691942
4,133,V,-0.09528692
4,133,V,-0.09201144
4,133,V,-0.08219592
4,133,V,-0.29742664
4,133,V,-0.012173514
4,133,V,-0.085220516
4,133,V,-0.09866747
4,133,V,-0.0833434
4,133,V,-0.31042627
4,134,H,1.0
4,134,H,-0.9984157
4,134,H,1.0
4,134,H,-0.9997954
4,134,H,1.0
4,134,H,-0.99930495
4,134,H,1.0
4,134,H,-0.9898231
4,134,V,1.0
4,134,V,-0.99951303
4,134,V,1.0
4,134,V,-1.0
4,134,V,1.0
4,134,V,-1.0
4,134,V,1.0
4,134,V,-1.0
4,135,H,0.67412037
4,135,H,0.78896284
4,135,H,0.7931932
4,135,H,1.0
4,136,V,0.494744
4,136,V,0.48111275
4,136,V,0.46870977
4,136,V,0.45827016
4,137,H,0.67522895
4,137,H,-0.91888756
4,137,H,0.6896221
4,137,H,0.6510647
4,138,H,-0.9992262
4,138,H,-1.0
4,138,H,-1.0
4,138,H,-1.0
4,138,H,-1.0
4,139,V,-0.22657776
4,139,V,-0.28992248
4,139,V,-0.28814244
4,139,V,-0.07084002
4,140,H,0.16042212
4,140,H,0.001959808
4,140,H,-0.045901757
4,140,H,-7.976131e-05
4,140,H,-0.018690962
4,140,H,-0.05233089
4,140,V,0.017053086
4,140,V,-0.055564694
4,140,V,0.15308435
4,140,V,0.27103728
4,140,V,0.124544926
4,140,V,0.20610261
4,141,H,-0.017043203
4,141,H,0.01098172
4,141,H,0.08823448
4,141,H,-0.118989184
4,141,V,1.0
4,141,V,1.0
4,141,V,1.0
4,141,V,1.0
4,142,H,-0.5142069
4,142,H,-0.4935039
4,142,H,-0.47113618
4,142,H,-0.36292997
4,143,H,0.072683215
4,143,H,-0.040105127
4,143,H,-0.21899399
4,143,H,-0.08722371
4,143,H,0.036052026
4,143,H,-0.01894281
4,143,H,-0.13510771
4,143,H,-0.22540292
4,143,H,0.0021844315
4,143,V,-0.25903606
4,143,V,-0.08355717
4,143,V,0.08356626
4,143,V,-0.0051833135
4,143,V,0.06345306
4,143,V,-0.032040745
4,143,V,0.039884463
4,143,V,-0.0050897165
4,143,V,0.08330887
4,144,H,-0.52514976
4,144,H,-0.5989541
4,144,H,-0.42015135
4,144,H,0.1934509
4,144,H,0.60422796
4,145,H,0.017092142
4,145,H,0.06814181
4,145,H,0.009468384
4,145,H,-0.049002387
4,145,H,0.19910412
4,145,H,0.05450065
4,145,H,-0.06173148
4,145,H,0.038035676
4,145,H,0.2893275
4,145,H,-0.050303694
4,145,H,0.026761217
4,145,H,-0.008864063
4,145,H,0.20915309
4,145,H,0.15172087
4,145,H,0.111987576
4,145,H,0.1722109
4,146,H,-0.3622928
4,146,H,-0.17144863
4,146,H,-0.031425264
4,146,H,-0.3159388
4,146,H,-0.098664284
4,146,H,-0.3603852
4,146,H,-0.040642504
4,146,H,-0.116181195
4,146,V,0.34727302
4,146,V,0.43948475
4,146,V,0.4496425
4,146,V,0.5813336
4,147,H,0.07210331
4,147,H,0.22624621
4,147,H,0.1860967
4,147,H,0.120644405
4,148,V,-0.0183695
4,148,V,0.08217126
4,148,V,-0.039257444
4,148,V,-0.051603764
4,148,V,0.119552225
4,148,V,-0.053669985
4,148,V,0.04832758
4,148,V,-0.017846107
4,148,V,-0.0007064093
4,148,V,-0.13871899
4,148,V,0.05535697
4,148,V,-0.039662134
4,148,V,0.07866601
4,148,V,-0.12501012
4,148,V,-0.12604928
4,148,V,0.023127738
4,149,H,-0.00598461
4,149,H,0.1395492
4,149,H,0.1556422
4,149,H,0.111647144
4,149,H,0.11050742
4,149,V,0.13832077
4,149,V,0.122698314
4,149,V,0.011911377
4,149,V,-0.061926223
4,149,V,-0.0732561
4,150,H,0.9976648
4,150,H,0.96339005
4,150,H,0.9780001
4,150,H,0.9252253
4,150,V,1.0
4,150,V,1.0
4,150,V,1.0
4,151,H,-1.0
4,151,H,-1.0
4,151,H,-1.0
4,151,H,-1.0
4,151,V,-1.0
4,151,V,-1.0
4,151,V,-1.0
4,151,V,-1.0
4,152,H,0.051684614
4,152,H,0.024952754
4,152,H,0.0409268
4,152,H,0.026252998
4,152,V,-0.39764774
4,152,V,-0.37255672
4,152,V,-0.3239515
4,153,H,0.14777838
4,153,H,0.36018977
4,153,H,0.034155104
4,153,H,-0.004843383
4,153,H,0.018002426
4,153,H,-0.077558756
4,153,H,-0.07769039
4,153,H,-0.22076827
4,153,V,-0.9820746
4,153,V,-0.98700947
4,154,H,0.045823064
4,154,H,0.029324073
4,154,H,-0.074223794
4,154,H,0.14559704
4,154,H,-0.03973918
4,154,H,-0.18266107
4,154,H,-0.046212103
4,154,H,-0.14906995
4,154,H,-0.13997675
4,154,H,-0.053786468
4,154,H,-0.0872671
4,154,H,-0.06092005
4,154,H,-0.2434066
4,154,H,-0.2978117
4,154,H,-0.16156147
4,154,H,-0.052820966
4,155,V,0.55365074
4,155,V,0.3339493
4,155,V,0.38050652
4,155,V,0.35994864
4,155,V,0.24372588
4,155,V,-0.95693666
4,156,H,0.18612833
4,156,H,0.3497046
4,156,H,0.07860199
4,156,H,0.14615232
4,156,H,0.11594677
4,156,H,-0.0063824784
4,156,H,0.003686479
4,156,H,-0.0077552255
4,156,V,-0.874916
4,156,V,-0.9687505
4,156,V,-0.9852192
4,156,V,-0.9826666
4,156,V,-0.98825157
4,157,H,-0.1119737
4,157,H,-0.08485813
4,157,V,-0.5479373
4,157,V,-0.49810454
4,157,V,-0.21267217
4,157,V,-0.1674377
4,157,V,-0.16985528
4,157,V,-0.15728237
4,157,V,-0.089112245
4,157,V,-0.199894
4,157,V,-0.15483266
4,157,V,-0.16871746
4,157,V,-0.16184787
4,157,V,-0.095458835
4,158,H,-0.9995424
4,158,H,-0.9994743
4,158,H,-1.0
4,158,H,-1.0
4,158,H,-0.98864996
4,158,V,1.0
4,158,V,0.99852437
4,158,V,1.0
4,158,V,1.0
4,158,V,0.99733657
4,158,V,-0.9974984
4,159,H,0.09585383
4,159,H,0.11701568
4,159,H,0.096834905
4,159,H,0.0026042962
4,159,H,0.0058301585
4,159,H,0.016007885
4,159,H,0.00068597094
4,159,H,0.010245106
4,159,H,0.023138143
4,159,H,-0.097179495
4,159,H,-0.09729551
4,159,H,-0.0947411
4,159,V,-0.10738746
4,159,V,-0.10771271
4,159,V,-0.12783818
4,159,V,-0.01071755
4,159,V,0.0015636212
4,159,V,0.0033928072
4,159,V,-0.0049272915
4,159,V,0.008471167
4,159,V,-0.0017644976
4,159,V,0.03754837
4,159,V,0.06489492
4,159,V,0.0893943
4,160,V,-0.2215768
4,160,V,0.014349873
4,160,V,0.026897855
4,160,V,-0.00013600542
4,161,H,0.014191061
4,161,H,0.27390096
4,161,H,0.32270244
4,161,H,0.31771952
4,161,V,0.98695153
4,162,H,-0.21205316
4,162,H,-0.16071346
4,162,H,-0.1239441
4,162,H,-0.011762682
4,163,H,0.30348843
4,163,H,0.15188327
4,163,H,0.16474621
4,163,V,0.21692416
4,163,V,0.24555933
4,163,V,0.23395662
4,163,V,-0.0166894
4,164,H,-0.9996592
4,164,H,-1.0
4,164,H,-1.0
4,164,H,-1.0
4,164,H,-1.0
4,164,H,1.0
4,164,H,1.0
4,164,H,1.0
4,164,H,1.0
4,164,H,1.0
4,165,H,1.0
4,165,H,0.9168299
4,165,H,0.9959113
4,165,H,0.9579023
4,165,H,0.9983938
4,165,V,1.0
4,165,V,1.0
4,165,V,1.0
4,165,V,0.9773572
4,165,V,0.9711287
4,165,V,1.0
4,166,V,-0.017126502
4,166,V,-0.009412296
4,166,V,-0.10359387
4,166,V,0.0679469
4,166,V,-0.23942305
4,166,V,-0.20743683
4,166,V,-0.075733125
4,166,V,-0.24309419
4,166,V,-0.19483565
4,166,V,-0.07746229
4,166,V,-0.30365074
4,166,V,-0.2460478
4,166,V,-0.27480894
4,166,V,-0.16280046
4,167,H,-0.2925437
4,167,H,-0.26686803
4,167,H,-0.21707958
4,167,H,-0.21167016
4,167,V,-1.0
4,167,V,-1.0
4,167,V,-1.0
4,167,V,-1.0
4,168,H,0.086103335
4,168,H,-0.15862481
4,168,H,-0.22359832
4,168,H,-0.009427545
4,168,H,-0.023351531
4,168,H,0.06739384
4,168,V,0.6845536
4,169,V,0.28651184
4,169,V,0.2761998
4,169,V,0.28533295
4,169,V,0.23580852
4,170,V,0.08798969
4,170,V,-0.8781101
4,170,V,-0.8612301
4,170,V,-0.9583895
4,171,H,-0.024960114
4,171,H,0.09153646
4,171,H,0.09848616
4,171,H,0.20383601
4,171,V,-0.40853253
4,171,V,-0.25276393
4,171,V,-0.2967321
4,171,V,-0.22579241
4,171,V,-0.3494925
4,172,H,-0.9497547
4,172,H,0.8050463
4,172,H,0.20212628
4,172,H,0.24349436
4,172,H,0.052160505
4,172,H,-0.4031026
4,172,V,0.53506804
4,173,H,0.12708673
4,173,H,-0.011602422
4,173,H,-0.0050428943
4,173,H,-0.27769595
4,174,H,-0.051619075
4,174,H,-0.10215786
4,174,H,-0.036591798
4,174,H,-0.29250374
4,174,V,-0.5210705
4,174,V,-0.41206947
4,174,V,-0.40554625
4,175,H,0.7623909
4,175,H,0.61368746
4,175,H,0.5445302
4,175,V,0.47310147
4,175,V,0.34075287
4,175,V,0.4594611
4,175,V,-0.19164743
4,176,V,-0.20787957
4,176,V,-0.094971895
4,176,V,-0.15035802
4,176,V,0.19901527
4,176,V,0.017255617
4,176,V,0.14136954
4,176,V,0.062746026
4,176,V,-0.070383035
4,176,V,0.10502429
4,176,V,0.5575884
4,176,V,0.23396991
4,176,V,0.28257465
4,177,H,1.0
4,177,H,1.0
4,177,H,1.0
4,177,H,1.0
4,177,V,-0.97775644
4,177,V,-0.99834126
4,177,V,-0.9980992
4,177,V,-0.9925704
4,178,H,-0.10978408
4,178,H,-0.031352237
4,178,H,0.043660823
4,178,V,-0.20009156
4,178,V,-0.072236896
4,178,V,-0.15654068
4,178,V,-0.069080256
4,178,V,-0.3245249
4,179,H,0.5652726
4,179,V,-0.20304969
4,179,V,-0.91221327
4,179,V,-0.89526075
4,179,V,-0.9402346
4,180,H,0.041082006
4,180,H,0.0287124
4,180,H,0.014818408
4,180,H,0.056953058
4,180,H,0.028605202
4,180,H,0.054726314
4,180,H,0.004110394
4,180,H,-0.0037277755
4,180,H,-0.0034330057
4,180,H,-0.008665099
4,180,H,0.0320434
4,180,H,0.013994068
4,180,H,-0.010249891
4,180,H,-0.010185515
4,180,H,-0.011429161
4,180,H,0.046809115
4,180,H,-0.04371893
4,180,H,-0.053748496
4,180,H,-0.06635909
4,180,H,-0.05531268
4,181,V,-0.30676466
4,181,V,-0.23212464
4,181,V,0.016449379
4,181,V,-0.016015273
4,181,V,-0.012146153
4,181,V,-0.0668945
4,181,V,0.027511295
4,181,V,0.012943965
4,181,V,0.01800578
4,181,V,-0.054541655
4,181,V,0.38805616
4,181,V,0.18821792
4,182,H,-0.95518327
4,182,H,-1.0
4,182,H,-1.0
4,182,H,-1.0
4,182,H,-1.0
4,182,V,0.99226636
4,182,V,1.0
4,182,V,0.9966127
4,182,V,-0.99827033
4,183,H,0.9975178
4,183,H,0.9971804
4,183,H,0.99737525
4,183,V,-1.0
4,183,V,-0.96382916
4,183,V,-0.9786426
4,184,H,0.6027627
4,184,H,0.67832106
4,184,H,0.2925071
4,184,H,0.7350151
4,185,H,1.0
4,185,H,1.0
4,185,V,1.0
4,185,V,0.9935079
4,185,V,0.59253216
4,186,H,0.5564
4,186,H,0.011831163
4,186,H,0.057952184
4,186,H,-0.13135849
4,186,H,0.017382871
4,186,H,0.08582798
4,186,H,0.09797441
4,186,V,-0.35190168
4,186,V,-0.46562144
4,186,V,-0.21090443
4,186,V,0.08132473
4,186,V,-0.13528381
4,186,V,0.033176
4,186,V,0.26440808
4,186,V,-0.13240246
4,186,V,0.9833524
4,187,V,-0.99887055
4,187,V,-0.99866253
4,188,H,0.023282057
4,188,H,-0.0059871245
4,188,H,-0.024374496
4,188,H,-0.040445488
4,188,H,-0.06362483
4,188,H,-0.070815414
4,188,H,-0.09793756
4,188,V,0.10155017
4,188,V,0.07110903
4,188,V,0.10726262
4,188,V,0.18339907
4,188,V,0.20733029
4,188,V,0.20475473
4,188,V,0.2137997
4,189,H,0.0255683
4,189,H,-0.016517676
4,189,H,0.1458888
4,189,H,-0.18506837
4,189,H,0.021938682
4,189,H,-0.008818035
4,189,H,0.016543616
4,189,H,0.047078904
4,189,H,-0.19625121
4,189,H,0.019431831
4,189,H,0.011293984
4,189,H,0.004674663
4,189,H,-0.040916156
4,189,H,-0.06787183
4,189,H,-0.045721784
4,189,H,-0.12497909
4,190,H,0.7654412
4,190,V,0.3068808
4,190,V,0.17426221
4,190,V,0.15556113
4,190,V,0.1507976
4,190,V,0.25372812
4,190,V,0.021034282
4,190,V,0.11329893
4,190,V,-0.10616207
4,190,V,0.2797812
4,190,V,0.08813451
4,190,V,0.08358946
4,190,V,0.06044389
4,190,V,0.2031286
4,190,V,-0.20010734
4,190,V,0.12048477
4,190,V,0.019547254
4,191,H,-0.80844337
4,191,H,-0.6102726
4,191,H,-0.58641344
4,191,V,-0.27844954
4,192,H,0.06816408
4,192,H,0.6185408
4,192,V,1.0
4,193,H,0.014830458
4,193,H,-0.1714818
4,193,H,-0.16067691
4,193,H,-0.17686835
4,193,V,0.0050572595
4,193,V,-0.17707428
4,193,V,-0.27028328
4,193,V,-0.16082622
4,194,H,-0.186692
4,194,H,-0.12896654
4,194,H,-0.11665831
4,194,H,-0.020042555
4,194,H,-0.046506457
4,194,H,-0.021175848
4,194,H,-0.011965022
4,194,H,-0.025138529
4,194,H,-0.014797996
4,194,H,0.037953965
4,194,H,0.052829374
4,194,H,0.01965464
4,194,V,0.10886892
4,194,V,0.12142388
4,194,V,0.12684844
4,194,V,-0.09228106
4,194,V,-0.06468347
4,194,V,-0.07056468
4,194,V,-0.07292466
4,194,V,-0.0709247
4,194,V,-0.114858575
4,194,V,-0.14151064
4,194,V,-0.1767234
4,194,V,-0.16540428
4,195,H,0.30888
4,195,V,0.048230108
4,195,V,0.048396118
4,195,V,0.12201613
4,196,H,0.15205544
4,196,H,0.15432657
4,196,H,0.15502258
4,196,V,0.011693112
4,196,V,0.04042223
4,196,V,0.09286081
4,196,V,-0.023812711
4,196,V,0.03884259
4,196,V,0.059318718
4,197,H,0.01683774
4,197,H,-0.008860201
4,197,H,-0.025410267
4,197,H,-0.0019418846
4,197,V,-0.055859473
4,197,V,-0.10846715
4,197,V,0.14183787
4,197,V,-0.036718216
4,197,V,0.10707305
4,197,V,-0.010188221
4,197,V,0.060874797
4,197,V,0.022061642
4,198,H,-0.9995657
4,198,H,-1.0
4,198,H,-1.0
4,198,H,-0.9971001
4,198,H,-0.99899065
4,198,V,-1.0
4,198,V,-1.0
4,198,V,-1.0
4,198,V,-1.0
4,198,V,-1.0
4,198,V,-1.0
4,198,V,-1.0
4,198,V,-1.0
4,198,V,-1.0
4,198,V,-1.0
4,198,V,-1.0
4,198,V,-1.0
4,198,V,-1.0
4,198,V,-1.0
4,199,V,0.033467222
4,199,V,-0.16336504
4,199,V,0.04465334
4,199,V,-0.024927737
4,199,V,0.010034966
4,199,V,-0.05345705
4,199,V,-0.09996586
4,199,V,0.027158797
4,199,V,-0.015433144
4,199,V,-0.038423795
4,199,V,-0.018357165
4,199,V,-0.07911995
4,199,V,-0.043125022
4,199,V,0.09407931
4,199,V,0.12539512
4,199,V,0.06655159
4,199,V,-0.020226883
4,200,V,0.3001253
4,200,V,0.18997805
4,200,V,0.18666892
4,200,V,0.113901034
4,200,V,0.22781418
4,200,V,0.31531817
4,200,V,0.10510601
4,200,V,0.30807868
4,200,V,0.14314604
4,201,V,-0.26692232
4,202,H,-1.0
4,202,H,-1.0
4,202,H,-0.9981462
4,202,H,-0.9992496
4,202,V,0.9965803
4,202,V,1.0
4,202,V,1.0
4,202,V,-0.9836739
4,202,V,-0.98556584
4,202,V,-1.0
4,202,V,-0.99414283
4,203,H,0.40873164
4,203,H,0.41385445
4,203,H,0.25018665
4,203,H,0.3484476
4,203,V,-1.0
4,203,V,0.05393487
4,203,V,-0.1774676
4,203,V,-0.06078088
4,203,V,-0.09971626
4,203,V,-0.31604892
4,203,V,-0.061830908
4,203,V,1.0
4,204,H,-0.09268737
4,204,H,-0.2078768
4,204,H,-0.41516653
4,204,H,-0.3282785
4,204,H,-0.40112513
4,205,H,0.069706425
4,205,H,0.26831737
4,205,H,-0.14471331
4,205,H,-0.03419573
4,205,H,0.05773291
4,205,H,-0.08927025
4,205,H,0.051216204
4,205,H,0.23115852
4,205,H,0.15912807
4,205,H,0.42341375
4,205,V,0.14254168
4,205,V,-0.00039303463
4,205,V,0.19622573
4,205,V,-0.099098444
4,205,V,0.25612256
4,205,V,-0.07300414
4,205,V,0.1023793
4,205,V,0.36270535
4,205,V,0.011611162
4,205,V,-0.44151765
4,205,V,0.08392837
4,205,V,-0.014110906
4,205,V,-0.038411703
4,206,H,0.41761312
4,206,H,0.44498846
4,206,H,0.189535
4,206,H,0.09721592
4,206,H,0.09921123
4,206,H,0.10833338
4,206,V,0.011560185
4,206,V,-0.115032755
4,206,V,0.05780642
4,206,V,-0.0018977529
4,206,V,0.10208671
4,206,V,0.0009884131
4,206,V,0.13612169
4,207,H,1.0
4,207,H,-0.122314215
4,207,H,0.2687772
4,207,H,1.0
4,207,H,1.0
4,207,V,-1.0
4,207,V,1.0
4,208,H,1.0
4,208,V,-1.0
4,209,H,0.34137717
4,209,H,-0.08529415
4,209,H,0.18308622
4,209,H,-0.07627004
4,209,H,0.14038189
4,209,H,-0.53603375
4,209,V,-0.28837556
4,209,V,0.22489147
4,209,V,0.22010884
4,210,H,0.30130875
4,210,H,0.33998486
4,210,H,-0.13409185
4,210,H,0.09196839
4,210,H,0.0076360214
4,210,H,0.10345029
4,210,H,-0.24287067
4,210,H,0.055623855
4,210,V,0.99632424
4,210,V,0.9862452
4,210,V,0.99303174
4,211,H,-0.95018786
4,211,H,-0.62076443
4,211,H,-0.53940684
4,211,H,-0.62820935
4,211,H,-0.46766594
4,211,H,-0.2478508
4,211,H,-0.24405096
4,211,H,-0.23902713
4,211,V,-0.6257682
4,211,V,-0.5551506
4,212,H,0.98893994
4,212,H,1.0
4,212,V,1.0
4,212,V,0.9999732
4,212,V,0.99869865
4,212,V,0.9986992
4,213,H,0.0146074835
4,213,H,0.03766555
4,213,H,-0.043455113
4,213,H,-0.08825308
4,213,H,-0.0072233877
4,213,H,-0.1155651
4,213,H,0.07329026
4,213,H,0.070771165
4,213,H,0.07938826
4,214,V,0.33192518
4,214,V,0.36187142
4,214,V,0.42226735
4,215,H,1.0
4,215,H,1.0
4,215,H,1.0
4,215,H,1.0
4,215,V,-0.9993201
4,215,V,-0.98779404
4,215,V,-0.99392414
4,215,V,-0.9750228
4,216,H,-0.9947866
4,216,H,-0.8927335
4,216,H,-0.91749525
4,216,H,-0.9495337
4,216,H,-0.31032512
4,216,V,0.9698138
4,216,V,1.0
4,216,V,1.0
4,216,V,1.0
4,216,V,0.98938775
4,216,V,1.0
4,216,V,1.0
4,217,H,0.02777989
4,217,H,0.74853903
4,217,H,0.7714249
4,217,H,0.9196577
4,218,H,0.14904058
4,218,H,0.023606697
4,218,H,-0.006525532
4,218,H,0.06867227
4,218,H,0.021569278
4,218,H,-0.054305553
4,219,H,0.25632605
4,219,H,0.09024832
4,219,H,-1.0
4,219,H,0.2795417
4,220,H,-0.042284615
4,220,H,0.13897426
4,220,H,0.20265095
4,220,H,0.019935055
4,220,V,0.35897937
4,220,V,0.38666528
4,220,V,0.37833086
4,220,V,0.40445724
4,220,V,0.19965094
4,221,H,0.78948784
4,221,H,0.77673197
4,221,H,0.79916227
4,221,H,0.88754565
4,221,V,0.9442553
4,221,V,0.9594747
4,221,V,0.98677284
4,222,H,-0.28768528
4,222,H,-0.37361047
4,222,H,-0.46290192
4,222,H,-0.29943806
4,222,H,-0.43963286
4,222,H,-0.3554238
4,222,H,-0.68101615
4,222,V,-0.6490483
4,222,V,-0.29306516
4,222,V,-0.26480243
4,222,V,-0.18002112
4,222,V,-0.31624517
4,222,V,-0.29085314
4,222,V,-0.19877242
4,223,H,0.63356864
4,223,H,0.37684867
4,224,H,0.23801185
4,224,H,-0.9378694
4,224,H,-0.9982027
4,224,H,-0.99888355
4,224,H,-1.0
4,224,V,0.39239606
4,224,V,-0.99343646
4,224,V,0.78100854
4,224,V,0.65709203
4,225,H,0.99496955
4,225,H,0.9982493
4,225,H,0.9961592
4,225,H,0.99952364
4,225,V,0.9964852
4,225,V,0.9972417
4,225,V,0.9940497
4,225,V,0.9874539
4,226,H,0.90464145
4,226,H,0.40874273
4,226,H,0.34199563
4,226,V,0.325225
4,226,V,0.04060919
4,226,V,0.33254576
4,226,V,0.06431101
4,226,V,0.96326673
4,227,H,0.0028148643
4,227,H,0.037284836
4,227,H,-0.08485558
4,227,H,0.0074693053
4,227,H,-0.027580388
4,227,H,-0.12472563
4,227,H,-0.014028614
4,227,H,-0.0034517318
4,227,H,-0.12537514
4,227,H,0.122797154
4,227,H,0.09914522
4,227,H,-0.035463713
4,227,V,-0.01511494
4,227,V,-0.14012474
4,227,V,-0.1300906
4,227,V,-0.12832248
4,227,V,-0.29785842
4,227,V,-0.03329345
4,227,V,-0.11769108
4,227,V,-0.11844481
4,227,V,-0.10213504
4,227,V,-0.3000889
4,227,V,-0.110687405
4,227,V,-0.19552486
4,227,V,-0.16587903
4,227,V,-0.16323832
4,227,V,-0.27294227
4,228,H,0.8625887
4,228,H,0.94695914
4,228,H,0.9533447
4,228,V,-0.2912021
4,228,V,-0.6098285
4,228,V,-0.5840214
4,229,V,-0.5725464
4,229,V,-0.24708325
4,229,V,-0.1428333
4,229,V,-0.20719388
4,229,V,-0.1572648
4,230,V,-1.0
4,230,V,-1.0
4,230,V,-1.0
4,230,V,-1.0
4,231,H,1.0
4,231,H,0.9560276
4,231,H,0.87145334
4,231,H,0.89148957
4,231,H,0.67301184
4,231,H,1.0
4,231,H,1.0
4,231,V,0.78509873
4,231,V,0.7747501
4,231,V,0.7644603
4,232,H,-0.06737795
4,232,H,-0.22739966
4,232,H,-0.19125448
4,232,H,-0.22338508
4,233,V,0.31685367
4,233,V,-0.028986225
4,233,V,0.52939934
4,233,V,0.4618502
4,233,V,0.1751198
4,233,V,0.6879565
4,233,V,0.43203577
4,234,H,0.0644797
4,234,H,-0.05669872
4,234,H,0.105279155
4,234,H,-0.09894865
4,234,H,-0.014615302
4,234,H,-0.004311891
4,234,H,-0.11205087
4,234,H,0.07249005
4,234,H,-0.07943917
4,234,H,0.019261058
4,234,H,-0.022375347
4,234,H,-0.044236682
4,234,H,0.09139029
4,234,H,-0.023283258
4,234,H,-0.0077084247
4,234,H,-0.009837138
4,234,H,0.060528122
4,235,H,-0.14432965
4,235,H,0.13179259
4,235,H,-0.096963026
4,235,H,0.010455149
4,235,H,-0.05130108
4,235,H,0.06761432
4,235,H,-0.21102393
4,235,H,-0.01543763
4,235,V,0.02011689
4,235,V,0.39197874
4,235,V,0.08919747
4,235,V,0.31461218
4,235,V,0.10796216
4,235,V,0.38709766
4,235,V,0.3122152
4,235,V,0.4439824
4,236,H,-1.0
4,236,H,-1.0
4,236,H,-1.0
4,236,V,1.0
4,236,V,1.0
4,236,V,0.99992234
4,236,V,-1.0
4,236,V,-0.99874574
4,237,H,-0.9596279
4,237,H,-0.91506606
4,237,H,-0.904829
4,237,H,-0.8464996
4,238,H,1.0
4,238,H,1.0
4,238,H,1.0
4,238,H,1.0
4,238,V,0.47234932
4,238,V,0.18840045
4,238,V,-0.6204483
4,238,V,-0.87566113
4,239,H,-0.8639818
4,239,H,-0.9017739
4,239,V,-0.72097707
4,239,V,-0.9899128
4,239,V,-0.9918237
4,239,V,-0.52377
4,239,V,-0.850187
4,239,V,-0.5123192
4,239,V,-0.9603907
4,240,H,-1.0
4,240,H,-1.0
4,240,H,-1.0
4,240,H,-1.0
4,240,V,-1.0
4,240,V,-1.0
4,240,V,-1.0
4,240,V,-1.0
4,241,H,1.0
4,241,H,0.99916124
4,241,H,0.9922559
4,241,H,0.97330076
4,241,V,-0.992974
4,241,V,-1.0
4,241,V,-1.0
4,241,V,-1.0
4,241,V,-1.0
4,242,H,-0.014060497
4,242,H,-0.09407423
4,242,H,-0.02228708
4,242,H,-0.05219851
4,242,H,-0.03053883
4,242,H,-0.07691849
4,242,H,0.13526942
4,242,H,0.1386756
4,242,H,0.086420424
4,242,V,-0.06520656
4,242,V,-0.27127314
4,243,H,-1.0
4,243,H,-1.0
4,243,H,-1.0
4,243,H,-0.99956685
4,243,H,-0.99576837
4,243,H,-1.0
4,243,H,-1.0
4,243,H,-1.0
4,244,H,-0.6378044
4,244,H,-0.48015648
4,244,H,0.50090235
4,245,H,0.8981932
4,245,H,0.91766316
4,245,V,-0.057524275
4,245,V,-0.21921104
4,245,V,0.017049028
4,245,V,-0.052220408
4,245,V,-0.004961376
4,245,V,-0.016109597
4,245,V,0.048048813
4,245,V,0.14328533
4,246,H,-0.010733657
4,246,H,-0.080939904
4,246,H,-0.100674294
4,246,H,-0.08690316
4,246,H,-0.15256657
4,246,H,-0.001735232
4,246,H,-0.09690743
4,246,H,-0.09644629
4,246,H,-0.03831272
4,246,H,-0.1541883
4,246,V,0.002132426
4,246,V,-0.04041345
4,247,H,0.8664302
4,247,H,0.16131973
4,247,H,0.29002398
4,247,H,0.4256905
4,247,H,0.39132306
4,247,V,0.017412325
4,247,V,0.27568504
4,247,V,-0.10753
4,247,V,0.20804994
4,247,V,0.17492399
4,247,V,-0.089016356
4,247,V,0.02813133
4,248,H,0.97097796
4,248,H,0.22279009
4,248,H,0.50937736
4,248,H,0.1158858
4,248,H,-0.0294606
4,248,H,0.97922593
4,248,H,0.15754832
4,248,H,0.31136203
4,248,H,-0.20615907
4,248,H,0.9594631
4,248,H,0.10989421
4,248,H,0.3185401
4,248,H,0.42585167
4,248,H,-0.10331615
4,248,H,0.123049505
4,248,H,-0.336167
4,248,V,-0.25578973
4,248,V,0.1420255
4,248,V,0.065363444
4,248,V,0.015256747
4,249,H,0.90666956
4,249,H,0.85171485
4,249,H,0.81004876
4,249,H,0.6413101
4,249,H,0.2516064
4,249,H,0.31636065
4,249,H,0.2734951
4,249,H,0.22397
4,249,H,0.29023337
4,249,H,0.26937532
4,249,H,0.3246657
4,249,H,0.27121428
4,249,H,-0.16482233
4,249,H,-0.012190796
4,249,H,5.615707e-06
4,249,H,4.1659147e-05
4,250,H,-1.0
4,250,H,0.71753615
4,250,V,1.0
4,250,V,0.9987863
4,250,V,0.98530775
4,250,V,0.88349056
4,250,V,-0.6436623
4,251,H,-0.9791102
4,251,H,-1.0
4,251,H,-1.0
4,251,H,-1.0
4,251,H,-1.0
4,251,H,0.9525339
4,251,H,0.9999032
4,251,H,1.0
4,251,H,1.0
4,251,H,0.963593
4,251,V,1.0
4,251,V,1.0
4,251,V,1.0
4,251,V,1.0
4,251,V,1.0
4,252,H,0.5121785
4,252,H,0.72976357
4,252,H,0.75736177
4,252,H,0.13568424
4,252,H,0.39068848
4,252,H,0.21573007
4,252,H,0.11097746
4,252,H,0.24173617
4,252,H,0.36467654
4,252,H,-0.8980402
4,252,H,-0.92295086
4,252,V,-0.59308034
4,252,V,-0.56230754
4,252,V,-0.74907714
4,252,V,-0.3886192
4,252,V,-0.47198823
4,252,V,-0.5323731
4,252,V,-0.3570619
4,252,V,-0.35173133
4,252,V,-0.4966339
4,252,V,0.88619983
4,252,V,0.93297535
4,252,V,0.81761247
4,253,H,0.5572031
4,253,H,0.47281536
4,253,H,0.6482829
4,254,H,-0.8154649
4,254,H,-0.91205674
4,254,H,-0.90052897
4,254,H,-0.9794176
4,255,H,0.99945074
4,255,H,-0.5094173
4,255,H,0.9989511
4,255,H,-0.39422494
4,255,H,-0.30795684
4,255,V,-0.8809905
4,255,V,-0.879349
4,255,V,0.35763213
4,256,H,-0.9977047
4,256,H,-0.913096
4,256,H,1.0
4,256,H,0.98642
4,256,V,-1.0
4,256,V,-1.0
4,256,V,-1.0
4,256,V,-1.0
4,256,V,-1.0
4,257,H,-0.23222695
4,257,H,0.636332
4,257,H,-0.7684335
4,257,H,-0.3829363
4,257,H,-0.7803562
4,257,H,-0.43093494
4,257,H,-0.9272285
4,257,V,-0.17629686
4,257,V,0.050104305
4,257,V,1.0
4,258,H,0.5052347
4,258,H,0.4633062
4,258,H,0.4481285
4,258,V,-0.79273087
4,259,H,0.9954337
4,259,H,1.0
4,259,H,1.0
4,259,H,1.0
4,259,H,1.0
4,259,H,1.0
4,259,H,0.9988638
4,259,H,1.0
4,259,H,0.99884886
4,259,H,0.9998053
4,259,H,1.0
4,259,V,-0.6235397
4,259,V,-0.47442514
4,259,V,-0.553546
4,259,V,-0.75517213
4,259,V,-0.5288478
4,259,V,-0.88140136
4,259,V,-0.8699556
4,259,V,-0.8742638
4,259,V,-0.5716955
4,260,H,-0.1596715
4,260,H,-0.14492367
4,260,H,-0.25552294
4,260,V,-0.73971516
4,260,V,-0.52445763
4,260,V,-0.50965965
4,261,H,-0.594191
4,261,H,-0.2533235
4,261,H,-0.21535352
4,261,H,-0.2540521
4,261,H,-0.17517366
4,261,H,-0.10485038
4,261,H,-0.15485552
4,261,H,-0.10002615
4,261,H,-0.13465238
4,261,H,-0.09048294
4,261,H,-0.10909924
4,261,H,-0.24275248
4,261,H,-0.21269839
4,261,H,-0.18365934
4,262,V,0.15631656
4,262,V,0.14593819
4,262,V,0.12196036
4,263,H,-0.5953649
4,263,H,-0.7042728
4,263,H,-0.28829756
4,263,H,-0.3871548
4,263,H,-0.014699585
4,263,H,0.008418063
4,263,H,0.04708642
4,263,V,0.9644818
4,263,V,0.98720515
4,263,V,1.0
4,264,H,-0.53295535
4,264,H,-0.38480425
4,264,H,-0.9250112
4,264,V,0.42414224
4,264,V,0.68848413
4,264,V,0.88670516
4,264,V,0.65381
4,264,V,0.75868547
4,264,V,0.86452276
4,264,V,0.64949006
4,264,V,0.9828372
4,264,V,0.9939401
4,264,V,0.9550377
4,265,H,1.0
4,265,H,1.0
4,265,H,-0.38489336
4,265,H,-0.24566026
4,265,H,-0.9764574
4,265,V,-1.0
4,265,V,0.26972067
4,265,V,-0.033172905
4,265,V,0.17432815
4,265,V,1.0
4,266,H,0.8133659
4,266,H,0.9054008
4,266,H,0.9493946
4,266,H,0.9344038
4,266,V,0.618687
4,266,V,0.5259306
4,266,V,-0.75539744
4,266,V,-0.59473467
4,267,H,0.13412234
4,267,H,0.07104897
4,267,H,0.26486132
4,267,H,0.08450565
4,267,H,0.101184815
4,267,H,0.2575897
4,267,V,-0.014857066
4,267,V,0.037422057
4,267,V,0.01667494
4,267,V,0.05583519
4,267,V,-0.023384346
4,267,V,0.050122097
4,267,V,0.02435888
4,267,V,0.068102814
4,267,V,0.2866384
4,267,V,0.31985977
4,268,H,0.07885479
4,268,H,0.105410166
4,268,H,0.095515296
4,268,H,0.034452654
4,268,H,0.019373922
4,268,H,0.04322744
4,268,H,0.022680672
4,268,H,0.023424506
4,268,H,0.050617624
4,268,H,-0.061270174
4,268,H,-0.041243084
4,268,H,-0.03948722
4,268,V,-0.013148655
4,268,V,-0.018477395
4,268,V,-0.0034712292
4,268,V,0.0066815526
4,268,V,0.04202289
4,268,V,0.057083312
4,268,V,0.0381853
4,268,V,0.0476083
4,268,V,0.035582446
4,268,V,0.08536382
4,268,V,0.09055383
4,268,V,0.1358845
4,269,H,-0.31786454
4,269,H,-0.4179944
4,269,H,-0.37706378
4,269,H,-0.4761269
4,269,V,-0.23162338
4,269,V,-0.15489148
4,269,V,-0.015182629
4,269,V,-0.041814517
4,269,V,0.017914196
4,269,V,-0.029821247
4,269,V,0.23276208
4,269,V,0.15737094
4,270,H,-1.0
4,270,H,-1.0
4,270,H,-1.0
4,270,H,-1.0
4,270,V,-1.0
4,270,V,-1.0
4,270,V,-1.0
4,270,V,-1.0
4,271,H,0.06044968
4,271,H,0.056346957
4,271,V,-0.10837261
4,271,V,0.068088345
4,271,V,0.031808645
4,271,V,-0.0036080237
4,271,V,0.1324358
4,271,V,-0.10821407
4,271,V,0.07794151
4,271,V,0.024446258
4,271,V,0.023976048
4,271,V,0.108534686
4,271,V,0.36940432
4,271,V,0.25166082
4,271,V,0.1940652
4,271,V,0.27607098
4,272,V,-0.9507636
4,272,V,0.9687405
4,272,V,1.0
4,272,V,1.0
4,272,V,1.0
4,272,V,1.0
4,273,H,-0.9994212
4,273,H,-1.0
4,273,H,-0.999648
4,273,H,-1.0
4,273,V,-0.9874798
4,273,V,-0.99120736
4,273,V,-0.99011225
4,273,V,-0.96521896
4,274,H,0.35900384
4,274,H,0.34100616
4,274,H,0.7550589
4,274,H,0.63035923
4,274,H,0.6871947
4,274,H,0.5115035
4,274,V,0.53651595
4,274,V,0.6127974
4,274,V,-0.35133126
4,274,V,-0.39381006
4,275,H,-0.627626
4,275,H,-0.7834734
4,275,H,-0.776926
4,275,H,-0.7251831
4,275,H,-0.7746635
4,275,H,-0.824251
4,275,H,-0.87514824
4,275,V,0.06429514
4,275,V,0.026648875
4,275,V,0.08870193
4,275,V,0.2100566
4,275,V,0.36250994
4,275,V,0.07912929
4,275,V,0.30080575
4,275,V,0.18023796
4,276,H,-0.03885402
4,276,H,-0.040693235
4,276,H,-0.051477626
4,276,H,0.0007628395
4,276,H,-0.011829511
4,276,H,-0.110518634
4,276,H,-0.04848246
4,276,V,-0.04347135
4,276,V,-0.10211679
4,276,V,-0.14618927
4,276,V,-0.07961274
4,276,V,-0.08236484
4,276,V,-0.11886881
4,276,V,-0.11509503
4,276,V,-0.026464088
4,277,H,-0.40077832
4,277,H,-0.536085
4,277,H,-0.29282928
4,277,V,0.120786466
4,277,V,-0.03407519
4,277,V,0.18912315
4,277,V,-0.3639451
4,277,V,-0.14630581
4,277,V,0.25348482
4,277,V,-0.14700426
4,277,V,-0.041967787
4,277,V,-0.0915565
4,277,V,0.105983905
4,277,V,-0.12829784
4,277,V,-0.104428686
4,277,V,-0.6368072
4,278,H,0.6713762
4,278,H,0.43761185
4,278,H,-0.996996
4,278,H,-0.990106
4,278,H,-0.99916273
4,279,H,0.24094297
4,279,H,0.13264719
4,279,H,0.17006575
4,279,V,-0.7913026
4,280,H,0.08153052
4,280,H,-0.3795475
4,280,H,-0.24065784
4,280,H,-0.42049757
4,280,H,0.24832581
4,280,H,0.41918465
4,280,H,0.37788385
4,280,H,0.40864536
4,280,H,0.46654707
4,280,H,0.6138414
4,280,H,0.7315434
4,280,V,-0.35522383
4,280,V,-0.4697978
4,280,V,-0.41899267
4,280,V,-0.58458596
4,280,V,-0.7001032
4,280,V,-0.6257125
4,280,V,-0.41775757
4,280,V,-0.54191566
4,281,H,0.25001875
4,281,H,-0.13695443
4,281,H,0.027624104
4,281,H,-0.32194746
4,281,V,0.046095792
4,282,H,-1.0
4,282,H,-1.0
4,282,H,-1.0
4,282,H,-1.0
4,282,H,-1.0
4,282,H,-1.0
4,282,H,-1.0
4,282,H,-1.0
4,282,H,-1.0
4,282,H,-1.0
4,282,H,-1.0
4,282,H,-1.0
4,282,V,-1.0
4,282,V,-1.0
4,282,V,-1.0
4,282,V,-1.0
4,282,V,-1.0
4,282,V,-1.0
4,282,V,-1.0
4,282,V,-1.0
4,282,V,-1.0
4,283,H,0.84324574
4,284,H,0.30081534
4,284,H,0.39828902
4,284,H,0.34701383
4,284,H,0.34892815
4,285,H,-0.2850822
4,285,H,-0.33054852
4,285,H,-0.50193924
4,285,H,-0.39363012
4,285,H,-0.44599023
4,285,H,-0.7852471
4,285,H,-0.7730442
4,285,H,-0.7210546
4,285,H,-0.87216324
4,285,V,-0.23494446
4,286,H,-0.17524724
4,286,H,0.15168193
4,286,H,0.11619257
4,286,H,0.009513227
4,286,H,-0.45125565
4,286,H,0.022596773
4,286,H,-0.42662966
4,286,H,-0.028699605
4,286,H,-0.12617874
4,286,V,0.07366733
4,286,V,0.09316936
4,286,V,0.23670484
4,286,V,0.27340198
4,286,V,0.47823235
4,286,V,0.101373315
4,286,V,0.1250681
4,286,V,0.17311195
4,287,H,0.060358554
4,287,H,0.015929563
4,287,H,0.490732
4,287,H,0.32981423
4,287,H,0.3358637
4,287,H,0.42515218
4,287,H,0.33562455
4,287,H,0.38198444
4,287,H,0.49543965
4,287,H,0.2688133
4,287,H,0.3248715
4,287,V,0.25136614
4,287,V,0.1944083
4,287,V,-0.11429494
4,287,V,-0.12371798
4,287,V,-0.17137909
4,287,V,-0.03623643
4,287,V,-0.12882625
4,287,V,-0.12535535
4,287,V,-0.12001107
4,287,V,-0.06115982
4,287,V,-0.39174852
4,287,V,-0.17347607
4,287,V,-0.21208921
4,288,H,-1.0
4,288,H,-1.0
4,288,H,-1.0
4,288,V,0.9781737
4,288,V,0.85766166
4,288,V,0.87868255
4,288,V,0.058102366
4,288,V,-0.83964854
4,289,H,-0.15246621
4,289,H,0.078371406
4,289,H,-0.09072143
4,289,H,-0.12157326
4,289,H,0.04741406
4,289,H,-0.10027929
4,289,H,-0.14977129
4,289,V,-0.059516024
4,289,V,-0.022764381
4,289,V,-0.19581121
4,289,V,-0.084929496
4,289,V,-0.06609711
4,289,V,-0.09988726
4,289,V,-0.061996292
4,289,V,-0.3936939
4,289,V,-0.28881693
4,290,H,-0.048654307
4,290,H,-0.051448252
4,290,H,-0.29457605
4,290,H,-0.14165033
4,290,H,-0.09248605
4,290,V,0.3825777
4,290,V,0.3000372
4,290,V,0.37529343
4,290,V,0.32673904
4,290,V,0.29596174
4,290,V,0.35542774
4,290,V,0.36364812
4,291,H,0.4247452
4,291,H,-0.0040548546
4,291,H,0.03157766
4,291,H,-0.54375035
4,291,H,-0.35857707
4,291,V,-0.71105593
4,291,V,-0.2799161
4,291,V,-0.49549034
4,291,V,-0.2736779
4,291,V,-0.34685194
4,291,V,0.3253793
4,292,H,1.0
4,292,H,1.0
4,292,H,1.0
4,292,H,1.0
4,292,H,1.0
4,292,H,1.0
4,292,H,1.0
4,292,H,1.0
4,292,H,1.0
4,292,H,1.0
4,292,V,-1.0
4,292,V,-1.0
4,292,V,-0.99782306
4,292,V,-1.0
4,292,V,-1.0
4,292,V,-0.9970444
4,292,V,-1.0
4,292,V,-1.0
4,292,V,-0.95345795
4,292,V,-1.0
4,292,V,-1.0
4,292,V,-1.0
4,293,H,-0.8410509
4,293,H,-0.61495876
4,293,H,0.86740077
4,293,V,-0.057836775
4,293,V,0.7749251
4,293,V,0.7514861
4,293,V,0.73556006
4,293,V,-0.9053495
4,293,V,-0.82032406
4,293,V,-0.5270661
4,294,V,-0.9086738
4,295,H,0.44145864
4,295,H,-0.33957788
4,295,H,-0.44897184
4,295,H,-0.8297251
4,295,H,-0.07156454
4,295,H,-0.7034326
4,295,H,-0.21269725
4,295,H,-0.12327224
4,295,H,-0.13300285
4,295,V,-0.052862972
4,295,V,-0.14536263
4,295,V,-0.006657635
4,295,V,-0.7077905
4,295,V,-0.035204228
4,295,V,0.06393552
4,295,V,0.10359542
4,295,V,-0.67547834
4,295,V,-0.121639185
4,295,V,0.036791332
4,295,V,-0.096571095
4,295,V,-0.74005026
4,295,V,-0.20133375
4,295,V,-0.63252544
4,295,V,-0.34811646
4,295,V,-0.7615806
4,296,H,-0.46125785
4,296,H,-0.45221975
4,296,H,-0.49120608
4,296,H,-0.5244785
4,297,H,0.041143026
4,297,H,-0.0019327938
4,297,H,-0.018307606
4,297,H,-0.04095766
4,297,H,-0.15441121
4,297,V,0.2405514
4,297,V,0.25683096
4,297,V,0.2115179
4,297,V,0.2504006
4,298,H,0.108965546
4,298,H,0.21723908
4,298,H,0.19483201
4,298,H,0.16176379
4,298,H,0.19278076
4,298,H,0.12316822
4,298,H,0.17754291
4,298,H,0.26327947
4,298,H,0.2241148
4,298,H,0.16348998
4,299,V,0.8846417
4,299,V,-0.8501771
4,300,H,-0.1442197
4,300,H,-0.2930959
4,300,H,-0.069953986
4,300,H,-0.004313983
4,300,H,-0.032550845
4,300,H,0.060875926
4,300,H,0.06527963
4,300,H,-0.03879678
4,300,H,-0.05862872
4,300,H,0.1620941
4,300,H,0.21067433
4,300,H,0.0847091
4,301,H,0.12951095
4,301,H,0.071162745
4,301,H,0.23450279
4,301,H,0.2579038
4,301,H,0.13502084
4,301,H,0.058140818
4,301,V,-0.6684697
4,301,V,0.09984726
4,301,V,-0.014658207
4,301,V,0.09560864
4,301,V,0.25920832
4,301,V,-0.119473666
4,301,V,-0.0031668262
4,301,V,-0.06887519
4,301,V,0.06974016
4,301,V,0.20512186
4,301,V,0.54781216
4,301,V,0.529186
4,302,H,0.12376109
4,302,H,0.1292186
4,302,H,0.039272834
4,302,H,-0.013350656
4,302,H,0.10903078
4,302,H,0.028675087
4,302,H,0.02823545
4,302,H,0.08284608
4,302,H,-0.08237973
4,302,H,-0.06438007
4,302,V,-0.24265252
4,302,V,-0.24770823
4,302,V,-0.2280822
4,302,V,-0.22253826
4,302,V,-0.20624231
4,302,V,-0.109224565
4,302,V,-0.122704156
4,302,V,-0.05027411
4,302,V,-0.13034452
4,303,H,0.19230568
4,303,H,-0.36742744
4,303,H,-0.3718374
4,303,V,0.5777571
4,303,V,0.44185367
4,303,V,0.55380714
4,303,V,0.237052
4,303,V,0.95370674
4,303,V,0.37594566
4,304,H,-0.891517
4,304,H,-0.94639784
4,304,H,-0.95487165
4,304,H,-0.9654942
4,304,V,-0.10218645
4,304,V,-0.15727481
4,304,V,-0.0034105382
4,304,V,-0.05747295
4,304,V,-0.0019460933
4,304,V,0.057023525
4,305,H,-0.07378606
4,305,H,-0.06527227
4,305,H,0.0016130358
4,305,H,-0.058794074
4,305,H,-0.23328067
4,306,H,0.05442069
4,306,H,0.090658486
4,306,H,0.10247797
4,306,H,0.08077957
4,306,H,-0.03830728
4,306,H,0.08392384
4,306,H,-0.021104334
4,306,H,0.06839136
4,306,H,0.006810215
4,306,H,-0.019947631
4,306,H,-0.043153316
4,306,H,-0.027515214
4,306,H,-0.038022935
4,306,H,0.017186763
4,307,H,0.5413195
4,307,H,0.27835897
4,307,H,0.4030562
4,307,H,0.34170154
4,307,H,0.06592985
4,307,H,0.14781827
4,307,H,0.20646079
4,307,H,-0.6141605
4,307,H,0.059667833
4,307,H,0.0768689
4,307,H,0.23565657
4,307,H,-0.6056276
4,307,H,9.422786e-05
4,307,H,-0.042958006
4,307,H,0.046183784
4,308,H,0.803446
4,308,H,0.9425441
4,308,H,0.30364215
4,308,H,0.3907493
4,308,H,0.40836543
4,308,H,0.41182038
4,308,H,0.276528
4,308,H,0.34079152
4,308,H,0.45264468
4,308,H,0.39835465
4,308,V,-0.34071034
4,308,V,-0.2553041
4,308,V,-0.44115722
4,308,V,-0.23917457
4,308,V,-0.20831198
4,308,V,0.31186706
4,308,V,-0.00028176705
4,309,H,0.19501086
4,309,H,0.013907526
4,309,H,0.047736645
4,309,H,-0.21135004
4,309,V,1.0
4,309,V,1.0
4,309,V,1.0
4,310,H,0.25522563
4,310,H,0.4942332
4,310,H,0.36647475
4,310,H,0.7090041
4,310,H,-0.5180643
4,310,H,0.043345917
4,310,H,0.034052562
4,310,H,0.256645
4,310,H,0.49318135
4,310,H,-0.44999793
4,310,H,0.17414501
4,310,H,0.16282925
4,310,H,0.15886782
4,310,H,0.56180245
4,310,H,-0.49595517
4,310,H,-0.24527374
4,310,H,-0.1321848
4,310,H,-0.087961525
4,310,V,-0.8949766
4,310,V,-0.16870455
4,310,V,-0.89152044
4,310,V,-0.17579891
4,311,H,0.27192393
4,311,H,0.25610822
4,311,H,0.18961492
4,311,H,0.34370098
4,311,H,0.34504655
4,311,H,0.1720125
4,311,H,0.19117309
4,311,H,0.2153174
4,312,H,-0.9733484
4,312,H,-0.9522605
4,312,H,-0.97610325
4,312,H,0.84407264
4,312,H,0.8763594
4,312,H,0.90626085
4,313,V,0.70732373
4,313,V,0.30529705
4,313,V,0.28593975
4,313,V,-0.066463955
4,313,V,-0.24163733
4,314,H,0.3013244
4,314,H,0.2201903
4,314,H,0.27550218
4,314,H,0.19110465
4,314,H,0.041998398
4,314,H,-0.46482727
4,315,H,-0.86983836
4,315,H,-0.92834014
4,315,H,-0.3432052
4,315,V,-0.34604833
4,315,V,-0.35176638
4,315,V,-0.5513266
4,316,H,0.49163237
4,316,V,-0.41095406
4,316,V,-0.46247253
4,316,V,-0.44772664
4,317,H,-0.15226649
4,317,H,0.04004355
4,317,H,-0.047668442
4,317,H,-0.11091046
4,317,H,0.12295833
4,317,H,0.05693833
4,317,H,0.123980016
4,317,H,-0.11059616
4,317,H,-0.0087983655
4,317,H,0.10565334
4,317,H,0.11777627
4,317,H,0.11040648
4,317,H,0.23213246
4,317,H,0.24100518
4,317,H,0.2877396
4,318,V,-0.19668043
4,318,V,-0.29449362
4,318,V,-0.332894
4,318,V,-0.41326237
4,319,V,-0.92822236
4,319,V,-1.0
4,319,V,-1.0
4,320,H,0.08600845
4,320,H,-0.033863984
4,320,H,0.1851043
4,320,H,0.044990763
4,320,H,0.034678668
4,320,H,-0.048038714
4,320,H,0.040863488
4,320,H,0.08620042
4,320,H,0.073939346
4,320,H,-0.016114958
4,320,H,-0.06099185
4,320,H,-0.025670847
4,320,H,0.04457551
4,320,H,0.07873665
4,320,H,-0.07385574
4,320,H,-0.0057985587
4,321,H,-0.28017032
4,321,H,-0.07773448
4,321,H,-0.017336119
4,321,H,-0.3138987
4,321,V,-0.5091853
4,321,V,-0.9875446
4,321,V,-0.9832622
4,321,V,-0.98043936
4,322,H,-0.18458356
4,322,H,0.34573838
4,322,H,0.3495528
4,322,H,0.50413024
4,322,H,0.3306532
4,322,H,0.2387312
4,322,V,0.19093691
4,322,V,0.10454861
4,322,V,0.105421446
4,322,V,-0.34671548
4,322,V,-0.32882866
4,322,V,-0.45248273
4,322,V,-0.33796036
4,322,V,-0.49210817
4,323,H,-0.14131051
4,323,H,-0.101033844
4,323,V,-0.7535606
4,323,V,-0.61892366
4,323,V,-0.038586687
4,323,V,-0.038909547
4,323,V,-0.018859435
4,323,V,-0.01604705
4,323,V,0.13697276
4,323,V,-0.054271404
4,323,V,0.021036314
4,323,V,-0.027615145
4,323,V,-0.010286542
4,323,V,0.13175328
4,323,V,0.6091155
4,323,V,0.6517643
4,323,V,0.49954695
4,323,V,0.36215568
4,324,H,0.6871977
4,324,H,0.22628346
4,324,H,0.083259165
4,324,H,-0.12978177
4,324,H,-0.037974406
4,324,H,0.2570068
4,324,H,-0.080510564
4,324,H,-0.002289223
4,324,H,0.0071120537
4,325,H,-0.24305716
4,325,H,-0.23171704
4,325,V,-0.40519777
4,325,V,-0.38437548
4,325,V,-0.36174473
4,325,V,-0.37424687
4,326,H,-0.17554957
4,326,H,0.48507077
4,326,H,0.47138977
4,326,H,0.4061015
4,326,H,0.8066386
4,326,V,-0.5781712
4,326,V,0.8823547
4,326,V,-0.48979715
4,326,V,0.79112995
4,326,V,-0.66760176
4,326,V,0.7318968
4,327,V,0.05655708
4,327,V,-0.31665197
4,327,V,-0.26145712
4,327,V,-0.39672565
4,328,V,0.6436805
4,328,V,0.88456416
4,328,V,0.8117584
4,328,V,0.935064
4,329,H,0.08137019
4,329,H,0.08505534
4,329,H,0.014517197
4,329,H,-0.037337698
4,329,H,-0.039331283
4,330,V,-0.3390402
4,330,V,0.17890479
4,330,V,0.20248926
4,330,V,0.4144879
4,331,V,0.06246965
4,331,V,0.17141443
4,331,V,-0.013448437
4,331,V,-0.012220185
4,331,V,0.07717505
4,331,V,0.2969828
4,332,H,-0.053170368
4,332,H,0.15286456
4,332,H,0.1567475
4,332,H,0.034755144
4,332,H,0.1642182
4,332,V,-0.21283042
4,332,V,-0.41515878
4,332,V,-0.41751397
4,333,H,1.0
4,333,H,1.0
4,333,H,1.0
4,333,H,1.0
4,333,V,0.19720592
4,333,V,0.2487281
4,333,V,0.3473611
4,333,V,-0.05022046
4,333,V,-0.16812359
4,333,V,-0.04002039
4,333,V,-0.37766594
4,333,V,-0.07375006
4,333,V,-0.052917752
4,333,V,-0.33473408
4,333,V,-0.47572374
4,333,V,-0.31097814
4,333,V,-0.4233093
4,333,V,-0.42530754
4,334,H,0.6938435
4,334,H,0.45694757
4,334,H,0.32631853
4,334,H,-0.028419647
4,334,H,0.01503894
4,334,H,-9.963345e-05
4,334,H,0.029034846
4,334,H,0.058968395
4,334,H,0.011059053
4,334,H,0.033733826
4,334,H,0.020893583
4,335,H,-0.005399027
4,335,H,0.03455885
4,335,H,0.12870447
4,335,H,0.05320486
4,335,H,0.051700637
4,335,H,0.107453994
4,336,H,0.99762315
4,336,H,0.8494704
4,336,H,-0.92063695
4,336,H,0.8856856
4,336,H,-0.8964277
4,336,V,0.33293375
4,336,V,-1.0
4,336,V,0.6508955
4,336,V,-0.978964
4,336,V,0.6372978
4,336,V,-0.9819325
4,336,V,0.93701863
4,337,H,1.0
4,338,V,-0.07430501
4,338,V,0.21226914
4,338,V,0.17463814
4,338,V,0.26020807
4,338,V,-0.13494971
4,338,V,-0.117106356
4,338,V,-0.09450879
4,338,V,-0.25331172
4,338,V,-0.14019167
4,339,H,-1.0
4,339,H,1.0
4,339,V,-1.0
4,339,V,-1.0
4,340,V,-0.30044657
4,340,V,-0.0742216
4,340,V,0.15503791
4,340,V,0.34840578
4,340,V,0.06998309
4,340,V,0.22733463
4,340,V,0.1393071
4,340,V,0.5928364
4,340,V,0.47258896
4,341,H,-0.44027627
4,341,H,-0.411559
4,341,H,-0.38428235
4,341,H,-0.40347213
4,341,H,-0.29497525
4,341,V,0.046741426
4,341,V,0.1521721
4,341,V,-0.070176214
4,341,V,0.053107128
4,341,V,-0.07316642
4,341,V,0.06405006
4,341,V,-0.123814255
4,341,V,-0.035249792
4,342,H,0.17549387
4,342,H,0.26284894
4,342,H,0.22040462
4,342,H,0.21984403
4,342,H,0.19467928
4,342,H,-0.006648934
4,342,H,-0.011075541
4,342,H,-0.008373294
4,342,H,-0.011910132
4,342,H,-0.0007669287
4,342,H,-0.01805133
4,342,H,-0.002538594
4,342,H,-0.0126897255
4,342,H,-0.0011118123
4,342,H,-0.0076224124
4,342,H,-0.16129012
4,342,H,-0.16189435
4,342,H,-0.18502766
4,342,V,-0.3344714
4,342,V,-0.3029951
4,342,V,-0.32855967
4,342,V,-0.042396236
4,342,V,-0.04450453
4,342,V,-0.053005707
4,342,V,-0.009281723
4,342,V,-0.094817854
4,342,V,-0.05509124
4,342,V,-0.03153344
4,342,V,-0.048624963
4,342,V,-0.04437809
4,342,V,-0.081428476
4,342,V,0.14683469
4,342,V,0.08342311
4,342,V,0.0878965
4,342,V,0.1489832
4,342,V,0.05647945
4,343,H,-0.48580468
4,343,V,-0.18835647
4,343,V,-0.6044837
4,343,V,-0.8777031
4,344,V,-0.6304873
4,344,V,0.2721985
4,344,V,0.3336946
4,344,V,0.01951273
4,345,H,0.0088054165
4,345,H,0.02843095
4,345,H,0.034158096
4,345,H,-0.06844223
4,345,H,-0.011461027
4,345,H,-0.08011785
4,345,H,-0.063316435
4,345,H,-0.030769022
4,345,H,-0.054982502
4,345,H,-0.040301118
4,345,V,-0.09981172
4,345,V,-0.84097534
4,345,V,0.004592605
4,345,V,-0.10369767
4,345,V,-0.045045566
4,345,V,0.78127086
4,345,V,-0.7577506
4,345,V,-0.046182457
4,345,V,-0.13518676
4,345,V,-0.051349293
4,345,V,0.7253603
4,345,V,-0.0030509124
4,346,H,-1.0
4,346,H,-1.0
4,346,H,-1.0
4,346,H,-0.7912078
4,346,H,-0.49873957
4,346,H,-0.49518982
4,346,H,-0.04605052
4,346,V,1.0
4,346,V,1.0
4,346,V,1.0
4,346,V,1.0
4,346,V,1.0
4,346,V,0.9400127
4,347,H,-0.99694544
4,347,H,-0.99677515
4,347,H,-0.9966578
4,347,H,-0.97810686
4,347,V,1.0
4,347,V,1.0
4,347,V,1.0
4,347,V,0.9971744
4,348,H,-0.888258
4,348,H,-0.792635
4,348,H,-0.6193672
4,348,H,-0.5464033
4,348,H,-0.58241224
4,348,V,0.22142294
4,348,V,-0.24435046
4,348,V,-0.22174482
4,348,V,-0.6720985
4,348,V,-0.3151215
4,348,V,-0.4993663
4,349,H,0.1492664
4,349,H,0.008196935
4,349,H,-0.3072341
4,349,H,0.08275847
4,349,H,0.090358965
4,349,H,-0.23991197
4,349,V,-0.09217659
4,349,V,-0.07979556
4,349,V,-0.076550454
4,349,V,-0.06457749
4,349,V,0.21620272
4,349,V,0.10572705
4,349,V,0.07002868
4,349,V,0.24832739
4,350,V,1.0
4,350,V,1.0
4,350,V,1.0
4,350,V,1.0
4,351,H,-0.21192393
4,351,H,-0.11860223
4,351,H,-0.09841555
4,351,H,-0.051808823
4,352,V,0.81721795
4,352,V,-0.7434611
4,353,H,0.37203538
4,353,H,0.67322
4,353,H,0.38024077
4,353,H,0.5093355
4,353,H,0.6950838
4,353,H,0.6379788
4,353,H,0.6152993
4,353,H,0.7096597
4,353,H,0.680112
4,353,H,0.8086496
4,353,H,0.9690797
4,353,V,0.8617134
4,353,V,0.80350626
4,353,V,0.8961901
4,353,V,0.89506626
4,354,H,-0.7090132
4,354,H,-0.6172223
4,354,H,-0.480568
4,354,H,-0.49596444
4,354,H,-0.44625732
4,354,H,-0.049965173
4,354,H,0.030779306
4,354,H,0.0027296275
4,354,V,-0.2831345
4,354,V,-0.16323704
4,354,V,-0.13363639
4,354,V,-0.052258234
4,355,H,-0.9622885
4,355,H,-0.80734783
4,355,H,-0.8039826
4,355,H,-0.73637134
4,355,H,-0.97199345
4,355,H,-0.95952743
4,355,H,-0.9722573
4,355,V,-0.9367484
4,355,V,-0.9895568
4,355,V,-0.990676
4,355,V,-0.97867966
4,356,H,1.0
4,357,H,0.97438663
4,357,H,0.85048884
4,357,H,0.84905297
4,357,H,0.8825261
4,357,H,1.0
4,357,H,1.0
4,357,V,0.91239256
4,357,V,0.8791515
4,358,H,-0.10760552
4,358,H,-0.066801466
4,358,H,-0.15265194
4,358,H,-0.14245959
4,358,H,-0.17180668
4,358,H,-0.09414916
4,358,H,-0.21209535
4,358,H,-0.08523701
4,358,V,0.3541328
4,359,H,0.71602386
4,359,H,0.89774424
4,359,H,0.92245716
4,359,H,0.88941574
4,359,V,1.0
4,359,V,-0.96767557
4,359,V,1.0
4,359,V,-1.0
4,359,V,1.0
4,359,V,-0.99981755
4,359,V,0.99869525
4,360,H,-0.93460417
4,360,H,-0.91816914
4,360,H,-0.8920248
4,360,H,-0.9003148
4,360,V,-0.18526348
4,360,V,-0.5880856
4,361,V,0.007813104
4,361,V,-0.006883668
4,361,V,-0.0016613088
4,361,V,-0.11044642
4,362,H,-0.392535
4,362,H,-0.103250846
4,362,H,-0.12730768
4,362,H,-0.25892746
4,362,V,0.73579043
4,362,V,0.93024707
4,362,V,0.71770346
4,362,V,1.0
4,363,H,1.0
4,363,H,1.0
4,363,H,1.0
4,363,V,-0.3081153
4,363,V,-0.17221056
4,363,V,-0.24011017
4,363,V,-0.6045809
4,363,V,-0.3251651
4,363,V,-0.56295985
4,363,V,-0.48124367
4,363,V,-0.3903921
4,363,V,-0.8023516
4,363,V,-0.5840538
4,364,H,0.4319193
4,364,H,-0.28811756
4,364,H,-0.17274089
4,364,H,-0.27569565
4,364,H,-0.13403101
4,364,H,-0.7487132
4,364,H,-0.78010464
4,364,H,-0.6912804
4,365,H,-0.044925157
4,365,H,-0.047151342
4,365,H,-0.21411605
4,365,H,-0.05869728
4,365,H,-0.07099521
4,365,H,-0.19693017
4,365,V,-0.7696799
4,365,V,-0.7873065
4,365,V,0.4904678
4,365,V,0.36385933
4,366,H,-0.81661975
4,366,H,-0.9508954
4,366,H,-0.92720056
4,366,H,-0.8230194
4,366,H,-0.99954915
4,366,H,-1.0
4,366,H,-1.0
4,366,V,-0.8361583
4,366,V,-0.75298196
4,366,V,-0.66077715
4,366,V,-0.5316737
4,366,V,-0.73181814
4,366,V,-0.62802994
4,366,V,-0.65204
4,367,H,-0.031109735
4,367,H,-0.08919918
4,367,H,-0.050350185
4,367,H,-0.028707953
4,367,H,-0.02223116
4,367,H,-0.02629974
4,367,H,-0.04545748
4,367,H,-0.032090545
4,367,H,-0.024166087
4,367,H,-0.008183491
4,367,H,-0.30264622
4,367,H,-0.273444
4,367,H,-0.25061107
4,367,V,-0.02395499
4,367,V,-0.01618273
4,367,V,-0.015617933
4,367,V,-0.008034787
4,367,V,-0.017867217
4,367,V,-0.011327009
4,367,V,-0.02267855
4,367,V,-0.012815208
4,367,V,-0.020371482
4,367,V,-0.028177042
4,367,V,0.2364277
4,367,V,0.21273139
4,367,V,0.28265822
4,368,H,-1.0
4,368,H,-1.0
4,368,H,-1.0
4,368,H,-1.0
4,368,H,-1.0
4,368,V,0.5891871
4,368,V,1.0
4,368,V,-0.9963092
4,368,V,-1.0
4,369,H,0.040018924
4,369,H,-0.06127061
4,369,H,-0.070594676
4,369,H,-0.14444481
4,370,H,0.8598922
4,370,H,0.19909823
4,370,H,0.14626005
4,370,H,0.3567033
4,370,H,-0.5877779
4,370,H,0.7748209
4,370,H,-0.022101218
4,370,H,0.075458124
4,370,H,0.06451149
4,370,H,-0.6479099
4,370,H,0.66249675
4,370,H,0.11694142
4,370,H,0.019515088
4,370,H,-0.016851254
4,370,H,-0.6264948
4,370,H,0.8006683
4,370,H,0.013966394
4,370,H,0.1021307
4,370,H,0.03782694
4,370,H,-0.59657526
4,370,V,0.7267633
4,370,V,-0.1754163
4,370,V,-0.1772489
4,370,V,-0.3384025
4,370,V,-0.819302
4,370,V,0.72500813
4,370,V,-0.0070057367
4,370,V,-0.182388
4,370,V,-0.111987166
4,370,V,-0.66948676
4,370,V,0.64104396
4,370,V,-0.18083572
4,370,V,-0.18636331
4,370,V,-0.08810109
4,370,V,-0.76227784
4,370,V,0.6670592
4,370,V,-0.12112451
4,370,V,-0.2013336
4,370,V,-0.19565761
4,370,V,-0.7849703
4,371,H,-0.13594018
4,371,H,0.15912002
4,371,H,-0.12647477
4,371,H,0.052209135
4,371,H,0.0023076509
4,371,H,0.13963673
4,371,H,-0.35419264
4,371,H,0.06345396
4,371,V,-0.16719449
4,371,V,0.14998816
4,371,V,-0.09282012
4,371,V,0.15689595
4,371,V,-0.093102604
4,371,V,0.20170751
4,371,V,-0.009308204
4,371,V,0.3424878
4,372,H,-0.8142291
4,372,H,-0.73472285
4,372,H,-0.6764782
4,372,V,0.78616863
4,372,V,0.8155701
4,372,V,0.85129255
4,372,V,0.2897582
4,372,V,0.51820076
4,372,V,0.2430318
4,373,H,0.5658537
4,373,H,0.7042047
4,373,H,0.47923017
4,373,H,0.31078643
4,373,H,0.30177304
4,373,H,0.38056922
4,373,H,0.28605655
4,373,H,0.3489801
4,373,H,0.3955092
4,373,H,0.19384205
4,373,H,0.17700796
4,373,H,0.28272286
4,374,H,0.16519828
4,374,H,-0.15189113
4,374,H,-0.1972748
4,374,H,-0.5871408
4,374,H,-0.48601204
4,374,V,0.3372192
4,374,V,0.35546786
4,374,V,0.27812546
4,374,V,0.23433077
4,374,V,0.32801634
4,374,V,0.3478313
4,374,V,0.33224073
4,374,V,0.24755742
4,374,V,0.7603993
4,374,V,0.71379673
4,374,V,0.82264346
4,374,V,0.7239794
4,374,V,0.63564515
4,375,H,-0.31692368
4,375,H,-0.70431143
4,375,H,-0.68394256
4,375,H,-0.5575085
4,375,V,-0.038396884
4,375,V,-0.3836773
4,376,H,0.042022068
4,376,H,0.081381105
4,376,H,-0.002539429
4,376,H,0.044939224
4,376,H,0.14440288
4,376,H,-0.0744547
4,376,H,-0.058932185
4,376,H,-0.07755435
4,376,H,-0.15068099
4,376,H,0.15103093
4,376,H,-0.038777266
4,376,H,-0.015875282
4,376,H,-0.07006104
4,376,H,-0.117582455
4,376,H,0.2779656
4,376,H,-0.008389188
4,376,H,0.0473582
4,376,H,0.039292794
4,376,H,-0.10149319
4,376,V,-0.009988293
4,376,V,-0.05957798
4,376,V,-0.05430258
4,376,V,-0.04268904
4,376,V,-0.010296844
4,376,V,0.117129065
4,376,V,0.040144123
4,376,V,0.09825582
4,376,V,0.08738627
4,376,V,-0.09484975
4,376,V,0.11941412
4,376,V,0.056652553
4,376,V,0.11722183
4,376,V,0.07888446
4,376,V,-0.08574588
4,376,V,0.12614182
4,376,V,-0.006662971
4,376,V,0.054811135
4,376,V,0.09449675
4,376,V,-0.079066
4,377,H,0.9996792
4,377,H,-1.0
4,377,H,1.0
4,377,H,-1.0
4,377,H,1.0
4,377,H,-1.0
4,377,H,1.0
4,377,H,-1.0
4,377,V,-0.99998266
4,377,V,1.0
4,377,V,-1.0
4,377,V,1.0
4,377,V,-1.0
4,377,V,0.9998336
4,377,V,-1.0
4,378,H,0.2945396
4,378,H,0.11059158
4,378,H,0.18049444
4,378,H,0.23420432
4,378,H,0.017232684
4,378,V,-0.017770827
4,378,V,-0.1835503
4,378,V,-0.08795703
4,378,V,-0.06549523
4,379,H,-0.26996818
4,379,H,-0.31815627
4,379,H,-0.25757954
4,379,H,0.01455846
4,379,H,-0.18508081
4,379,H,0.1229711
4,380,V,-0.08461
4,380,V,0.029327683
4,380,V,-0.08932274
4,380,V,0.034033775
4,380,V,-0.11070197
4,380,V,0.086861655
4,380,V,0.021569796
4,380,V,-0.14625435
4,380,V,0.025052834
4,380,V,-0.00016464927
4,380,V,0.19362906
4,380,V,-0.13416155
4,380,V,0.021669824
4,381,H,-0.13089898
4,381,H,-0.06349949
4,381,H,-0.09672091
4,381,H,-0.09841713
4,381,V,-0.23301336
4,381,V,0.085588574
4,381,V,0.008227868
4,381,V,0.08573854
4,381,V,0.063204505
4,381,V,0.009287822
4,381,V,0.067773044
4,382,H,-0.2544898
4,382,V,0.053654857
4,382,V,0.57632476
4,382,V,0.004036372
4,382,V,0.49501422
4,382,V,-0.014913564
4,382,V,0.52195525
4,382,V,0.29292437
4,382,V,0.5561406
4,383,H,0.075521
4,383,H,0.07157662
4,383,H,0.2338676
4,383,H,-0.17023107
4,383,H,0.2863436
4,383,H,0.0067121405
4,383,H,0.086954966
4,383,H,-0.10406934
4,383,H,0.24349324
4,383,H,-0.13036568
4,383,H,0.060484964
4,383,H,0.2230962
4,383,H,0.23489426
4,383,H,0.042655177
4,383,H,-0.07808564
4,383,H,0.18413831
4,383,V,0.0755148
4,383,V,0.0039361515
4,383,V,0.18818726
4,383,V,-0.09710581
4,383,V,0.13152516
4,383,V,0.12891924
4,383,V,0.1413189
4,384,H,-0.19783288
4,384,H,-0.23141187
4,384,H,-0.22622305
4,384,H,-0.14108387
4,384,H,-0.12445102
4,384,H,-0.21652682
4,384,H,-0.28632933
4,385,H,-0.031949148
4,385,H,-0.106410176
4,385,H,0.011270186
4,385,H,-0.105213284
4,385,H,-0.08285781
4,385,H,-0.11690111
4,385,H,-0.08550683
4,385,H,-0.16055524
4,385,H,-0.09505601
4,385,H,0.013910061
4,385,H,0.005098209
4,385,H,-0.019215077
4,385,V,-0.118881285
4,385,V,-0.17755702
4,385,V,-0.19936615
4,385,V,0.022951035
4,385,V,-0.17544268
4,385,V,-0.10937021
4,385,V,-0.1129456
4,385,V,-0.1468361
4,385,V,-0.065962926
4,385,V,-0.09087366
4,385,V,-0.18620159
4,385,V,-0.13749446
4,386,H,0.09459732
4,386,H,0.037753623
4,386,H,0.021517746
4,386,H,0.022861497
4,386,H,0.09692337
4,386,H,0.08312033
4,386,H,0.018269364
4,386,H,0.037600826
4,386,H,0.033740804
4,386,H,0.06671359
4,386,H,-0.24444468
4,386,H,-0.2786054
4,386,H,-0.28562072
4,386,V,-0.2163454
4,386,V,-0.23182866
4,386,V,-0.19279318
4,386,V,-0.041640945
4,386,V,-0.06296851
4,386,V,-0.0020289687
4,386,V,-0.026160605
4,386,V,-0.046353724
4,386,V,-0.010738801
4,386,V,0.17250797
4,386,V,0.21104264
4,386,V,0.3561816
4,387,H,0.674505
4,388,V,-0.0071570235
4,388,V,0.19090635
4,388,V,-0.0029012163
4,388,V,0.36499164
4,388,V,0.22148412
4,389,H,0.15102668
4,389,H,-0.5488342
4,389,H,-0.11990421
4,389,H,-0.06526275
4,389,H,-0.0056563006
4,389,H,0.2431312
4,389,H,-0.5387219
4,389,H,-0.053236544
4,389,H,-0.06010778
4,389,H,0.21840136
4,389,H,-0.23032184
4,389,V,-0.20778304
4,389,V,0.018966852
4,389,V,0.00853485
4,389,V,0.04506963
4,389,V,0.17504868
4,389,V,-0.20573755
4,389,V,0.015052203
4,389,V,0.0103912065
4,389,V,0.013330962
4,389,V,0.16563073
4,389,V,0.4312361
4,390,H,-0.9514321
4,390,V,0.08949812
4,390,V,0.106434256
4,390,V,0.12626106
4,390,V,0.11799746
4,391,V,0.83025
4,391,V,0.7090389
4,391,V,0.69293696
4,391,V,0.4072149
4,391,V,0.5728325
4,391,V,0.62420684
4,391,V,0.11736127
4,391,V,0.62316203
4,391,V,0.12654296
4,391,V,0.118440405
4,391,V,0.00088893436
4,391,V,0.14348376
4,391,V,-0.15997486
4,392,V,-1.0
4,393,H,0.8064676
4,393,H,0.018032093
4,393,H,0.06844102
4,393,V,0.24446635
4,393,V,0.124107465
4,393,V,0.17918776
4,393,V,0.22889018
4,393,V,0.16563131
4,393,V,0.14221868
4,393,V,0.65477145
4,393,V,0.7637549
4,393,V,0.77763426
4,394,H,1.0
4,394,H,1.0
4,394,H,1.0
4,394,H,1.0
4,394,H,1.0
4,394,H,1.0
4,394,H,1.0
4,394,H,1.0
4,394,H,1.0
4,394,H,1.0
4,394,H,1.0
4,394,H,1.0
4,394,H,1.0
4,394,V,-1.0
4,394,V,-1.0
4,394,V,-1.0
4,394,V,-1.0
4,394,V,-1.0
4,394,V,-1.0
4,394,V,-1.0
4,394,V,-1.0
4,394,V,-1.0
4,395,H,-0.25457305
4,395,H,-0.22491612
4,395,H,-0.18247472
4,395,H,-0.05074922
4,395,H,-0.061074983
4,395,H,-0.04897442
4,395,H,-0.03973401
4,395,H,-0.05336846
4,395,H,-0.025167787
4,395,H,0.111514755
4,395,H,0.12551631
4,395,H,0.09546231
4,396,V,-0.39164183
4,396,V,-0.7400822
4,396,V,-0.6775471
4,396,V,-0.74111336
4,396,V,-0.5897161
4,396,V,-0.45709842
4,396,V,-0.4722101
4,397,H,-0.04647877
4,397,H,0.017027238
4,397,H,-0.013853921
4,397,H,0.0015516237
4,397,H,0.03208904
4,397,H,-0.02610698
4,397,H,0.003936163
4,397,H,0.017834583
4,397,H,0.02778812
4,397,H,0.035860486
4,398,H,0.08493696
4,398,H,0.14718933
4,398,H,0.09315308
4,398,H,0.21522145
4,399,H,0.61403227
4,399,H,0.7950734
4,399,H,0.72442776
4,399,H,0.8038701
4,399,V,1.0
4,400,V,-0.22828299
4,400,V,0.3265879
4,400,V,-0.2288905
4,400,V,0.33626947
4,400,V,0.93015426
4,401,H,-1.0
4,401,H,-1.0
4,401,V,-0.9944046
4,401,V,-0.99991876
4,401,V,-1.0
4,401,V,-1.0
4,402,H,0.28851143
4,402,H,0.4198132
4,402,H,0.4476075
4,402,H,1.0
4,402,H,1.0
4,402,H,1.0
4,402,V,0.62464756
4,402,V,0.066597626
4,402,V,0.0288088
4,402,V,-0.5490053
4,403,H,-0.44684526
4,403,H,-0.3884075
4,403,H,-0.25187948
4,403,H,-0.406581
4,403,H,-0.47716343
4,403,H,-0.33039173
4,403,H,-0.25252125
4,403,H,-0.3706215
4,403,H,-0.33389202
4,403,H,0.1361935
4,403,H,-0.4568241
4,403,H,-0.64469016
4,403,H,-0.66964245
4,404,H,1.0
4,405,H,0.2775501
4,405,H,0.65852195
4,405,V,0.4499618
4,405,V,0.37913737
4,405,V,0.3533994
4,405,V,0.288417
4,406,V,-0.1770064
4,406,V,0.10089014
4,406,V,-0.10927402
4,406,V,-0.106238045
4,406,V,0.040115703
4,406,V,-0.1157011
4,406,V,0.08647401
4,406,V,-0.101056375
4,406,V,0.09911427
4,407,H,-0.3531627
4,408,H,0.14188479
4,408,H,0.14012606
4,408,H,0.13897422
4,408,H,0.111079566
4,408,H,0.13956992
4,408,H,0.04118477
4,408,H,-0.01491261
4,408,H,-0.002416587
4,408,H,-0.009666772
4,408,H,-0.01805333
4,408,H,0.036422748
4,408,H,-0.013790711
4,408,H,-0.013559219
4,408,H,-0.009509956
4,408,H,-0.0063427365
4,408,H,-0.0030861555
4,408,H,-0.03750768
4,408,H,-0.028314685
4,408,H,-0.03444844
4,408,H,-0.11954897
4,408,V,-0.20716059
4,408,V,-0.19091327
4,408,V,-0.17301963
4,408,V,-0.18458973
4,408,V,-0.036723174
4,408,V,-0.02450555
4,408,V,-0.030407075
4,408,V,-0.119334266
4,408,V,-0.042007122
4,408,V,-0.022139821
4,408,V,-0.036448803
4,408,V,-0.10167509
4,408,V,-0.048777357
4,408,V,-0.042477716
4,408,V,-0.038951263
4,408,V,-0.077792116
4,409,H,0.14665994
4,409,H,0.36609998
4,409,H,-0.09473233
4,409,H,0.0012485014
4,409,H,-0.1341928
4,409,H,-0.036702655
4,409,H,-0.3794153
4,409,H,-0.22033738
4,409,V,-0.15063219
4,409,V,-0.16945118
4,409,V,-0.22770835
4,409,V,-0.05588396
4,410,H,-0.49292266
4,410,H,-0.4246796
4,410,H,-0.30189863
4,410,H,-0.7984125
4,410,H,-0.17652188
4,410,H,-0.2572806
4,410,H,-0.04450642
4,410,H,-0.61243826
4,410,H,-0.08444401
4,410,H,-0.18975586
4,410,H,-0.62053233
4,410,H,0.10155955
4,410,H,0.1729089
4,410,H,0.04173697
4,410,H,-0.5814547
4,410,V,-0.18471786
4,410,V,0.0019088421
4,410,V,-0.0150174135
4,410,V,-0.22371131
4,410,V,-0.042636357
4,410,V,-0.2897313
4,410,V,-0.21822551
4,410,V,-0.22510822
4,410,V,-0.105854206
4,410,V,-0.56277955
4,410,V,-0.30550346
4,411,H,-0.029765515
4,411,H,-0.0022024824
4,411,H,-0.024820752
4,411,H,0.01496294
4,411,H,0.114524804
4,411,H,-0.01761166
4,411,H,-0.002157269
4,411,H,-0.0016659715
4,411,H,-0.009402605
4,411,H,0.07646891
4,411,V,0.043636244
4,411,V,0.13296053
4,411,V,0.034345992
4,411,V,0.08300685
4,412,H,-0.060178973
4,412,V,-0.2652369
4,412,V,-0.22671303
4,412,V,-0.25266865
4,412,V,-0.2047035
4,413,H,-0.21124642
4,413,H,-0.0904846
4,413,H,-0.09267357
4,413,H,0.03510579
4,413,V,-0.95484096
4,414,H,0.30825752
4,414,H,0.3891795
4,414,H,0.3436482
4,414,V,0.82985455
4,414,V,0.83202523
4,415,H,0.022443129
4,415,H,-0.011886579
4,415,H,-0.009127053
4,415,H,-0.05876566
4,415,H,-0.030466044
4,415,V,0.17457306
4,415,V,-0.050131373
4,415,V,0.031908937
4,416,H,-1.0
4,416,H,-1.0
4,416,H,-1.0
4,416,H,-1.0
4,416,V,1.0
4,416,V,1.0
4,416,V,1.0
4,416,V,1.0
4,417,V,-0.03345732
4,417,V,0.06387346
4,417,V,-0.025718585
4,417,V,0.09556952
4,417,V,0.014932549
4,417,V,0.106949836
4,417,V,-0.051669892
4,417,V,0.064986564
4,418,H,0.4949912
4,418,H,0.46489093
4,418,H,0.43904662
4,418,V,-0.9995425
4,418,V,-1.0
4,418,V,-1.0
4,418,V,-0.9995314
4,419,H,0.054525368
4,419,H,0.008714169
4,419,H,0.057506926
4,419,H,0.0435206
4,419,H,-0.079522885
4,419,V,-0.19660877
4,419,V,-0.01158009
4,419,V,-0.022599757
4,419,V,-0.008824979
4,419,V,0.00942602
4,419,V,-0.05300304
4,419,V,-0.02198531
4,419,V,-0.005221162
4,419,V,-0.01034668
4,419,V,-0.013351455
4,419,V,-0.04797867
4,419,V,0.090831555
4,420,V,-0.112351485
4,420,V,-0.19064428
4,420,V,0.008405333
4,420,V,-0.05497532
4,420,V,-0.09178304
4,420,V,-0.023403885
4,420,V,-0.05614159
4,420,V,-0.039644253
4,420,V,-0.04883589
4,421,H,-0.41017815
4,421,V,0.71816325
4,421,V,0.6310676
4,421,V,0.68552834
4,421,V,0.5628979
4,421,V,0.7063585
4,421,V,0.6105802
4,421,V,0.645996
4,421,V,0.74710786
4,421,V,0.5824866
4,421,V,0.46837702
4,421,V,0.52573735
4,421,V,0.5706133
4,422,H,0.96270436
4,422,H,0.97788453
4,422,H,0.9571141
4,422,H,0.96241283
4,422,H,0.9520623
4,423,H,0.93273383
4,423,V,0.49501568
4,423,V,0.5125664
4,423,V,0.48736897
4,423,V,0.50645584
4,424,V,-0.10523475
4,424,V,-0.31216002
4,424,V,-0.32800162
4,424,V,-0.2375529
4,424,V,-0.28190526
4,424,V,0.046788625
4,424,V,-0.027410144
4,424,V,-0.010427685
4,424,V,-0.020878434
4,424,V,-0.07200673
4,424,V,0.03641703
4,424,V,-0.025509592
4,424,V,-0.015680136
4,424,V,-0.022728946
4,424,V,-0.06269695
4,424,V,0.09548579
4,424,V,0.116325416
4,424,V,0.09355165
4,424,V,0.07585491
4,424,V,0.031217016
4,425,H,0.13931738
4,425,H,0.30177003
4,425,H,0.08480896
4,425,H,0.0978398
4,425,V,0.11805275
4,425,V,0.09621739
4,426,H,-1.0
4,426,H,-0.888792
4,426,V,1.0
4,426,V,1.0
4,426,V,1.0
4,426,V,0.9787371
4,427,H,-0.95468587
4,427,H,0.73328924
4,427,H,0.55345887
4,427,V,1.0
4,427,V,-0.933347
4,427,V,-0.79579747
4,428,H,0.07645938
4,428,H,0.14364912
4,428,H,-0.06976599
4,428,H,0.019265031
4,428,H,0.04651018
4,428,H,0.009029969
4,428,H,-0.0109937955
4,428,V,-0.08277685
4,428,V,-0.022692582
4,429,H,-0.77436996
4,429,H,-0.64579713
4,429,H,0.6541392
4,429,H,0.6774488
4,429,V,0.42891443
4,429,V,-0.40003008
4,429,V,1.0
4,429,V,-0.338142
4,429,V,1.0
4,430,H,0.43038976
4,430,H,0.37377125
4,430,H,0.34121683
4,430,H,0.06247261
4,430,V,-0.38374656
4,430,V,-0.16724439
4,430,V,-0.15501218
4,430,V,0.019517614
4,431,H,0.29985934
4,431,H,0.17137355
4,431,H,0.06709956
4,431,H,0.24438986
4,431,H,-0.93191534
4,431,V,-0.14683329
4,431,V,0.0030951896
4,432,H,0.030058468
4,432,H,-0.24616477
4,432,H,0.06437666
4,432,H,0.14653234
4,432,H,-0.24891388
4,432,V,0.6520432
4,432,V,0.9389755
4,432,V,0.95925814
4,432,V,0.6718366
4,432,V,0.68014634
4,432,V,0.4671795
4,433,H,0.92047054
4,433,H,0.9220289
4,433,H,0.8815936
4,433,H,0.94915783
4,433,V,-0.3281472
4,433,V,-0.27012292
4,433,V,-0.25715306
4,433,V,-0.041109603
4,433,V,-0.26293007
4,433,V,-0.021487273
4,433,V,-0.16796227
4,433,V,0.24404024
4,434,H,-0.47090635
4,434,H,-0.48515093
4,434,H,-0.4371649
4,434,H,-0.38755172
4,434,V,-0.7883537
4,434,V,-0.9160413
4,434,V,-0.91500163
4,434,V,-0.9645245
4,435,H,1.0
4,435,V,1.0
4,435,V,-1.0
4,436,H,0.11353631
4,436,H,0.055824928
4,436,H,0.2604573
4,436,H,0.04410794
4,436,H,0.30900487
4,436,H,-0.03485787
4,436,H,-0.070236
4,436,H,0.04243465
4,436,H,0.09107058
4,436,H,0.06250762
4,436,H,0.07253823
4,436,H,0.045869377
4,436,H,0.05620902
4,436,H,0.046854828
4,436,H,0.1293437
4,436,H,0.09760124
4,436,H,0.05066761
4,436,H,0.12004608
4,436,H,0.16909172
4,436,H,0.07419494
4,436,V,-0.20371424
4,436,V,0.0048012226
4,436,V,-0.058848504
4,436,V,-0.049675707
4,436,V,0.00924141
4,436,V,-0.03977797
4,436,V,-0.025216078
4,436,V,0.12371768
4,436,V,0.10827549
4,436,V,0.117140695
4,436,V,-0.015900591
4,436,V,0.03287874
4,436,V,0.19451049
4,436,V,0.06664367
4,436,V,0.10315587
4,436,V,0.062345807
4,436,V,0.024707494
4,436,V,0.1601814
4,436,V,0.2682869
4,436,V,0.15455605
4,437,H,-0.13138238
4,437,H,0.008583666
4,437,H,0.020356659
4,437,H,0.09748239
4,437,V,0.20912194
4,437,V,0.26686522
4,437,V,0.2992454
4,437,V,0.22216924
4,437,V,0.23853795
4,438,H,-0.32015255
4,438,H,-0.5481582
4,438,H,-0.56826603
4,438,H,-0.51861084
4,438,H,-0.54023117
4,438,V,0.8213202
4,439,H,0.8324914
4,439,H,0.38019562
4,439,H,-0.18549632
4,439,H,0.45516932
4,439,H,-0.13111745
4,439,V,0.36625677
4,439,V,0.4029809
4,440,H,0.44992238
4,440,H,0.6268874
4,440,H,0.6070806
4,440,H,0.58745575
4,441,H,-1.0
4,441,H,-1.0
4,441,H,-1.0
4,441,H,-1.0
4,441,V,-1.0
4,441,V,-0.99984646
4,441,V,-0.99999046
4,441,V,-1.0
4,442,H,-1.0
4,442,H,-1.0
4,442,H,-1.0
4,442,H,-0.9807988
4,442,V,1.0
4,442,V,1.0
4,442,V,1.0
4,442,V,0.9283362
4,443,H,-0.20212652
4,443,H,-0.43960035
4,443,H,-0.44242045
4,443,H,0.050025593
4,443,H,0.11433638
4,443,H,0.1992691
4,443,H,0.34619275
4,443,H,0.38352638
4,443,V,0.19245835
4,443,V,-0.41956154
4,444,H,0.10002828
4,444,H,0.12702602
4,444,H,0.11575344
4,444,H,0.17050427
4,444,H,0.1517315
4,444,H,0.10593599
4,444,H,0.1308419
4,444,H,0.088609084
4,444,H,0.16280422
4,444,H,0.13270333
4,444,V,-0.2868803
4,444,V,0.18753117
4,444,V,0.15122406
4,444,V,0.13113695
4,444,V,0.22010745
4,444,V,0.15615115
4,444,V,0.10237029
4,445,H,-0.032572538
4,445,H,-0.025776664
4,445,H,-0.032176703
4,445,H,-0.13356403
4,445,H,-0.076761924
4,445,H,0.10023613
4,445,H,-1.0
4,445,V,-1.0
4,445,V,-1.0
4,445,V,-1.0
4,445,V,-0.06307372
4,445,V,-0.0680067
4,445,V,-0.28577125
4,445,V,5.8088543e-05
4,445,V,0.025824165
4,445,V,-0.22391799
4,445,V,1.0
4,445,V,1.0
4,445,V,1.0
4,446,V,0.21602839
4,446,V,0.108783275
4,446,V,0.5084716
4,446,V,0.0008377611
4,446,V,-0.0153243095
4,446,V,0.5141403
4,446,V,-0.1652849
4,446,V,0.040757623
4,446,V,0.46605402
4,446,V,-0.054491047
4,446,V,0.21273611
4,446,V,0.47586748
4,447,V,0.037335493
4,447,V,0.048385464
4,447,V,0.035757136
4,447,V,-0.01875958
4,447,V,-0.012674704
4,447,V,-0.02650423
4,447,V,-0.009159272
4,447,V,0.0030645302
4,447,V,0.0021977345
4,447,V,-0.06755455
4,447,V,-0.034368973
4,447,V,-0.008879671
4,448,H,0.16143931
4,448,H,0.08919478
4,448,H,-0.18049143
4,448,H,-0.030376513
4,448,H,0.15130927
4,448,H,0.07007756
4,448,H,0.3424985
4,449,H,0.62497514
4,449,H,-0.0800221
4,449,H,0.32682902
4,449,H,0.4886827
4,449,H,-0.13501357
4,449,H,0.26152912
4,449,H,-0.011841671
4,449,H,0.5867687
4,449,H,-0.10445016
4,449,H,-0.30249232
4,449,H,0.028609972
4,449,H,0.231928
4,449,H,-0.06986794
4,449,H,-0.14845738
4,449,H,-0.18603422
4,449,H,0.51805806
4,449,V,-0.054008257
4,449,V,-0.03816873
4,449,V,-0.33717057
4,449,V,0.39097098
4,449,V,0.47199354
4,449,V,-0.25696748
4,449,V,-0.29014066
4,449,V,0.013423974
4,449,V,-0.46719056
4,449,V,0.0933766
4,449,V,-0.12757385
4,449,V,0.08019385
4,449,V,-0.08648486
4,449,V,0.08732733
4,450,H,0.7492914
4,450,H,-0.9968892
4,450,H,0.71621776
4,450,H,-0.9970003
4,450,H,0.7671804
4,450,H,-0.98443204
4,450,V,-1.0
4,451,H,-0.45899212
4,451,H,0.6563603
4,451,V,-1.0
4,451,V,-1.0
4,451,V,-1.0
4,451,V,-1.0
4,452,H,0.41226345
4,452,H,0.31513754
4,452,H,0.4217862
4,452,H,-0.08390596
4,452,H,0.015002523
4,452,H,-0.0045959433
4,452,H,-0.03476164
4,452,H,-0.038402602
4,452,H,0.00049738406
4,452,H,-0.64761484
4,452,V,-0.1916761
4,452,V,-0.041045308
4,452,V,-0.117679074
4,452,V,-0.119194515
4,452,V,-0.1705066
4,452,V,-0.07063459
4,452,V,-0.10768265
4,452,V,-0.088263825
4,453,H,0.9412215
4,453,H,0.99928176
4,453,H,0.99755055
4,453,H,0.9961509
4,453,V,-1.0
4,453,V,-1.0
4,453,V,-1.0
4,453,V,-1.0
4,454,H,0.007561122
4,454,H,-0.34213284
4,454,H,-0.12875909
4,454,H,-0.07391283
4,454,H,-0.21978304
4,454,H,-0.12756467
4,454,H,-0.06000236
4,454,H,-0.26047128
4,454,H,-0.07765132
4,454,H,-0.048412498
4,454,H,-0.14329123
4,454,V,0.6497164
4,455,H,-0.07832938
4,455,H,-0.46104342
4,455,H,-0.6187194
4,455,H,-0.41211548
4,455,H,-0.5260403
4,455,H,0.38237408
4,455,H,-0.18054509
4,455,V,0.21199435
4,455,V,0.21207184
4,455,V,0.025643442
4,455,V,0.11568847
4,455,V,0.2357331
4,455,V,0.17400886
4,456,H,0.08193135
4,456,H,0.17158127
4,456,H,0.05623156
4,456,H,0.09775654
4,456,H,0.04727228
4,456,H,0.02243854
4,456,H,0.060342543
4,456,H,0.028812816
4,456,V,-0.05527571
4,456,V,0.0211053
4,456,V,-0.056867857
4,456,V,-0.097018205
4,457,H,-0.2938188
4,457,H,-0.4076959
4,457,H,-0.31540874
4,457,H,-0.19573115
4,457,H,0.040309884
4,457,H,0.31638455
4,457,H,0.21325697
4,457,V,-0.055416413
4,457,V,-0.059550952
4,457,V,-0.036266014
4,457,V,-0.085881375
4,458,H,-0.12776257
4,458,H,-0.023018038
4,458,H,-0.014535546
4,458,H,-0.017926112
4,458,H,0.0014874642
4,458,V,-0.30294925
4,458,V,0.009080033
4,458,V,-0.09670628
4,458,V,0.12954971
4,458,V,-0.022269066
4,458,V,0.114993885
4,458,V,0.15835416
4,458,V,0.18314153
4,459,H,0.40094832
4,459,H,0.2748488
4,459,H,0.15004753
4,459,H,0.17950284
4,459,H,-0.14584523
4,459,V,-0.15019481
4,459,V,-0.10762558
4,459,V,-0.12141876
4,459,V,0.29011652
4,460,V,-0.059956666
4,460,V,0.0043205214
4,460,V,-0.01742525
4,460,V,0.05261226
4,460,V,0.073221445
4,460,V,-0.090466246
4,460,V,-9.935702e-05
4,460,V,-0.046589114
4,460,V,-0.023063274
4,460,V,0.066031314
4,461,H,-0.10266116
4,461,H,-0.15121758
4,461,H,-0.07235165
4,461,H,-0.214489
4,461,V,-0.99901617
4,462,H,-1.0
4,462,H,1.0
4,462,H,-1.0
4,462,H,1.0
4,462,H,-1.0
4,462,H,1.0
4,462,H,-1.0
4,462,H,1.0
4,462,V,1.0
4,462,V,1.0
4,462,V,1.0
4,462,V,1.0
4,463,H,0.090230584
4,463,H,-0.04506707
4,463,H,-0.087427065
4,463,H,-0.16892229
4,463,V,-0.06143551
4,463,V,0.044134255
4,463,V,0.20685638
4,463,V,0.20864326
4,463,V,-0.021302441
4,464,H,1.0
4,464,H,1.0
4,464,H,-1.0
4,464,H,1.0
4,464,V,-0.9874495
4,464,V,0.999248
4,464,V,-0.9892536
4,464,V,0.99772424
4,464,V,-0.9850794
4,464,V,0.97016346
4,465,V,-0.08001331
4,465,V,-0.29559016
4,465,V,-0.29243943
4,466,H,0.34005338
4,466,H,0.28927818
4,466,H,0.26363015
4,466,H,0.0006381163
4,466,H,0.17576723
4,466,H,0.3783236
4,466,H,-0.027230626
4,466,H,0.2567711
4,466,H,0.22246397
4,466,H,0.38037497
4,466,H,0.00852234
4,466,V,0.12388089
4,466,V,0.099778555
4,466,V,-0.0004458311
4,466,V,0.20624101
4,466,V,0.2674812
4,466,V,-0.055036835
4,466,V,0.24078354
4,466,V,0.26300797
4,466,V,0.0027286415
4,466,V,0.49065796
4,466,V,0.7013943
4,466,V,0.3141092
4,467,H,0.9995769
4,467,V,-1.0
4,467,V,-0.9997912
4,468,H,-0.009321874
4,468,H,0.0643593
4,468,V,-0.1971498
4,468,V,-0.23870066
4,468,V,-0.23159619
4,468,V,0.025756747
4,468,V,0.0400759
4,468,V,0.03665934
4,468,V,-0.035485584
4,468,V,0.2842892
4,468,V,-0.013228242
4,468,V,0.063885756
4,468,V,0.024766643
4,468,V,-0.17020349
4,468,V,0.25182924
4,468,V,0.22063749
4,468,V,0.33431527
4,469,H,-0.755237
4,469,H,-0.7288223
4,469,H,-0.67601675
4,469,H,0.78086597
4,469,H,0.91138935
4,469,H,0.8498345
4,469,H,0.9194369
4,469,V,0.97142184
4,469,V,0.96679
4,469,V,0.8799732
4,469,V,-0.98798764
4,469,V,-0.8297133
4,469,V,-0.68509156
4,470,H,0.29697168
4,470,H,0.3924713
4,470,H,0.106212355
4,470,H,0.0965523
4,470,H,0.020476865
4,470,V,0.011093181
4,470,V,-0.00021958376
4,470,V,-0.015977293
4,470,V,0.03068713
4,470,V,0.011016397
4,470,V,-0.016383616
4,471,H,0.29246423
4,471,H,-0.0035224268
4,471,H,0.12782729
4,471,H,0.29563332
4,471,V,0.017018503
4,471,V,0.09875512
4,471,V,0.15358451
4,471,V,0.29106146
4,471,V,-0.247344
4,472,H,0.9995836
4,472,H,0.9946588
4,472,H,0.9847495
4,472,H,0.99881023
4,472,H,1.0
4,472,H,0.9425527
4,472,H,0.83062834
4,472,H,1.0
4,472,H,0.7181302
4,472,H,0.8717204
4,472,V,0.5114662
4,472,V,0.8825134
4,472,V,0.8866564
4,473,H,-0.1636899
4,473,H,-0.103378564
4,473,H,-0.1244328
4,473,H,-0.090597056
4,473,H,-0.1789806
4,473,H,-0.1696707
4,473,H,-0.14126045
4,473,H,-0.11291884
4,473,H,-0.18717344
4,473,H,-0.17297119
4,473,H,-0.10826149
4,473,H,-0.1178633
4,473,V,0.06429463
4,473,V,0.06938584
4,473,V,0.0320726
4,473,V,-0.049154658
4,473,V,-0.042479564
4,473,V,-0.04986458
4,473,V,-0.061917998
4,473,V,-0.0043412144
4,473,V,-0.05073918
4,473,V,0.054263834
4,473,V,-0.0640875
4,473,V,0.01497287
4,474,V,-0.36445326
4,474,V,-0.80801505
4,474,V,-0.7589522
4,474,V,-0.8260251
4,475,H,1.0
4,475,H,0.9993709
4,475,H,0.9880398
4,475,H,0.9749705
4,475,V,-0.02767651
4,475,V,-0.16197668
4,475,V,0.03613789
4,475,V,0.06316306
4,475,V,0.021339457
4,475,V,0.084435746
4,475,V,0.07231844
4,475,V,0.213217
4,476,H,0.19365257
4,476,H,0.15158258
4,476,V,0.31123257
4,476,V,0.17867744
4,476,V,-0.17100854
4,477,H,0.7245285
4,477,H,0.37267557
4,477,H,-0.42156896
4,477,H,-0.41097754
4,477,H,0.45187446
4,477,H,-0.40744773
4,477,V,-0.3983614
4,477,V,-0.8556744
4,477,V,-0.04429984
4,477,V,0.15920064
4,477,V,-0.6498594
4,477,V,0.02969575
4,477,V,0.1875849
4,477,V,0.026362333
4,477,V,-0.663741
4,477,V,0.7684192
4,477,V,0.29243696
4,478,H,0.9925135
4,478,H,0.99995744
4,478,H,0.9998128
4,478,H,1.0
4,478,V,0.83942145
4,478,V,0.88771576
4,478,V,0.89308757
4,478,V,0.52707744
4,479,H,-0.9499944
4,479,H,-0.8643178
4,479,H,-0.815788
4,479,H,-0.35587123
4,479,H,0.93732524
4,479,H,0.89067006
4,479,H,0.997345
4,479,V,-1.0
4,479,V,-1.0
4,479,V,-1.0
4,479,V,-1.0
4,479,V,-1.0
4,480,H,-0.9541006
4,480,H,-0.66856194
4,480,H,-0.6095793
4,480,H,-0.7283464
4,480,H,0.5456632
4,480,H,0.60997814
4,480,V,0.52046335
4,480,V,0.47944295
4,480,V,0.583735
4,480,V,0.76393133
4,480,V,-0.06806674
4,480,V,-0.042074762
4,480,V,-0.5983917
4,480,V,-0.58565825
4,482,H,-1.0
4,482,H,-1.0
4,482,H,-1.0
4,482,H,0.9953196
4,482,V,-1.0
4,483,H,-0.007725714
4,483,H,0.002091218
4,483,H,0.046330262
4,483,H,0.03294111
4,483,H,0.0146101955
4,483,H,0.054696713
4,483,H,-0.15587173
4,483,H,-0.10865983
4,483,H,-0.34966213
4,483,V,-0.011288608
4,483,V,-0.023157177
4,483,V,-0.012372324
4,483,V,0.00196905
4,483,V,-0.037139658
4,483,V,-0.020975992
4,483,V,0.10225195
4,483,V,0.100420944
4,483,V,0.106344245
4,484,V,-0.32433203
4,484,V,-0.24700116
4,484,V,-0.24643475
4,484,V,-0.17052163
4,485,H,-0.49713555
4,485,H,-0.49377093
4,485,H,-0.67174006
4,485,V,0.87455934
4,485,V,0.42688328
4,485,V,0.841199
4,485,V,0.43109822
4,485,V,0.7873146
4,485,V,0.64288735
4,486,H,-0.9163779
4,486,H,0.90626
4,486,H,0.68743587
4,486,H,0.9955024
4,486,H,-0.9184488
4,486,H,0.7278813
4,486,H,0.9880806
4,486,V,-1.0
4,486,V,0.8907726
4,486,V,-1.0
4,486,V,0.98043966
4,486,V,-0.9830492
4,486,V,0.9755597
4,486,V,0.8677416
4,487,H,0.14660202
4,487,H,0.27097496
4,487,H,0.40901917
4,487,H,0.51155937
4,487,H,0.36522302
4,487,H,0.36516276
4,487,V,0.074321575
4,487,V,-0.06616386
4,487,V,-0.0996606
4,487,V,-0.21877947
4,487,V,-0.36263397
4,487,V,-0.41434968
4,487,V,-0.17913057
4,488,V,-0.66984326
4,488,V,-0.62287384
4,488,V,-0.98145765
4,488,V,-0.95185953
4,488,V,-0.96179223
4,489,H,0.9067947
4,489,V,0.95650345
4,489,V,0.7731782
4,490,H,0.42912322
4,490,H,0.44865176
4,490,H,0.011474642
4,490,H,-0.0102558555
4,490,H,0.103138804
4,490,H,0.03357246
4,490,H,-0.049165107
4,490,H,-0.024143562
4,490,V,-0.21077013
4,490,V,-0.26398113
4,490,V,0.15239468
4,490,V,-0.035636246
4,490,V,0.03796158
4,490,V,-0.09599429
4,491,H,-0.35856557
4,491,H,-0.06117928
4,491,H,-0.059008922
4,491,H,0.066250786
4,491,V,-0.27356517
4,491,V,-0.048884854
4,491,V,-0.18992066
4,491,V,-0.2510861
4,492,V,-0.9083873
4,492,V,-1.0
4,492,V,-1.0
4,492,V,-1.0
4,492,V,-1.0
4,492,V,-0.97028124
4,493,H,0.3197537
4,493,H,0.48007447
4,493,H,0.27929592
4,493,H,0.41102573
4,494,H,1.0
4,494,H,1.0
4,494,H,1.0
4,494,H,1.0
4,494,V,0.99809045
4,494,V,0.99975663
4,494,V,0.99865043
4,494,V,0.99597484
4,495,V,-0.68164563
4,495,V,-0.2968269
4,495,V,-0.5171484
4,495,V,-0.35405537
4,496,H,0.33085224
4,496,H,0.39153644
4,496,H,0.5884932
4,496,H,0.59062654
4,496,H,0.6815607
4,496,H,0.8021309
4,496,H,0.8790155
4,496,V,0.40179065
4,496,V,0.33756068
4,496,V,0.62037694
4,496,V,0.13465811
4,496,V,-0.10232307
4,496,V,0.044928893
4,496,V,-0.43009117
4,496,V,-0.18014267
4,496,V,-0.040105175
4,496,V,-0.42885548
4,497,H,0.5078366
4,497,H,0.83922607
4,497,V,-1.0
4,497,V,-1.0
4,497,V,-1.0
4,497,V,-0.9933423
4,497,V,-1.0
4,497,V,-0.978893
4,497,V,-0.24092782
4,498,H,0.9702245
4,498,H,0.30647463
4,498,H,0.18619332
4,498,H,0.96995723
4,498,H,-0.067823336
4,498,H,0.97268414
4,498,H,0.008971102
4,498,H,-0.16419336
4,498,H,-0.12359416
4,498,V,0.97848636
4,498,V,0.95063895
4,498,V,0.11373702
4,498,V,0.6489284
4,499,H,0.9989256
4,499,H,0.99980515
4,499,H,1.0
4,499,H,0.99978393
5,0,H,0.20376264
5,0,H,0.06257751
5,0,H,0.81459916
5,0,H,-0.6088587
5,0,H,-0.38415924
5,0,H,-0.4442926
5,0,H,-1.0
5,0,H,-1.0
5,1,H,0.953576
5,1,H,0.9572443
5,1,H,0.97719175
5,1,H,0.18170772
5,1,H,0.16781172
5,1,H,0.17993465
5,1,H,0.15151624
5,1,H,0.14357011
5,1,H,0.07920369
5,1,H,0.10332524
5,1,H,0.09049638
5,1,H,0.15866517
5,1,H,0.11345196
5,1,H,-0.9309336
5,1,H,-0.95236534
5,1,H,-0.9539919
5,1,V,-0.7767104
5,1,V,-0.78657085
5,1,V,-0.0021572143
5,1,V,-0.10075695
5,1,V,-0.07936545
5,1,V,-0.06675628
5,1,V,-0.104715794
5,1,V,-0.028957417
5,2,H,0.1569392
5,2,H,0.20138232
5,2,H,0.14136201
5,2,H,0.112587206
5,2,H,0.13594018
5,2,H,0.050632432
5,2,H,0.14701094
5,2,H,0.03740769
5,2,V,0.2979625
5,2,V,0.16077808
5,2,V,0.22598407
5,2,V,0.19893177
5,3,H,-0.7045741
5,3,H,0.6561569
5,3,H,0.29404938
5,3,V,0.7145103
5,3,V,0.6159981
5,3,V,-0.41406602
5,3,V,-0.38174668
5,3,V,-0.29413432
5,3,V,-0.48022816
5,3,V,-0.85283613
5,3,V,-0.6845268
5,3,V,-0.61190146
5,4,H,1.0
5,4,H,1.0
5,4,H,1.0
5,4,H,1.0
5,4,H,1.0
5,4,H,1.0
5,4,V,-0.8347001
5,4,V,-0.9131683
5,4,V,-0.8998892
5,5,H,-0.99040586
5,5,H,-0.9889526
5,5,H,-1.0
5,5,H,1.0
5,5,H,0.99242955
5,5,H,0.98575497
5,5,H,0.9988657
5,5,H,0.9570779
5,5,V,-0.99747753
5,5,V,-1.0
5,5,V,-1.0
5,6,V,-0.20713706
5,6,V,0.016791321
5,6,V,0.13835919
5,7,H,-0.051142894
5,7,H,0.22284432
5,7,H,-0.06522371
5,7,H,0.11130452
5,7,H,0.16458565
5,7,H,0.0003620102
5,7,H,0.1799378
5,7,H,-0.0129355835
5,7,H,0.10153673
5,8,H,-0.23010579
5,8,H,-0.15886611
5,8,V,0.027542228
5,8,V,0.022360181
5,8,V,0.0149253
5,8,V,0.16979182
5,9,V,-0.19464469
5,9,V,0.15362675
5,9,V,0.08449628
5,9,V,-0.74356514
5,9,V,-0.6959532
5,9,V,-0.27550396
5,9,V,-0.41029313
5,10,H,-0.56991315
5,10,H,-0.46204805
5,10,H,-0.48807767
5,10,H,-0.089484125
5,10,V,-0.999053
5,10,V,-1.0
5,10,V,-1.0
5,11,H,-0.90566736
5,11,H,-0.9766129
5,11,H,-0.98743355
5,11,H,-0.53313416
5,12,V,0.026770843
5,12,V,0.106905706
5,12,V,0.17331661
5,12,V,-0.35258523
5,12,V,0.011292692
5,12,V,-0.6366937
5,12,V,0.090824194
5,12,V,-0.60063094
5,12,V,0.26443025
5,12,V,-0.43410867
5,13,H,0.41473985
5,13,H,0.30751702
5,13,H,0.38650137
5,13,H,0.1784814
5,13,H,0.4764867
5,13,H,0.2059759
5,13,V,-0.17307444
5,13,V,-0.10956932
5,13,V,-0.6590722
5,13,V,-0.14970568
5,13,V,-0.6158807
5,14,H,0.38844115
5,14,H,0.301902
5,14,H,0.19129379
5,14,H,0.44007125
5,15,H,-0.12873684
5,15,H,-0.074432194
5,15,H,-0.04779575
5,15,H,-0.13061686
5,15,H,-0.0923266
5,15,H,-0.09666275
5,15,H,-0.10898128
5,15,H,-0.08132015
5,15,H,-0.08735148
5,15,H,-0.09754066
5,15,H,-0.07145478
5,15,H,-0.12415613
5,15,V,0.050723463
5,15,V,0.03533786
5,15,V,0.05857326
5,15,V,0.11700013
5,15,V,0.062057298
5,15,V,0.03800477
5,15,V,0.05011946
5,15,V,0.11925748
5,15,V,-0.0020518156
5,15,V,0.0058784247
5,16,H,0.9857744
5,16,H,0.9900682
5,16,H,0.99648976
5,16,H,0.5914738
5,16,H,0.54983145
5,16,H,0.62267894
5,16,V,-0.16329896
5,16,V,0.058575496
5,16,V,0.016084552
5,16,V,0.0345473
5,16,V,0.032362994
5,17,H,0.91391397
5,17,H,0.5676634
5,17,H,0.8523274
5,17,H,0.3034537
5,17,H,0.82333285
5,17,H,0.28183788
5,17,H,-0.15674642
5,17,V,-0.3661233
5,17,V,-0.42855632
5,17,V,-0.3436643
5,17,V,-0.7212775
5,17,V,-0.011513693
5,17,V,-0.16689095
5,17,V,-0.103150636
5,17,V,-0.597433
5,17,V,-0.19725172
5,17,V,-0.17659
5,17,V,-0.061505232
5,17,V,-0.62161463
5,18,H,1.0
5,18,H,1.0
5,18,H,1.0
5,18,H,1.0
5,18,H,1.0
5,18,V,-1.0
5,19,H,-0.28158516
5,19,V,0.23071496
5,20,H,0.22125618
5,20,H,0.358362
5,20,H,0.13437478
5,20,H,0.2487985
5,20,H,0.2830176
5,20,H,0.5105895
5,20,H,0.46199945
5,20,H,0.43966532
5,20,H,0.43565506
5,20,H,0.73749155
5,20,H,0.39343482
5,20,H,0.48029682
5,20,H,0.6256109
5,20,V,-0.2300446
5,20,V,-0.41408104
5,20,V,-0.40391546
5,20,V,-0.51554656
5,20,V,-0.4618569
5,20,V,-0.5469617
5,20,V,-0.44092292
5,20,V,-0.6142434
5,20,V,-0.69093615
5,21,H,0.010871163
5,21,H,0.0565535
5,21,H,-0.011073318
5,21,H,0.010387811
5,21,H,0.0058545405
5,21,H,0.035662763
5,21,H,-0.117836654
5,21,H,-0.23688425
5,21,H,-0.30855423
5,21,V,-0.019769581
5,21,V,-0.042674582
5,21,V,0.0036994372
5,21,V,-0.028153574
5,21,V,0.014443573
5,21,V,0.026010929
5,21,V,0.17791218
5,21,V,0.11526727
5,22,H,0.19102581
5,22,H,0.24504554
5,22,H,0.12184863
5,22,H,0.25911033
5,22,H,0.21295537
5,22,H,0.27909794
5,22,V,0.0005732952
5,23,H,0.9940196
5,23,H,0.83558
5,23,H,0.16970627
5,23,H,0.15357472
5,23,H,0.09648183
5,23,H,-0.17270705
5,23,H,0.8575981
5,23,H,0.12635976
5,23,H,0.2711248
5,23,H,0.26296937
5,23,H,0.6553091
5,23,H,-0.3112655
5,24,H,0.72311115
5,24,H,0.89416367
5,24,V,0.94958746
5,25,H,-0.90017813
5,25,H,-0.9589484
5,25,H,0.45629355
5,25,V,-0.4786743
5,26,V,-0.049342763
5,26,V,-0.6016342
5,26,V,-0.57568014
5,26,V,-0.44641033
5,27,H,-1.0
5,27,H,-1.0
5,27,H,-1.0
5,27,H,-1.0
5,27,V,-0.86661905
5,27,V,-0.9737406
5,27,V,-0.963999
5,27,V,-0.87951535
5,29,H,0.4481533
5,29,H,0.3013985
5,29,H,0.49394873
5,29,H,0.31406438
5,29,H,0.07514533
5,29,H,-0.0846767
5,29,H,0.032626506
5,29,H,0.14745145
5,29,H,-0.06542219
5,29,H,0.000947051
5,29,H,-0.003681928
5,29,H,0.18162896
5,29,H,-0.10499531
5,29,H,-0.1753038
5,29,H,-0.26024264
5,29,H,0.03338434
5,29,V,-0.4584309
5,30,H,-1.0
5,30,H,-0.9664212
5,30,H,-0.5718453
5,30,H,-0.33611444
5,30,H,0.057704188
5,31,H,1.0
5,31,H,1.0
5,31,H,1.0
5,31,H,1.0
5,31,V,1.0
5,31,V,1.0
5,31,V,1.0
5,31,V,1.0
5,32,H,-0.15523332
5,32,H,-0.62369883
5,32,H,-0.5627676
5,32,H,-0.5090375
5,32,H,0.17117742
5,32,H,0.28508076
5,32,H,0.27014127
5,32,H,0.053416368
5,32,H,0.035028942
5,32,H,-0.013240497
5,33,H,-1.0
5,33,H,-1.0
5,33,H,-1.0
5,33,H,-0.9991796
5,33,V,-0.98968303
5,33,V,-1.0
5,33,V,-1.0
5,33,V,-1.0
5,33,V,-1.0
5,33,V,-1.0
5,34,H,1.0
5,34,H,1.0
5,34,H,0.99767137
5,34,H,0.99969673
5,34,H,1.0
5,34,H,1.0
5,34,H,0.9951328
5,34,H,0.999927
5,34,H,1.0
5,34,H,1.0
5,34,H,1.0
5,34,H,1.0
5,34,V,1.0
5,34,V,1.0
5,34,V,1.0
5,34,V,1.0
5,34,V,1.0
5,34,V,1.0
5,34,V,1.0
5,34,V,1.0
5,34,V,1.0
5,34,V,1.0
5,35,V,0.5167844
5,35,V,0.1722608
5,35,V,0.18073392
5,35,V,0.15433086
5,35,V,0.32221192
5,35,V,0.104001135
5,35,V,0.14723842
5,35,V,0.06871296
5,35,V,0.1308822
5,35,V,0.17924972
5,35,V,0.118835166
5,35,V,0.2079892
5,35,V,0.24492624
5,35,V,0.23185864
5,36,H,0.3751615
5,36,H,0.45365044
5,36,H,0.23910233
5,36,H,0.2675296
5,36,V,0.43115664
5,36,V,0.7063017
5,36,V,0.5527097
5,36,V,0.60165477
5,37,V,0.415855
5,37,V,0.10854378
5,37,V,0.024470812
5,37,V,0.72891116
5,37,V,-0.023019684
5,37,V,0.23673375
5,38,H,0.41225672
5,38,H,0.5202216
5,38,H,0.2281465
5,38,H,0.36587593
5,38,H,0.30741304
5,38,H,0.2728509
5,38,H,0.028045772
5,38,H,0.35522082
5,38,H,0.28467208
5,38,H,0.29066604
5,38,H,0.25438118
5,38,H,-0.0018066528
5,38,V,-0.99293286
5,39,H,-0.23715685
5,39,H,-0.28014946
5,39,H,-0.056632664
5,39,H,-0.27183554
5,39,H,-0.15648425
5,39,H,-0.29319182
5,39,H,-0.26510516
5,39,V,-0.59187967
5,39,V,-0.5874965
5,39,V,-0.56719404
5,40,H,0.9968198
5,40,H,1.0
5,40,H,1.0
5,40,V,-0.7351155
5,40,V,-0.6835333
5,40,V,-0.6247794
5,40,V,-0.92496014
5,40,V,-0.67162174
5,40,V,-0.388447
5,40,V,-0.8522106
5,40,V,-0.7238404
5,40,V,-0.6620787
5,40,V,-0.42641583
5,41,H,-1.0
5,41,H,-0.7423765
5,41,V,0.20924385
5,41,V,0.99557346
5,41,V,-0.8067713
5,41,V,-0.6850614
5,42,V,0.12210522
5,43,H,-0.8380347
5,43,H,-0.8334036
5,43,H,-1.0
5,43,V,-1.0
5,43,V,-1.0
5,43,V,-1.0
5,43,V,-0.99435353
5,44,H,0.019292558
5,44,H,0.03243436
5,44,H,0.037352726
5,44,H,-0.02655076
5,44,H,-0.008646771
5,44,H,0.016904354
5,44,H,-0.0053616823
5,44,H,-0.016917156
5,44,H,0.015319002
5,44,H,-0.084777914
5,44,H,-0.08212234
5,44,H,-0.07997969
5,44,V,-0.14444639
5,44,V,-0.102148995
5,44,V,-0.13717054
5,44,V,-0.08674875
5,44,V,-0.078937955
5,44,V,-0.06602304
5,44,V,-0.075887054
5,44,V,-0.08618156
5,44,V,-0.078979045
5,44,V,-0.10588832
5,44,V,-0.04952164
5,44,V,-0.0728566
5,45,V,-0.87326545
5,45,V,-0.9104334
5,45,V,0.099046774
5,45,V,-0.019357014
5,45,V,0.10473629
5,45,V,0.14385857
5,45,V,0.7367327
5,46,H,0.17074063
5,46,H,0.020427806
5,46,H,-0.019530527
5,46,H,0.015039393
5,46,H,-0.1016143
5,46,H,-0.05367285
5,46,H,-0.32659626
5,46,V,-0.8912449
5,46,V,-0.98719233
5,46,V,-0.9420329
5,46,V,-0.94570714
5,46,V,-0.9615352
5,47,H,-1.0
5,47,H,-1.0
5,47,H,-1.0
5,48,H,1.0
5,48,V,1.0
5,48,V,-0.45939308
5,49,H,-0.23661937
5,49,H,-0.27595627
5,49,H,-0.04282476
5,49,H,0.07840926
5,49,H,-0.08520462
5,49,H,0.22514056
5,49,H,0.4044378
5,49,H,0.4432035
5,49,H,0.33339968
5,49,H,0.27034754
5,49,V,0.5983769
5,49,V,0.653567
5,49,V,0.5663311
5,49,V,0.3321267
5,50,H,1.0
5,50,V,0.8136791
5,50,V,1.0
5,50,V,0.9981619
5,50,V,0.9924787
5,50,V,0.97242844
5,50,V,-0.99994946
5,50,V,-1.0
5,50,V,-0.45742956
5,51,H,0.9970429
5,51,H,0.9902713
5,51,H,0.99449587
5,51,H,0.9923366
5,51,H,0.9672884
5,53,H,0.97155195
5,53,H,0.929725
5,53,H,0.9609822
5,53,H,0.8535024
5,53,V,-0.17814869
5,53,V,-0.17505023
5,53,V,-0.16131853
5,53,V,-0.059779175
5,54,H,-0.20857443
5,54,H,-0.64585966
5,54,H,-0.39016405
5,54,H,-0.6372095
5,54,V,-0.5631229
5,54,V,-0.43837506
5,54,V,-0.3807898
5,54,V,0.74204415
5,54,V,0.038050324
5,55,H,-0.15808102
5,55,H,0.11454335
5,55,H,-0.038790796
5,55,H,-0.13086078
5,56,H,-0.5635166
5,56,H,0.12262399
5,57,H,-1.0
5,57,H,-1.0
5,57,H,-1.0
5,57,H,-1.0
5,58,H,1.0
5,58,H,1.0
5,58,H,1.0
5,58,V,-1.0
5,58,V,-1.0
5,58,V,-1.0
5,58,V,-1.0
5,59,H,-1.0
5,59,H,1.0
5,60,H,0.6212746
5,60,H,0.46897745
5,60,H,0.41375464
5,60,H,0.37055498
5,60,H,0.38165307
5,60,H,0.48208964
5,60,H,0.3716389
5,60,H,0.35808572
5,60,H,0.34932688
5,60,H,0.3159415
5,61,H,-0.45559567
5,61,H,-0.25367382
5,61,H,-0.25448516
5,61,H,-0.48720813
5,61,H,-0.34491077
5,61,H,-0.47112533
5,61,V,-0.9288442
5,61,V,-0.24612825
5,61,V,-0.41369796
5,61,V,-0.2161868
5,61,V,-0.42247504
5,62,H,-0.22819269
5,62,H,-0.21231374
5,62,H,-0.21986735
5,62,H,-0.30664337
5,62,V,0.13600373
5,62,V,0.03064743
5,62,V,0.13143945
5,62,V,-0.028614664
5,62,V,0.13142304
5,62,V,-0.016802186
5,62,V,0.13334937
5,62,V,-0.029040786
5,63,H,-1.0
5,63,H,-0.99956316
5,63,V,-0.02269671
5,63,V,0.11275522
5,63,V,0.09792988
5,63,V,0.0633051
5,64,H,0.49392417
5,64,V,-0.9923408
5,64,V,0.7360168
5,64,V,-0.06409938
5,64,V,-0.028037976
5,64,V,-0.08027911
5,64,V,-0.13370141
5,64,V,0.6902487
5,64,V,-0.012218
5,64,V,-0.03164617
5,64,V,-0.0080787735
5,64,V,-0.11091426
5,64,V,0.98018306
5,64,V,0.7144068
5,64,V,0.7015627
5,64,V,0.45182538
5,64,V,0.36688897
5,65,H,-0.7581958
5,65,H,-0.82233316
5,65,H,-0.8680486
5,65,H,-0.5829459
5,65,H,-0.76214314
5,65,H,-0.8814571
5,65,H,-0.89640164
5,65,H,-0.63366795
5,65,H,-0.75685906
5,65,H,-0.86028975
5,65,H,-0.8098517
5,65,H,-0.6239754
5,65,H,-0.84673655
5,65,H,-0.95382786
5,65,H,-0.89892757
5,65,H,-0.84835887
5,65,V,-0.7982063
5,65,V,-0.68869466
5,65,V,-0.54749286
5,65,V,-0.8398763
5,65,V,-0.722231
5,65,V,-0.5701522
5,65,V,-0.80788314
5,65,V,-0.6866468
5,65,V,-0.7327399
5,66,V,-0.83705515
5,66,V,-0.9163839
5,66,V,-0.7175311
5,67,H,-0.021067828
5,67,H,-0.000736699
5,67,H,-0.09417631
5,67,H,-0.08377559
5,67,H,-0.04815549
5,67,H,-0.08493189
5,67,H,-0.008246634
5,67,H,-0.020600894
5,67,H,-0.03320573
5,67,V,-0.2975016
5,67,V,-0.09596642
5,67,V,-0.1434032
5,67,V,-0.104955114
5,68,H,-0.2364567
5,68,H,-0.10082435
5,68,H,-0.20209064
5,68,H,-0.29903612
5,68,H,-0.23043211
5,68,H,-0.22016716
5,68,H,-0.26720658
5,68,H,-0.2371717
5,68,H,-0.18719848
5,68,H,-0.5197033
5,68,H,-0.49619523
5,68,V,-0.9730356
5,68,V,-0.103489056
5,68,V,-0.07388738
5,68,V,-0.030766098
5,68,V,-0.73202693
5,68,V,-0.15121244
5,68,V,-0.06133058
5,68,V,0.0023360252
5,68,V,-0.70512456
5,68,V,-0.10066409
5,68,V,-0.008029076
5,68,V,-0.08867479
5,68,V,-0.731756
5,68,V,0.0180459
5,68,V,0.03724127
5,68,V,0.13781634
5,69,H,-0.0272431
5,69,H,-0.124150105
5,69,H,-0.12874387
5,69,H,-0.12590481
5,69,H,0.20021123
5,69,H,0.08664016
5,70,H,0.45003477
5,70,H,0.39297047
5,70,H,0.40897316
5,71,H,-0.030313713
5,71,H,-0.007886537
5,71,H,-0.028207872
5,71,H,-0.1478232
5,71,H,-0.0013555618
5,71,H,-0.00065003923
5,71,H,0.0013517875
5,71,H,-0.12539719
5,71,H,-0.011985707
5,71,H,0.0010447663
5,71,H,0.027394539
5,71,H,-0.1338398
5,71,H,-0.029152293
5,71,H,-0.07064079
5,71,H,-0.031516064
5,71,V,0.024843791
5,71,V,0.14873232
5,71,V,0.09933184
5,71,V,0.14005294
5,71,V,-0.17129287
5,71,V,0.0035971082
5,71,V,0.014874636
5,71,V,0.0013432938
5,71,V,0.111707516
5,71,V,-0.15761013
5,71,V,0.019844523
5,71,V,0.022222081
5,71,V,0.011730719
5,71,V,0.119153105
5,71,V,-0.004368666
5,71,V,0.106180005
5,71,V,0.06966618
5,72,H,0.9836897
5,72,H,0.6750488
5,72,H,0.9552679
5,72,H,0.19980551
5,72,H,0.97796655
5,72,H,0.24243233
5,72,V,-0.13965888
5,72,V,0.5506884
5,72,V,-0.03845435
5,72,V,0.27332124
5,72,V,0.5442732
5,72,V,0.10259826
5,72,V,0.37032506
5,72,V,0.5834536
5,72,V,-0.20851196
5,72,V,0.14757483
5,72,V,0.21123397
5,73,H,-0.562785
5,73,H,-0.41907567
5,73,H,-0.6035033
5,73,H,-0.494272
5,73,V,-0.039706632
5,73,V,-0.035315126
5,73,V,-0.013807239
5,73,V,0.012070065
5,73,V,0.07790321
5,73,V,-0.042992633
5,73,V,0.03976172
5,73,V,-0.013529086
5,74,H,-1.0
5,74,V,-1.0
5,74,V,-1.0
5,74,V,-1.0
5,74,V,-1.0
5,74,V,-1.0
5,75,H,-0.98825216
5,75,H,-0.98508406
5,75,H,-0.9597738
5,75,V,-0.98551536
5,75,V,-0.9770325
5,75,V,-0.9685254
5,76,V,-0.061544806
5,76,V,0.053637248
5,76,V,0.17518635
5,76,V,0.14732282
5,76,V,0.012466218
5,76,V,-0.051738758
5,76,V,-0.20323613
5,76,V,-0.09917367
5,76,V,-0.14750437
5,76,V,-0.27623358
5,76,V,0.07829173
5,76,V,-0.034799922
5,76,V,-0.058654096
5,76,V,0.01861723
5,77,V,0.19021285
5,77,V,0.10250953
5,77,V,0.13359833
5,77,V,0.11893151
5,77,V,0.063168585
5,77,V,0.073951215
5,77,V,-0.0039795344
5,77,V,-0.029157769
5,77,V,0.016037924
5,77,V,-0.080663964
5,77,V,0.053075742
5,77,V,-0.020452084
5,77,V,-0.03656728
5,77,V,-0.0036984463
5,77,V,-0.08065606
5,77,V,-0.0846698
5,77,V,-0.11343232
5,77,V,-0.1673936
5,77,V,-0.15693097
5,77,V,-0.17468409
5,78,H,-0.11316586
5,78,H,0.606144
5,78,H,0.63761955
5,78,H,-0.29803595
5,78,H,0.012692622
5,78,H,0.03308983
5,78,H,0.100047916
5,78,H,-0.26825547
5,78,H,0.02460453
5,78,H,0.008426566
5,78,H,0.052565925
5,78,V,-0.678475
5,78,V,-0.2204177
5,78,V,0.043177128
5,78,V,0.020318704
5,78,V,0.12229923
5,78,V,-0.21170773
5,78,V,0.04937688
5,78,V,0.036338992
5,78,V,0.063550316
5,79,H,0.11969672
5,79,H,-0.21559286
5,79,H,-0.12022564
5,79,H,-0.046734106
5,79,H,-0.22312082
5,79,H,-0.26953247
5,79,H,-0.61780965
5,79,H,-0.73685384
5,79,V,0.221633
5,79,V,0.35399902
5,79,V,-0.042014055
5,79,V,0.19412489
5,79,V,0.057126317
5,79,V,-0.010290581
5,79,V,0.110287145
5,79,V,0.018098319
5,79,V,0.8509057
5,79,V,0.6315841
5,80,H,0.8788992
5,80,H,0.9395716
5,80,H,0.9602945
5,80,H,0.58097667
5,80,H,0.21799691
5,80,H,0.32520705
5,80,H,0.27804586
5,80,H,0.38923547
5,80,H,0.24146995
5,80,H,0.2334984
5,80,H,0.2982977
5,80,H,0.34819406
5,80,V,-0.20927626
5,80,V,-0.16812214
5,81,H,-0.21359684
5,81,H,-0.054306325
5,81,H,-0.047426756
5,81,H,-0.23605967
5,81,H,-0.12331958
5,81,H,0.17954174
5,81,H,-0.0014580397
5,81,H,-0.16096641
5,81,H,0.2173499
5,81,H,-0.067187265
5,81,H,0.03517975
5,81,H,-0.12762088
5,81,H,0.59573954
5,81,H,0.12761563
5,81,H,0.25953987
5,81,H,0.092179455
5,81,H,-0.16028304
5,82,H,0.33717737
5,82,H,0.002803862
5,82,H,0.04616745
5,82,H,-0.026272088
5,82,H,-0.005292782
5,82,H,-0.00054559833
5,82,H,-0.0058372575
5,82,H,0.16217813
5,82,H,-0.07679346
5,82,H,-0.032099176
5,82,H,-0.027499024
5,82,V,-0.20472942
5,82,V,-0.1185556
5,82,V,-0.21202192
5,82,V,0.027322337
5,82,V,-0.031515777
5,82,V,0.0039944383
5,82,V,-0.035469137
5,82,V,-0.0276106
5,82,V,0.0075342357
5,82,V,-0.0092062075
5,82,V,-0.025484372
5,82,V,0.024485877
5,82,V,-0.17227678
5,83,H,0.37491897
5,83,H,0.45607978
5,83,H,0.34926435
5,83,H,0.16109702
5,83,H,0.25253347
5,83,H,0.2001329
5,83,H,0.20349005
5,83,H,0.24976872
5,83,H,0.26797232
5,83,H,0.21386659
5,83,H,-0.1061793
5,83,H,0.078370005
5,83,H,0.08654922
5,83,H,0.06982936
5,83,H,0.01654858
5,83,V,-0.3947728
5,83,V,-0.10162617
5,83,V,-0.1427939
5,83,V,-0.17243658
5,83,V,-0.68275094
5,83,V,-0.08160812
5,83,V,-0.13180216
5,83,V,-0.11137929
5,83,V,-0.6527358
5,83,V,0.23200282
5,83,V,0.28786045
5,83,V,0.25732136
5,84,H,-0.28488567
5,84,H,-0.19717991
5,84,H,-0.23704332
5,84,H,0.09614337
5,84,H,0.099430904
5,84,H,0.4121975
5,84,H,0.30154008
5,84,H,0.42211857
5,84,V,0.45185983
5,84,V,0.4233232
5,84,V,0.4616364
5,84,V,-0.02460057
5,84,V,0.038948253
5,84,V,0.07634985
5,84,V,0.040602863
5,84,V,0.032177597
5,84,V,0.06776398
5,84,V,0.08875994
5,84,V,0.056285165
5,84,V,-0.35695967
5,84,V,-0.19525449
5,84,V,-0.26961854
5,85,H,1.0
5,85,V,-0.9558927
5,86,H,-0.9956255
5,86,H,-0.99919987
5,86,H,-0.9998668
5,86,H,-1.0
5,86,V,-0.8779654
5,86,V,-0.9170412
5,86,V,-0.90790933
5,86,V,-0.9296476
5,87,H,1.0
5,87,H,1.0
5,87,V,-0.9881614
5,87,V,-0.4202237
5,87,V,0.3578741
5,87,V,-1.0
5,87,V,0.38061404
5,87,V,-1.0
5,87,V,0.35736537
5,87,V,-1.0
5,87,V,-0.9968184
5,87,V,-0.9911089
5,87,V,0.21778196
5,88,H,0.14762223
5,88,H,0.037530065
5,88,H,0.032142177
5,88,H,0.048464123
5,88,V,0.7373142
5,88,V,0.8905946
5,88,V,0.7928793
5,88,V,0.9129036
5,88,V,0.7226767
5,89,H,0.16215453
5,89,H,-0.31990334
5,89,H,-0.3259723
5,89,H,0.7800805
5,89,H,0.38463268
5,89,H,0.37468475
5,89,V,1.0
5,89,V,1.0
5,90,H,0.15939477
5,90,H,0.16050729
5,90,H,0.11273212
5,90,H,-0.032795027
5,90,H,0.016662618
5,90,H,0.0041757952
5,90,H,-0.025609087
5,90,H,-0.013852712
5,90,H,0.04537189
5,90,H,-0.085815646
5,90,H,-0.060428232
5,90,V,0.039480656
5,90,V,0.04829271
5,90,V,0.06591081
5,90,V,0.0746111
5,90,V,0.056731742
5,90,V,0.08564207
5,90,V,0.0815062
5,90,V,0.24855399
5,91,V,1.0
5,91,V,1.0
5,91,V,1.0
5,91,V,1.0
5,91,V,1.0
5,91,V,1.0
5,91,V,1.0
5,91,V,1.0
5,91,V,1.0
5,91,V,1.0
5,91,V,1.0
5,91,V,1.0
5,91,V,1.0
5,91,V,1.0
5,92,H,-0.9838648
5,92,H,-0.97696376
5,92,H,-0.99663764
5,92,V,-0.1576687
5,92,V,-0.25809136
5,92,V,-0.31348923
5,92,V,-0.17337492
5,92,V,-0.44881162
5,92,V,-0.14753395
5,92,V,-0.24014977
5,92,V,-0.16119456
5,92,V,-0.08469965
5,92,V,-0.4296531
5,92,V,-0.16552985
5,92,V,-0.1937689
5,92,V,-0.070796095
5,92,V,-0.18914524
5,92,V,-0.45151168
5,92,V,0.031190595
5,92,V,0.14875735
5,93,H,-0.037641853
5,93,H,0.05233388
5,93,H,0.057112366
5,93,H,0.0052312985
5,93,H,-0.030150604
5,93,H,-0.058651526
5,93,H,-0.016643638
5,93,H,-0.02811777
5,93,H,-0.049389593
5,93,V,-0.1025837
5,93,V,-0.1298118
5,93,V,0.3279557
5,93,V,0.05904064
5,93,V,0.020616408
5,93,V,0.30823445
5,93,V,0.05565919
5,93,V,-0.007804825
5,94,H,1.0
5,94,H,1.0
5,94,V,-0.9712298
5,94,V,-0.9709657
5,94,V,-0.9627986
5,94,V,-0.96263593
5,95,H,0.15305784
5,95,H,0.4374541
5,95,H,0.45372456
5,95,H,0.49461672
5,96,H,-0.88228667
5,96,H,-0.91148746
5,96,H,-0.7713926
5,96,H,0.8536291
5,96,H,0.90998685
5,96,H,0.8566973
5,96,V,-0.7626689
5,96,V,-0.99490887
5,96,V,-1.0
5,97,H,-0.99831223
5,97,H,-0.9999465
5,97,H,-0.95305103
5,97,H,-0.97369516
5,97,V,-0.051383693
5,97,V,0.10136501
5,97,V,0.10819768
5,97,V,0.23010999
5,98,H,-0.19962254
5,98,H,0.4944549
5,98,V,1.0
5,98,V,1.0
5,98,V,1.0
5,98,V,1.0
5,98,V,1.0
5,98,V,1.0
5,98,V,0.56726927
5,99,H,-0.17675237
5,99,H,-0.1296368
5,99,H,-0.13208471
5,99,H,-0.19179682
5,99,H,-0.15445432
5,99,H,-0.13897872
5,99,V,-0.86044675
5,99,V,-0.8832097
5,99,V,-0.5685794
5,99,V,-0.13995047
5,99,V,-0.104002036
5,99,V,-0.1221632
5,99,V,-0.035906807
5,99,V,-0.09344528
5,99,V,-0.12144309
5,99,V,-0.060581706
5,100,H,-0.56860083
5,100,V,-0.70182115
5,100,V,-0.031055933
5,100,V,0.5601274
5,101,H,-0.29597607
5,101,H,-0.53391594
5,101,H,-0.3231361
5,101,H,-0.47683918
5,101,H,-0.64861166
5,101,H,-0.39451513
5,101,H,-0.51550746
5,101,H,-0.56809676
5,101,H,-0.36772716
5,101,H,-0.6612569
5,101,H,-0.86451495
5,101,H,-0.7830712
5,101,H,-0.81167394
5,101,H,-0.94065326
5,101,H,-0.97147995
5,101,V,-0.97422117
5,101,V,-0.83888626
5,101,V,-0.7736937
5,102,H,-0.8724219
5,102,H,-0.3270237
5,102,H,0.59662753
5,102,H,0.63088745
5,102,H,0.17476018
5,102,V,0.012161359
5,102,V,-0.17249073
5,102,V,1.0
5,103,V,-0.01634031
5,103,V,0.36291537
5,103,V,0.41929862
5,103,V,0.3938856
5,103,V,0.0073281475
5,103,V,0.38322094
5,103,V,0.37691158
5,103,V,0.34971565
5,104,H,0.39077798
5,104,H,0.1420524
5,104,H,0.011904394
5,104,H,0.11375515
5,104,H,0.08410741
5,104,H,-0.06376288
5,104,H,-0.051813636
5,104,H,-0.007681697
5,104,V,0.092207074
5,104,V,0.1460383
5,104,V,0.16671342
5,104,V,0.22835669
5,104,V,0.22895792
5,105,H,0.28203842
5,105,H,0.29367754
5,105,H,0.22453494
5,105,H,0.28456545
5,106,H,0.36400574
5,106,H,0.3603948
5,106,H,0.14816743
5,106,H,0.077921756
5,106,H,-0.05936062
5,106,H,-0.015247004
5,106,H,-0.0364618
5,106,H,-0.019500127
5,106,H,0.074988015
5,106,H,3.4805118e-05
5,106,H,-0.041004423
5,106,H,-0.022662327
5,106,H,-0.019481618
5,106,H,-0.11390393
5,106,H,-0.20283006
5,106,H,-0.16651225
5,106,H,-0.17578724
5,106,H,-0.1625642
5,106,V,0.1129436
5,106,V,0.065579325
5,106,V,0.034541197
5,106,V,0.033332836
5,106,V,0.023354413
5,106,V,0.12416274
5,106,V,0.06273157
5,106,V,0.03010435
5,106,V,0.04625829
5,106,V,0.03440965
5,106,V,0.30337915
5,106,V,0.31104213
5,107,H,0.8041092
5,107,H,0.8406649
5,107,H,-0.87434965
5,107,H,0.82549316
5,107,H,-0.6968581
5,107,H,0.16409783
5,107,H,0.08935999
5,107,H,0.59749526
5,107,V,-0.93800616
5,107,V,-0.4668635
5,107,V,0.15413451
5,107,V,-0.8832067
5,107,V,-0.03712762
5,107,V,-0.01048643
5,107,V,0.5031605
5,107,V,-0.87038654
5,107,V,-0.042428784
5,107,V,-0.027906723
5,107,V,0.46790874
5,107,V,0.27487963
5,107,V,0.6898765
5,108,H,-0.7848992
5,108,V,-0.37100673
5,108,V,-0.085597456
5,108,V,-0.20299713
5,108,V,-0.23734482
5,108,V,-0.30906066
5,108,V,-0.19623294
5,109,H,-0.9967529
5,109,H,-1.0
5,109,H,-1.0
5,109,H,-0.9957586
5,109,H,-0.9946581
5,109,H,-0.91259426
5,109,V,0.34237126
5,109,V,0.36993918
5,109,V,0.2981958
5,109,V,0.2352891
5,109,V,0.52203304
5,109,V,0.27933064
5,109,V,0.28864542
5,109,V,0.36871734
5,109,V,0.51320374
5,109,V,0.37046045
5,110,V,-0.10359718
5,110,V,0.040228814
5,110,V,0.00090510485
5,110,V,0.16918825
5,110,V,-0.110760406
5,110,V,0.037320923
5,110,V,0.0020866522
5,110,V,0.06868108
5,110,V,-0.10966303
5,110,V,-0.011726738
5,110,V,-0.008374868
5,110,V,0.059103593
5,111,H,0.4268285
5,111,H,0.5207216
5,111,H,0.365634
5,111,H,0.78372157
5,111,H,-0.20049852
5,111,H,0.4766856
5,111,H,0.228739
5,111,H,0.15673883
5,111,V,0.4703564
5,111,V,0.78893954
5,111,V,0.33551958
5,111,V,0.89270175
5,111,V,0.57529664
5,111,V,0.80198497
5,112,H,0.15790838
5,112,H,-0.04038697
5,112,H,-0.008824375
5,112,H,-0.36610842
5,112,V,-0.15261625
5,112,V,0.010044113
5,112,V,0.039246038
5,112,V,0.4229586
5,113,V,-0.4462081
5,113,V,-0.34025356
5,113,V,-0.35337764
5,113,V,-0.14258996
5,113,V,-0.09835725
5,113,V,0.022951894
5,113,V,-0.1788866
5,113,V,-0.16764507
5,113,V,-0.158813
5,113,V,-0.13117151
5,113,V,-0.3700488
5,113,V,-0.13508837
5,113,V,-0.4733921
5,113,V,-0.34264106
5,114,H,-0.9238246
5,114,H,-0.9314022
5,114,H,-0.91532004
5,114,H,-0.99859756
5,114,V,-0.046284415
5,114,V,0.098201364
5,114,V,0.027225029
5,114,V,-0.16132326
5,114,V,0.2460469
5,114,V,0.15172471
5,114,V,0.09676707
5,114,V,0.28660038
5,114,V,0.30835637
5,114,V,0.1912801
5,114,V,-0.031052848
5,114,V,0.19900893
5,114,V,0.28004336
5,114,V,0.1993517
5,114,V,0.3944985
5,114,V,0.29516584
5,114,V,0.20123303
5,114,V,0.9006507
5,115,H,-0.8691874
5,115,H,-0.53647417
5,115,H,-0.39103168
5,115,H,-0.4666223
5,115,H,-0.28735813
5,115,H,-0.020908754
5,115,H,0.059855994
5,115,V,0.07347092
5,115,V,0.74070126
5,115,V,0.64563954
5,115,V,0.7412071
5,115,V,-0.13203986
5,115,V,-0.10848004
5,115,V,-0.14785984
5,115,V,0.120635614
5,115,V,0.32512474
5,116,H,0.21614109
5,116,H,0.28103045
5,116,H,0.13959493
5,116,H,0.28891966
5,117,H,-0.114872195
5,117,H,-0.09880212
5,117,H,-0.13648078
5,117,H,0.25401604
5,117,H,-0.13388884
5,117,H,-0.17828971
5,117,H,-0.10040592
5,117,H,0.22155637
5,117,H,-0.21365285
5,117,H,-0.31103465
5,117,H,-0.24236232
5,117,H,0.18552479
5,117,V,-0.86044246
5,117,V,-0.26591483
5,117,V,-0.293539
5,117,V,0.038912315
5,117,V,-0.058940403
5,117,V,-0.0599352
5,117,V,-0.044580173
5,117,V,-0.017939344
5,117,V,-0.03353135
5,117,V,0.02825598
5,117,V,0.0454945
5,117,V,0.022486769
5,118,H,0.18661858
5,118,H,0.111683175
5,118,H,0.10808
5,118,H,0.15495278
5,118,H,-0.09565701
5,118,H,0.25537163
5,118,H,0.33371803
5,118,H,0.23449522
5,118,H,0.2374725
5,118,H,0.3048283
5,118,H,0.29407492
5,119,H,-0.97909683
5,119,H,-0.9492689
5,119,H,-0.90548474
5,119,H,-0.8573617
5,119,H,1.0
5,119,V,0.81010747
5,119,V,0.99247944
5,119,V,0.9928849
5,119,V,-0.9101707
5,119,V,-0.9960177
5,119,V,-0.9978835
5,120,H,-0.08170023
5,120,H,0.079975806
5,120,H,-0.57688105
5,120,V,0.9804913
5,120,V,0.9739315
5,120,V,0.8343578
5,120,V,-0.84925306
5,121,H,0.04016321
5,121,H,-0.11955978
5,121,H,0.060518622
5,121,H,0.12495711
5,121,H,-0.121816866
5,121,H,-0.009221741
5,122,H,-1.0
5,122,H,-0.6912516
5,122,V,0.81561244
5,123,V,0.4825737
5,123,V,-0.60158426
5,124,V,-0.022663224
5,124,V,-0.04242976
5,124,V,-0.116991654
5,124,V,-0.074579865
5,124,V,-0.04632626
5,124,V,-0.06701027
5,124,V,0.1922912
5,124,V,-0.031798813
5,124,V,0.25525376
5,124,V,0.33083823
5,125,H,0.12903212
5,125,H,0.14985806
5,125,H,0.19573738
5,125,H,0.01824044
5,125,H,-0.008789628
5,125,H,0.052342262
5,125,H,0.032235645
5,125,H,0.01451765
5,125,H,0.05206383
5,125,V,-0.005147164
5,125,V,0.0013273848
5,125,V,0.08735553
5,125,V,0.021947498
5,125,V,-0.010349086
5,125,V,0.033800237
5,125,V,0.0022050305
5,125,V,-0.008390617
5,126,H,0.13634327
5,126,H,0.12274145
5,126,H,0.14766029
5,126,H,0.11188764
5,126,H,0.01239916
5,126,H,0.025729984
5,126,H,0.040539425
5,126,H,0.04502073
5,126,H,0.11498758
5,126,H,0.017971206
5,126,H,0.022994202
5,126,H,0.024154026
5,126,H,0.072910756
5,126,H,0.11669218
5,126,V,-0.015457348
5,126,V,0.03991457
5,126,V,0.039727457
5,126,V,-0.008428269
5,126,V,0.05738847
5,126,V,-0.020304454
5,126,V,0.032456536
5,126,V,0.044245522
5,127,H,0.98927575
5,127,H,0.19351715
5,127,H,0.17592973
5,127,H,-0.031161526
5,127,H,-1.0
5,127,H,-0.92706436
5,127,H,-0.97220343
5,127,V,-0.96285236
5,127,V,-0.31516173
5,127,V,-0.28619507
5,127,V,0.8541396
5,128,H,-0.20633623
5,128,V,-0.14832787
5,128,V,-0.13855831
5,128,V,-0.1389734
5,128,V,-0.19455743
5,129,H,-0.49947965
5,129,H,-0.2951094
5,129,H,-0.26154438
5,129,V,-0.21284369
5,129,V,-0.12963867
5,129,V,-0.076736525
5,129,V,-0.13888131
5,129,V,-0.027128069
5,129,V,-0.17932798
5,129,V,0.14027058
5,129,V,0.08279531
5,130,H,0.002738504
5,130,H,0.031991906
5,130,H,-0.047611915
5,130,H,0.0072996938
5,130,H,-0.0523574
5,130,H,-0.13860244
5,130,H,0.014319176
5,130,H,-0.107207626
5,130,H,-0.20684645
5,130,H,-0.26140508
5,130,V,-0.19348174
5,130,V,-0.08068364
5,130,V,0.04422574
5,130,V,-0.04272842
5,130,V,-0.1146113
5,130,V,0.043291114
5,130,V,-0.07891493
5,130,V,0.1676532
5,130,V,0.2794641
5,131,V,0.053077634
5,131,V,0.13547216
5,131,V,0.13419376
5,131,V,0.20515308
5,132,H,0.9480867
5,132,H,0.27648485
5,132,H,0.33312777
5,132,H,0.31995285
5,132,H,0.20527716
5,132,H,0.40905058
5,132,V,0.20290187
5,132,V,0.37946457
5,132,V,0.51125896
5,132,V,0.42928627
5,132,V,0.5962809
5,132,V,0.19960263
5,132,V,0.4344695
5,132,V,0.47156507
5,132,V,0.4352873
5,132,V,0.63246816
5,132,V,0.97841525
5,132,V,0.98430943
5,132,V,0.99715966
5,132,V,0.9987217
5,133,H,-0.8007644
5,133,H,-0.7291967
5,133,H,-0.72663337
5,133,H,-0.6140355
5,134,V,-1.0
5,134,V,-1.0
5,134,V,-1.0
5,134,V,-1.0
5,134,V,-1.0
5,135,H,1.0
5,135,H,1.0
5,135,H,-1.0
5,135,H,1.0
5,135,H,-1.0
5,135,H,1.0
5,135,H,-0.9913174
5,135,V,1.0
5,135,V,-0.9841331
5,135,V,1.0
5,135,V,-0.99910355
5,135,V,1.0
5,135,V,-0.99974084
5,135,V,1.0
5,135,V,-1.0
5,136,H,0.48840228
5,136,H,0.609403
5,136,H,0.65310633
5,136,H,0.5383466
5,136,V,0.34564364
5,136,V,0.29041076
5,136,V,0.29255635
5,136,V,0.6303311
5,137,H,0.7050148
5,137,H,0.74762255
5,137,V,-0.15448381
5,137,V,-0.047302082
5,137,V,-0.051471256
5,137,V,0.4957005
5,138,V,0.0037869413
5,138,V,-0.20605224
5,138,V,-0.21775739
5,138,V,-0.18533827
5,139,H,-0.71423304
5,139,H,-0.48845354
5,139,H,-0.81319577
5,139,H,-0.84116715
5,139,H,-0.16820347
5,139,H,0.48304018
5,139,H,0.49092612
5,139,V,0.99436235
5,139,V,0.9988712
5,139,V,0.99031395
5,139,V,0.96690804
5,139,V,0.9893779
5,139,V,0.9795983
5,140,H,-0.6971383
5,140,H,-0.06730687
5,140,H,-0.11112524
5,140,H,0.44811627
5,140,H,-0.797421
5,140,H,-0.30523884
5,140,H,0.16403371
5,140,H,0.18455024
5,140,H,0.7516759
5,140,V,-0.9366793
5,140,V,-0.054942474
5,140,V,0.28469718
5,141,H,0.9979904
5,141,H,1.0
5,141,H,-1.0
5,141,H,1.0
5,141,H,1.0
5,141,V,1.0
5,141,V,1.0
5,141,V,-1.0
5,141,V,1.0
5,141,V,-1.0
5,141,V,0.99415034
5,142,V,-0.61290854
5,142,V,-0.16996971
5,142,V,-0.39039394
5,142,V,-0.051900983
5,142,V,0.004511174
5,142,V,-0.7912551
5,142,V,-0.07101857
5,143,V,0.23734735
5,143,V,-0.11070847
5,144,V,0.738226
5,144,V,0.81506306
5,144,V,0.6625789
5,144,V,0.81109095
5,144,V,-0.8196642
5,144,V,-0.8423333
5,144,V,-0.82823396
5,144,V,-0.7647243
5,144,V,-0.43481654
5,145,H,0.24956252
5,145,H,0.2853936
5,145,H,0.2997103
5,145,H,0.2176379
5,145,V,0.068879336
5,146,H,-0.14526571
5,146,H,-0.11300532
5,146,H,-0.075426295
5,146,H,-0.041450158
5,146,H,0.08610874
5,146,H,0.054098237
5,146,H,0.066453524
5,146,H,0.026131287
5,146,H,0.033269778
5,146,H,0.25580558
5,146,H,0.2744942
5,146,H,0.29439434
5,146,V,0.05410031
5,146,V,-0.09545047
5,146,V,-0.2051517
5,146,V,0.020931093
5,146,V,-0.08464579
5,146,V,-0.080525994
5,146,V,0.11078694
5,146,V,-0.052807007
5,146,V,-0.09779431
5,146,V,-0.055185314
5,146,V,0.075430825
5,146,V,-0.34752193
5,146,V,-0.32203823
5,146,V,-0.37276274
5,147,H,0.019621272
5,147,H,0.020615222
5,147,V,-0.21568261
5,147,V,-0.10450033
5,147,V,0.0540022
5,147,V,-0.034988567
5,147,V,-0.008815795
5,147,V,0.010195857
5,147,V,-0.023463147
5,148,H,-0.3111001
5,148,H,-0.38849607
5,148,H,-0.33733648
5,148,H,-0.049721703
5,148,V,0.4888456
5,148,V,0.053631403
5,148,V,0.5060946
5,148,V,0.09058949
5,148,V,0.22360371
5,148,V,-0.081351504
5,149,H,-0.1085506
5,149,H,-0.0064980737
5,149,H,-0.035675
5,149,H,0.022883542
5,149,H,0.014126758
5,149,H,-0.1320956
5,149,H,-0.04257637
5,149,H,0.0018078196
5,149,H,0.015953355
5,149,H,0.027582644
5,149,V,-0.07354893
5,149,V,-0.063266516
5,149,V,-0.050196458
5,149,V,-0.0978113
5,149,V,-0.007924196
5,149,V,-0.051080763
5,150,H,-0.22055306
5,150,H,-0.26870963
5,150,H,-0.18490861
5,150,H,0.062249847
5,150,H,-0.09010416
5,150,H,-0.0077642053
5,150,H,0.0027431927
5,150,H,0.0022463985
5,150,H,-0.046987552
5,150,H,-0.1206566
5,150,H,-0.08256374
5,150,V,0.3138493
5,150,V,0.27510267
5,150,V,0.28737426
5,150,V,0.124419555
5,150,V,0.06966367
5,150,V,0.12072587
5,150,V,0.10431261
5,150,V,0.24163868
5,150,V,0.19244462
5,150,V,0.10307323
5,151,H,0.9076931
5,151,H,-0.7936293
5,151,H,0.51797503
5,151,H,-0.7680225
5,151,H,-0.10860945
5,151,H,0.58782125
5,151,V,-0.53349096
5,151,V,-0.2573292
5,151,V,-0.18651083
5,151,V,-0.2463849
5,151,V,0.12472088
5,151,V,0.085696556
5,151,V,0.13867229
5,151,V,0.11377326
5,151,V,0.7762242
5,151,V,0.09791645
5,151,V,0.15063588
5,151,V,0.081721455
5,151,V,0.7217767
5,151,V,0.35206234
5,151,V,0.27720493
5,151,V,0.39003745
5,151,V,0.67769617
5,152,V,0.019271044
5,152,V,0.021475824
5,152,V,0.07937622
5,152,V,0.73427254
5,152,V,0.06117886
5,152,V,0.047511235
5,152,V,0.074611954
5,152,V,0.70601696
5,152,V,0.40052015
5,152,V,0.4710655
5,153,H,-0.17710538
5,153,H,-0.45835578
5,153,H,-0.025245424
5,153,H,-0.4862457
5,153,H,-0.19613986
5,153,H,-0.007491946
5,153,H,0.15124497
5,154,H,0.42190388
5,154,H,-0.027354922
5,154,H,-0.024474904
5,154,H,-0.6453536
5,154,H,-0.12066209
5,154,V,0.9790155
5,155,H,0.26562244
5,155,H,0.32511923
5,155,H,0.20830359
5,155,V,0.33861062
5,155,V,0.32460716
5,155,V,0.25124362
5,155,V,0.33125997
5,155,V,0.23952998
5,155,V,0.23175141
5,155,V,-0.0006064972
5,155,V,0.13091002
5,156,H,0.64322764
5,156,V,0.86453444
5,157,H,-0.13360973
5,157,H,-0.15163685
5,157,H,-0.06941593
5,157,H,-0.79809403
5,157,H,-0.894732
5,157,H,-0.9200801
5,157,H,-0.9928275
5,157,V,-0.30507797
5,158,V,0.019109549
5,158,V,-0.05004665
5,158,V,0.17716701
5,158,V,0.038207054
5,158,V,0.18888293
5,158,V,0.079872
5,158,V,0.37365708
5,158,V,0.27673838
5,159,H,0.5243615
5,159,V,-1.0
5,160,H,0.7614348
5,160,H,0.6233797
5,160,H,-0.27154794
5,160,H,0.7014916
5,160,H,-0.35162988
5,160,H,0.46803567
5,161,V,1.0
5,162,H,-0.18948336
5,162,H,-0.18299292
5,162,H,-0.24021856
5,162,H,-0.23139147
5,162,H,-0.39109987
5,162,H,-0.25971648
5,162,H,-0.53088623
5,162,H,-0.27288023
5,162,H,-0.2641427
5,162,H,-0.26085487
5,162,H,-0.5072838
5,162,H,-0.38926142
5,162,H,-0.41276193
5,162,H,-0.31435153
5,162,H,-0.42665157
5,163,V,-0.029569361
5,163,V,0.10840365
5,163,V,-0.113507956
5,163,V,-0.15313819
5,163,V,-0.08508293
5,163,V,-0.20378125
5,164,H,-0.5842424
5,164,H,-0.5440251
5,164,H,-0.47670484
5,164,H,-0.46236295
5,164,H,-0.64420754
5,164,H,-0.33878827
5,164,H,-0.4066739
5,164,H,-0.3210487
5,164,H,-0.33221248
5,164,H,-0.5421224
5,164,H,-0.3135564
5,164,H,-0.41363555
5,164,H,-0.38634467
5,164,H,-0.2704141
5,164,H,-0.5718344
5,164,V,0.24264991
5,164,V,0.32094198
5,164,V,0.041483488
5,164,V,0.06448841
5,164,V,-0.0717934
5,164,V,-0.10373999
5,164,V,-0.077653795
5,165,V,-0.1185487
5,165,V,-0.10345848
5,165,V,-0.13993916
5,165,V,-0.032682054
5,165,V,0.06660814
5,165,V,-0.027132718
5,165,V,0.025405655
5,165,V,-0.007857286
5,165,V,-0.0059934654
5,165,V,-0.08661651
5,165,V,0.02262123
5,165,V,-0.01081694
5,165,V,0.15894945
5,165,V,0.042639986
5,165,V,0.027232608
5,165,V,0.03803409
5,166,H,-0.9974901
5,166,H,-0.9983541
5,166,H,-0.9999961
5,166,V,0.9996386
5,166,V,1.0
5,166,V,1.0
5,166,V,1.0
5,166,V,1.0
5,166,V,0.9100689
5,167,H,0.65436304
5,167,H,0.6995498
5,167,V,0.11568503
5,167,V,-0.2072696
5,167,V,0.08688919
5,167,V,-0.07098166
5,167,V,0.08513356
5,167,V,-0.07916317
5,167,V,0.3676514
5,168,H,-0.0251491
5,168,H,-0.08478916
5,168,V,-0.001252553
5,168,V,-0.083413154
5,168,V,-0.21506578
5,168,V,-0.056543898
5,168,V,-0.17485695
5,169,H,-1.0
5,169,H,-0.69422024
5,169,V,-0.031390477
5,169,V,-0.76893175
5,169,V,-0.7431856
5,169,V,-0.8567666
5,170,H,-1.0
5,170,V,-1.0
5,170,V,-1.0
5,170,V,-1.0
5,171,H,-0.20643231
5,171,H,-0.99979854
5,171,H,-0.15790741
5,171,H,-0.99966127
5,171,H,-0.1522685
5,171,H,-1.0
5,171,H,-1.0
5,171,H,-0.43156838
5,171,V,-0.81138533
5,171,V,-0.7195804
5,172,H,0.040994395
5,172,H,0.03462404
5,172,H,-0.110153385
5,172,H,0.031304378
5,172,H,-0.037251823
5,172,H,0.0150901005
5,172,H,-0.0055798274
5,172,H,0.07863028
5,172,V,-0.22304204
5,172,V,-0.12701237
5,172,V,-0.19888957
5,172,V,-0.13155617
5,172,V,-0.12720299
5,173,V,-0.30233786
5,173,V,-0.1029247
5,173,V,-0.10826604
5,173,V,-0.12148793
5,173,V,0.015947469
5,173,V,-0.2027269
5,173,V,-0.0045686737
5,173,V,-0.012932714
5,173,V,-0.027758539
5,173,V,0.09363186
5,173,V,-0.17156877
5,173,V,-0.010730549
5,173,V,-0.013618769
5,173,V,-0.012353297
5,173,V,0.09321141
5,173,V,-0.13756047
5,173,V,0.023219401
5,173,V,0.05149652
5,173,V,0.036609802
5,173,V,0.1397641
5,174,H,-0.059322763
5,174,H,-0.06275821
5,174,H,-0.2848252
5,174,H,-0.18199481
5,174,H,-0.16225536
5,174,H,-0.2760881
5,174,H,-0.17925593
5,174,H,-0.20835838
5,174,V,0.05723156
5,174,V,0.09666279
5,174,V,0.08147485
5,174,V,0.0033960438
5,174,V,0.13430074
5,174,V,-0.004749464
5,175,H,-0.014601216
5,175,H,0.03212503
5,175,H,0.024491746
5,175,H,0.0072249556
5,175,H,0.02343497
5,175,H,0.034579705
5,175,H,0.006463062
5,175,V,0.017255548
5,175,V,0.018398382
5,175,V,0.02587911
5,175,V,0.04525121
5,175,V,0.055520188
5,175,V,0.010427515
5,175,V,0.051501844
5,175,V,0.03737178
5,175,V,0.033029165
5,175,V,0.04111361
5,176,H,-0.31996894
5,176,H,-0.3162452
5,176,H,-0.39211974
5,176,H,-0.18913661
5,176,H,-0.36413443
5,176,H,-0.17054592
5,176,H,-0.40647513
5,176,H,-0.32480922
5,176,H,-0.21051012
5,176,H,-0.2613926
5,176,H,-0.38843188
5,176,H,-0.04910704
5,176,H,-0.044519905
5,176,H,-0.009050289
5,176,H,-0.2502603
5,177,H,0.06980115
5,177,H,-0.2836447
5,177,H,-0.14253075
5,177,H,-0.10023171
5,177,H,-0.3536079
5,177,H,-0.123446904
5,177,H,-0.064799495
5,177,H,-0.32660505
5,177,H,-0.12941495
5,177,V,-0.099239014
5,177,V,-0.19292085
5,178,H,0.58663356
5,178,H,-0.07877521
5,178,H,-0.13516314
5,178,H,-0.15056403
5,178,H,-0.13640456
5,178,H,-0.21832898
5,178,H,-0.17951405
5,178,H,-0.09124454
5,178,H,-0.09327483
5,178,H,-0.37950763
5,178,H,-0.4136448
5,178,H,-0.46800005
5,178,V,0.3473909
5,178,V,0.42696917
5,178,V,0.47635272
5,178,V,0.2531973
5,178,V,0.42210397
5,178,V,0.47168666
5,178,V,0.50940496
5,178,V,0.3382367
5,178,V,0.3941931
5,178,V,0.4662369
5,178,V,0.35196823
5,178,V,0.1000098
5,179,H,-0.25307354
5,179,H,-0.11009689
5,179,H,0.5614058
5,179,H,0.55519116
5,179,V,-0.1975394
5,179,V,-0.38755473
5,179,V,-0.36848179
5,179,V,-0.76732695
5,179,V,-0.5929838
5,179,V,-0.65742147
5,179,V,-0.6551575
5,179,V,-0.7237694
5,179,V,-0.8411746
5,179,V,-0.692286
5,179,V,-0.83254325
5,180,H,0.19818981
5,180,H,0.009797398
5,180,H,0.1673353
5,180,H,0.038151156
5,180,H,-0.012867739
5,181,H,0.8555255
5,181,V,-0.8902791
5,181,V,-0.8915945
5,181,V,-0.90685296
5,181,V,-0.9852266
5,181,V,-0.73831
5,182,H,-0.3425572
5,182,H,-0.3673461
5,182,H,-0.49700215
5,182,V,0.06269306
5,182,V,-0.067480825
5,182,V,-0.03668156
5,182,V,-0.037527718
5,182,V,-0.024615586
5,182,V,-0.014736665
5,183,H,0.8444533
5,183,H,0.80726147
5,183,H,0.6870726
5,183,H,0.81523
5,183,V,-0.95028347
5,184,H,0.021457674
5,184,H,-0.20172177
5,184,H,-0.1909917
5,184,H,-0.077312246
5,184,H,0.4072574
5,184,H,0.37628058
5,184,H,0.44581267
5,184,V,0.55812603
5,184,V,0.48516843
5,185,H,0.8450982
5,185,H,0.9335702
5,185,H,0.94857335
5,185,H,0.90593225
5,185,V,1.0
5,185,V,1.0
5,185,V,1.0
5,185,V,1.0
5,186,V,-0.4793898
5,186,V,-0.34536502
5,186,V,-0.60642326
5,186,V,-0.553197
5,186,V,-0.40722725
5,186,V,-0.5383611
5,186,V,-0.54555404
5,186,V,-0.29508018
5,186,V,-0.6097778
5,186,V,-0.72367513
5,186,V,-0.37512887
5,187,H,-0.93913245
5,187,H,-0.7648905
5,187,H,-0.10515669
5,187,H,0.80067146
5,188,H,0.78589386
5,188,H,0.71114707
5,188,H,0.25233305
5,188,H,0.34276363
5,188,H,0.2951119
5,188,H,0.3573406
5,188,H,-0.18516262
5,188,H,0.07740175
5,188,V,0.40952134
5,188,V,0.4991926
5,188,V,0.76657397
5,188,V,0.7448995
5,188,V,0.735666
5,188,V,0.5606985
5,189,H,-0.007832018
5,189,H,-0.09240837
5,189,H,-0.059142146
5,189,H,-0.08555364
5,189,H,-0.0632313
5,189,V,-0.026029404
5,189,V,0.10590621
5,189,V,0.09196417
5,189,V,0.06472302
5,190,H,-0.83689684
5,190,H,0.14739756
5,190,H,0.27951804
5,190,H,0.9163861
5,190,H,0.16385742
5,190,H,0.24658827
5,190,H,0.91678
5,190,H,0.9548583
5,190,V,-0.84160334
5,190,V,0.0059309844
5,190,V,0.09776988
5,190,V,0.7182749
5,190,V,-0.0032183167
5,190,V,0.0853413
5,190,V,-0.107010335
5,190,V,-0.22957201
5,190,V,-0.064112574
5,190,V,0.8032496
5,191,V,0.67208123
5,191,V,0.2612393
5,192,H,-0.019166231
5,192,H,-0.2769663
5,192,H,-0.07559539
5,192,H,-0.2715586
5,192,H,-0.27106655
5,192,H,-0.25031778
5,192,H,-0.2307277
5,192,H,-0.42780706
5,192,H,-0.39217794
5,192,H,-0.62401116
5,192,H,-0.074984066
5,192,V,-0.7775593
5,192,V,-0.597046
5,192,V,-0.9279976
5,192,V,-0.30191454
5,192,V,-0.41377518
5,192,V,-0.6698222
5,192,V,-0.41449255
5,192,V,-0.38964203
5,192,V,-0.53849906
5,192,V,-0.02772422
5,193,H,0.7229952
5,193,H,0.6829574
5,193,H,0.6600653
5,193,H,0.59254223
5,194,H,0.35500908
5,194,H,0.30202445
5,194,H,0.36244112
5,194,H,0.0063593104
5,194,H,0.07839185
5,194,H,0.04085457
5,194,H,0.14181885
5,194,H,0.070261635
5,194,H,0.047648404
5,194,H,0.07993102
5,194,H,0.15991098
5,194,V,-0.031349573
5,194,V,-0.09120476
5,194,V,-0.04476976
5,194,V,-0.08065025
5,194,V,0.19061716
5,194,V,0.20170842
5,195,H,-0.42370376
5,195,H,-0.50521314
5,195,H,0.36780193
5,195,H,0.2738881
5,195,V,0.5045107
5,195,V,0.56116146
5,195,V,0.5659051
5,195,V,0.80351806
5,195,V,0.8050919
5,195,V,0.83939517
5,195,V,-0.17390655
5,195,V,-0.33739775
5,195,V,-0.20300747
5,195,V,0.47284883
5,196,V,-0.025178216
5,196,V,0.81689066
5,196,V,-0.23160884
5,196,V,-0.22827476
5,196,V,-0.49991575
5,197,H,0.18959913
5,197,H,0.83093166
5,197,H,0.87478817
5,197,H,0.72855836
5,197,V,0.9928414
5,197,V,0.98753333
5,197,V,0.89164734
5,198,H,-0.6528202
5,199,H,-0.96747607
5,199,H,1.0
5,199,H,-0.9671301
5,199,H,1.0
5,199,H,-0.9742034
5,199,H,1.0
5,199,H,-0.9815258
5,199,V,-0.99962014
5,199,V,-0.9972679
5,199,V,0.99839056
5,199,V,-0.9956887
5,199,V,0.999299
5,199,V,-0.99608916
5,199,V,1.0
5,200,H,0.7649974
5,200,H,-0.24959171
5,200,H,0.8438397
5,200,H,-0.2671649
5,200,H,0.862238
5,200,H,-0.19674686
5,200,H,-0.06269969
5,200,V,0.6061622
5,201,H,-0.1667596
5,201,H,-0.21717703
5,201,H,-0.21669519
5,201,H,-0.18345042
5,201,H,-0.16782135
5,201,V,0.21806984
5,201,V,0.14003928
5,201,V,0.10888749
5,201,V,0.09982788
5,201,V,-0.0115370415
5,201,V,-0.05527979
5,202,H,-0.64575106
5,202,H,-0.76004916
5,202,H,-0.61874735
5,202,V,-0.42402995
5,202,V,0.1626237
5,202,V,0.19858563
5,202,V,0.8036902
5,203,H,-0.9957977
5,203,V,1.0
5,203,V,1.0
5,203,V,1.0
5,203,V,0.9949767
5,203,V,1.0
5,204,H,-0.9206402
5,204,H,-0.8663923
5,204,H,-0.6767462
5,204,H,-0.64200646
5,204,V,0.66960716
5,204,V,0.549421
5,204,V,0.54158163
5,204,V,0.60048366
5,205,H,1.0
5,205,H,1.0
5,205,H,1.0
5,205,H,1.0
5,205,H,1.0
5,205,H,1.0
5,205,H,1.0
5,205,H,1.0
5,205,H,1.0
5,205,H,1.0
5,205,H,1.0
5,205,H,1.0
5,205,V,-0.39958245
5,205,V,-0.96870244
5,205,V,-0.96978694
5,205,V,-0.7060795
5,205,V,-0.94045144
5,205,V,-0.95426536
5,205,V,-0.94730574
5,205,V,-0.8831959
5,205,V,-0.66206455
5,205,V,-0.9396835
5,205,V,-0.9537738
5,205,V,-0.89378566
5,205,V,-0.8698811
5,205,V,-0.2092351
5,205,V,-0.859163
5,205,V,-0.9166644
5,205,V,-0.8794484
5,206,H,-0.44639328
5,206,H,-0.27805078
5,206,H,-0.019177048
5,206,H,0.40574598
5,206,H,0.78151923
5,206,H,0.675932
5,206,H,0.54191864
5,207,H,0.9766487
5,207,H,0.99893165
5,207,H,0.9998855
5,207,H,0.99966395
5,207,V,-0.17396984
5,207,V,-0.3305606
5,207,V,-0.29915076
5,207,V,-0.22576635
5,208,H,-0.047122944
5,208,H,0.19480444
5,208,H,-0.21562499
5,208,H,-0.038255032
5,208,H,0.043489736
5,208,H,-0.069085784
5,208,H,-0.10937426
5,208,H,0.014542785
5,208,H,0.15999094
5,208,H,-0.04669128
5,208,H,-0.102014445
5,208,H,0.14000449
5,208,V,0.2735654
5,208,V,0.066623546
5,208,V,0.25087997
5,208,V,-0.094135754
5,208,V,0.25489354
5,208,V,-0.051502638
5,208,V,0.120273955
5,208,V,0.36027062
5,208,V,0.009976102
5,208,V,-0.24560212
5,208,V,0.2841529
5,208,V,0.2563076
5,209,H,0.96745414
5,209,H,0.6057208
5,209,V,1.0
5,209,V,1.0
5,209,V,1.0
5,209,V,1.0
5,209,V,1.0
5,209,V,1.0
5,209,V,1.0
5,210,V,0.263669
5,210,V,0.34575406
5,210,V,0.28991583
5,210,V,0.34176755
5,210,V,0.30577898
5,210,V,0.24713108
5,210,V,0.3175362
5,210,V,0.22685198
5,210,V,0.35408953
5,210,V,0.28806588
5,210,V,-0.34922007
5,210,V,-0.33048457
5,210,V,-0.3973639
5,210,V,-0.44364044
5,210,V,-0.36433288
5,211,H,-0.2585277
5,211,H,-0.15165691
5,211,H,-0.21013565
5,211,V,0.2877218
5,211,V,0.23972312
5,211,V,-0.29160383
5,212,H,-0.84441257
5,212,H,0.15470874
5,212,H,0.053709194
5,212,H,0.38441768
5,212,H,-0.8950038
5,212,H,0.24766205
5,212,H,-0.45811617
5,212,H,0.21521206
5,212,H,0.24453366
5,212,H,-0.23010702
5,212,V,-0.93443894
5,212,V,-0.42120364
5,212,V,-0.7363953
5,212,V,0.000147891
5,212,V,-0.6229645
5,212,V,0.022704698
5,212,V,0.37526497
5,213,H,0.93248785
5,213,H,0.9880005
5,213,H,0.97979856
5,213,H,0.9624139
5,213,V,-1.0
5,213,V,-0.9999212
5,213,V,-0.98148674
5,213,V,-0.9489683
5,214,H,-0.6092357
5,214,H,-0.554126
5,214,H,-0.5368982
5,214,H,-0.689368
5,214,V,-0.8085984
5,214,V,-0.48231
5,214,V,-0.4926761
5,215,V,-0.23633124
5,215,V,-0.15445466
5,215,V,-0.10290643
5,215,V,0.23897327
5,216,H,0.19247122
5,216,H,0.4897322
5,216,H,0.4319151
5,216,H,0.53971475
5,216,H,0.58507955
5,216,H,0.62059486
5,216,H,0.52662843
5,216,H,-0.041490383
5,216,H,0.65843
5,216,V,0.950436
5,216,V,0.6653932
5,216,V,0.63030535
5,216,V,0.5770297
5,216,V,0.68162596
5,216,V,0.8444836
5,217,H,0.7366062
5,217,H,0.86470956
5,217,H,0.88473
5,217,H,0.7172928
5,217,V,-1.0
5,217,V,-1.0
5,217,V,-1.0
5,218,H,0.7248068
5,218,H,0.6967586
5,218,H,0.7467333
5,218,V,-0.1920125
5,218,V,0.03631585
5,218,V,-0.0012504795
5,218,V,0.010723584
5,218,V,0.037475135
5,218,V,0.071679495
5,218,V,0.22176231
5,219,H,0.108270295
5,219,H,0.14697249
5,219,H,0.13239399
5,219,H,0.15800595
5,219,V,0.8261504
5,219,V,0.7181624
5,219,V,0.5531126
5,219,V,-0.24044129
5,219,V,-0.10069576
5,220,H,0.10949496
5,220,H,0.028939996
5,220,H,0.030520957
5,220,H,0.11835822
5,220,V,0.6515672
5,221,V,0.93974614
5,221,V,0.761266
5,221,V,0.55789936
5,221,V,0.2864517
5,221,V,0.515317
5,221,V,0.18846014
5,221,V,0.2624264
5,222,H,-0.27035
5,222,H,-0.371414
5,222,H,-0.29100192
5,222,H,-0.29213777
5,222,V,-0.99958855
5,222,V,-0.9975396
5,222,V,-0.9985615
5,222,V,-0.99794513
5,223,H,0.171627
5,223,H,0.33948505
5,223,H,0.021344032
5,223,H,-0.010301003
5,223,H,-0.016405113
5,223,H,-0.04528345
5,223,H,-0.16566256
5,223,H,-0.48216137
5,223,V,-0.9999445
5,223,V,-0.99858457
5,223,V,-1.0
5,223,V,-0.98315495
5,224,H,-0.6609481
5,224,V,-1.0
5,224,V,-0.8991505
5,224,V,0.039312884
5,224,V,-0.17662717
5,224,V,0.044078607
5,224,V,0.5001194
5,224,V,-0.098285936
5,224,V,-0.24582025
5,224,V,0.0153930215
5,224,V,0.29036582
5,224,V,0.9454073
5,224,V,0.49316984
5,225,H,-0.75306857
5,225,H,-0.5435857
5,225,V,-0.08223092
5,225,V,-0.19601344
5,226,H,0.93078023
5,226,H,0.9733561
5,226,H,0.9757657
5,226,H,0.9097813
5,226,V,0.77912855
5,226,V,0.7859254
5,226,V,0.81928885
5,227,H,0.12021443
5,227,H,0.19348969
5,227,V,-0.20451425
5,227,V,-0.09675403
5,227,V,-0.11981055
5,227,V,-0.111881725
5,227,V,-0.06139882
5,227,V,-0.19501011
5,227,V,-0.081058666
5,227,V,-0.10291346
5,227,V,-0.08988272
5,227,V,-0.05832818
5,228,H,-0.0053241677
5,228,H,-0.022744853
5,228,V,-0.066739194
5,228,V,0.0067859325
5,228,V,-0.04009814
5,228,V,0.010578669
5,228,V,-0.01873762
5,228,V,-0.054759197
5,228,V,-0.005945033
5,228,V,-0.04332054
5,228,V,0.010990588
5,228,V,-0.025940135
5,229,H,-0.38086465
5,229,H,0.58609444
5,229,H,0.3562228
5,229,H,0.5278168
5,229,H,0.902616
5,229,H,-0.14024764
5,229,H,0.56054956
5,229,H,0.5555085
5,229,H,0.6241979
5,229,H,0.9836667
5,229,H,-0.179334
5,229,H,0.3978307
5,229,H,0.43322915
5,229,H,0.6194534
5,229,H,0.9904015
5,229,H,-0.5045853
5,229,H,0.35329598
5,229,H,0.22064982
5,229,H,0.9734944
5,229,V,-0.031786293
5,229,V,0.74464196
5,229,V,-0.46286276
5,229,V,-0.5265353
5,229,V,-0.8208688
5,230,H,0.61834145
5,230,H,0.5445396
5,230,H,0.5443872
5,230,H,0.5824813
5,230,V,0.10580406
5,230,V,0.06240349
5,230,V,0.007179686
5,230,V,-0.07108632
5,230,V,0.04009171
5,230,V,-0.04264409
5,230,V,-0.19854888
5,230,V,-0.13437569
5,231,H,-0.6988088
5,231,V,-0.83631194
5,231,V,-0.9712008
5,231,V,-0.97736526
5,232,H,-0.027231116
5,232,H,0.1022599
5,232,H,-0.014211085
5,232,H,0.07118454
5,232,H,-0.14677069
5,232,H,-0.06715435
5,232,H,0.14079238
5,232,H,-0.045470685
5,232,H,0.10586524
5,232,H,-0.14250773
5,232,H,0.026496096
5,232,H,0.003184972
5,232,H,0.09270093
5,232,H,0.13233736
5,232,H,-0.11915921
5,232,H,-0.038758192
5,232,H,0.09085373
5,233,H,-0.043260407
5,233,H,-0.05233347
5,233,H,-0.0414366
5,233,H,-0.10954158
5,233,H,-0.26660198
5,233,H,-0.10368203
5,233,H,-0.1479692
5,233,H,-0.13251026
5,233,H,-0.191505
5,233,V,-0.4334829
5,233,V,-0.42804462
5,233,V,-0.15767272
5,233,V,-0.17471388
5,233,V,-0.08023507
5,233,V,-0.1360199
5,234,H,1.0
5,234,V,0.24767445
5,234,V,0.15408652
5,234,V,0.17887925
5,234,V,0.25581363
5,235,H,1.0
5,235,H,1.0
5,235,H,-0.9709077
5,235,H,1.0
5,235,H,-0.9608119
5,235,H,-0.99694985
5,235,V,-1.0
5,235,V,-1.0
5,235,V,-1.0
5,235,V,1.0
5,235,V,-0.99684644
5,236,H,-0.099463046
5,236,H,0.023545215
5,236,H,-0.12641795
5,236,H,-0.24535999
5,236,H,-0.15806694
5,236,H,-0.21172519
5,236,H,-0.1127273
5,236,H,-0.1954479
5,236,H,-0.24873458
5,236,H,-0.076306954
5,236,H,-0.08186888
5,236,H,-0.03982972
5,237,H,0.48981276
5,237,H,0.43618184
5,237,H,0.55125195
5,237,H,0.42925483
5,237,H,0.36864862
5,237,H,0.47563672
5,237,H,0.4177541
5,237,H,0.55617917
5,237,H,0.4762508
5,237,H,0.3414935
5,237,H,0.6441058
5,237,H,0.5522394
5,237,H,0.5337594
5,237,V,-0.010909404
5,237,V,-0.10872178
5,237,V,-0.19173421
5,237,V,-0.18531938
5,237,V,-0.3005457
5,237,V,-0.2213772
5,238,H,0.980377
5,238,H,1.0
5,238,H,1.0
5,238,H,0.999951
5,238,V,-0.9994091
5,238,V,-1.0
5,238,V,-1.0
5,238,V,-1.0
5,239,H,-1.0
5,239,H,-0.99968493
5,239,V,0.9986619
5,239,V,0.99961776
5,239,V,0.99946487
5,239,V,1.0
5,239,V,-0.9829242
5,240,V,-0.36513478
5,240,V,-0.10415336
5,240,V,-0.044851102
5,241,H,0.25066847
5,241,H,0.1790973
5,241,H,0.18175702
5,241,H,0.0706407
5,241,V,0.21236911
5,241,V,0.33206585
5,241,V,0.36591706
5,241,V,0.5591291
5,242,H,-1.0
5,242,H,1.0
5,242,V,0.99852115
5,242,V,-1.0
5,242,V,-1.0
5,242,V,-1.0
5,243,V,-0.3826609
5,243,V,0.050325494
5,243,V,0.07899759
5,243,V,0.13094358
5,244,H,0.17998852
5,244,H,0.16174473
5,244,H,0.35860142
5,244,H,0.073673606
5,244,H,-0.03660473
5,244,H,0.10812703
5,244,H,0.112886086
5,244,H,0.0040909275
5,244,H,-0.018933402
5,244,H,-0.15860854
5,244,H,-0.1728797
5,244,H,-0.30362123
5,244,V,-0.25886035
5,244,V,-0.15131454
5,244,V,-0.16466086
5,244,V,0.06575979
5,244,V,-0.044598717
5,244,V,0.10934596
5,244,V,-0.018350288
5,244,V,-0.1104981
5,244,V,0.029973432
5,244,V,0.40788594
5,244,V,0.110471204
5,244,V,0.12178433
5,245,H,-0.99954927
5,245,H,-1.0
5,245,H,-1.0
5,245,H,-1.0
5,245,H,-0.99693334
5,245,V,0.9405357
5,245,V,0.9928661
5,245,V,1.0
5,245,V,0.9996459
5,245,V,0.99427956
5,245,V,-0.79329234
5,246,H,0.014648813
5,246,H,0.02286192
5,246,H,-0.028505374
5,246,H,0.049561013
5,246,H,0.05316232
5,246,H,0.024330389
5,246,H,0.022765143
5,246,H,0.036814567
5,246,H,0.030276192
5,246,H,-0.0065859184
5,246,H,-0.015048593
5,246,H,0.046769984
5,246,H,-0.0059712776
5,246,H,-0.015407923
5,246,H,-0.006234691
5,246,H,0.050541162
5,246,H,0.013622909
5,246,H,0.004061962
5,246,H,-0.04682037
5,246,H,-0.033120893
5,247,H,-1.0
5,247,H,-1.0
5,247,H,-1.0
5,247,H,-1.0
5,247,H,-0.99973065
5,247,V,1.0
5,247,V,1.0
5,248,H,-1.0
5,248,H,-1.0
5,248,H,-1.0
5,248,H,-0.9929909
5,248,V,1.0
5,249,H,-0.101126485
5,249,H,-0.30533564
5,249,V,-0.3064593
5,249,V,-0.53544176
5,249,V,-0.0596917
5,249,V,-0.41852778
5,249,V,-0.025876716
5,249,V,-0.39937893
5,249,V,0.108870015
5,249,V,0.07206188
5,249,V,-0.17540298
5,250,V,-0.2835744
5,250,V,-0.21485122
5,250,V,-0.14481959
5,250,V,-0.09445192
5,250,V,-0.043631528
5,250,V,-0.015043997
5,250,V,-0.092103645
5,250,V,0.024554618
5,250,V,-0.06112028
5,250,V,-0.011981626
5,250,V,-0.044228546
5,250,V,0.01813133
5,250,V,0.20867471
5,251,H,1.0
5,251,H,1.0
5,251,H,1.0
5,251,H,1.0
5,251,V,0.99846846
5,251,V,1.0
5,251,V,0.9997329
5,251,V,0.99590915
5,251,V,-0.9931471
5,251,V,-0.99377316
5,251,V,-0.9896509
5,251,V,-0.3883179
5,252,V,-0.99676377
5,252,V,-0.99764776
5,252,V,-0.99494994
5,252,V,-0.99922657
5,253,H,-0.26054227
5,253,H,-0.19420409
5,253,H,-0.18875812
5,253,V,-0.26679537
5,253,V,-0.06196196
5,253,V,-0.08327226
5,253,V,-0.18992592
5,254,H,-0.9579915
5,254,H,-0.9998352
5,254,H,-0.9790657
5,254,H,-0.99932265
5,254,H,-0.97445434
5,254,H,-1.0
5,254,H,-1.0
5,254,H,-1.0
5,254,V,0.9940853
5,254,V,0.8911396
5,254,V,0.9901189
5,254,V,0.99781734
5,254,V,1.0
5,254,V,1.0
5,255,H,-1.0
5,255,H,-1.0
5,255,H,-1.0
5,255,H,1.0
5,255,H,1.0
5,255,H,1.0
5,255,V,1.0
5,255,V,1.0
5,255,V,1.0
5,255,V,-1.0
5,255,V,-1.0
5,255,V,-1.0
5,255,V,-1.0
5,256,H,0.09357553
5,256,H,0.117773406
5,256,H,0.06824932
5,256,H,0.03784505
5,256,H,0.067136295
5,256,H,0.0012392495
5,256,H,0.088975824
5,256,H,-0.027010571
5,256,V,0.22305313
5,256,V,0.08794222
5,256,V,0.12841308
5,256,V,0.080642805
5,256,V,0.061307147
5,257,H,0.79959303
5,257,H,0.8300898
5,258,H,0.39900845
5,258,H,0.031822674
5,258,H,0.12561516
5,258,H,-0.16565053
5,258,H,0.4136908
5,258,H,0.14867058
5,258,H,0.118559204
5,258,H,-0.07089871
5,258,H,-0.2856537
5,258,V,-0.8197496
5,258,V,-0.65117264
5,258,V,0.13656247
5,258,V,-0.36251324
5,258,V,-0.35442805
5,258,V,0.28598726
5,258,V,-0.09760677
5,258,V,-0.40892947
5,258,V,-0.074214585
5,258,V,-0.043417692
5,258,V,-0.3977702
5,258,V,0.24711941
5,258,V,0.37247476
5,258,V,0.24510019
5,258,V,0.0031016236
5,259,H,-0.23839915
5,259,H,0.0074229543
5,259,H,-0.30181646
5,259,H,-0.007206382
5,259,H,-0.07682659
5,259,H,0.20411676
5,259,H,0.18351519
5,259,H,0.35857534
5,259,V,0.6154295
5,259,V,0.24025555
5,259,V,0.12801215
5,259,V,0.30497852
5,259,V,-0.28166312
5,259,V,0.07349843
5,259,V,-0.15899058
5,259,V,-0.1612157
5,259,V,0.14311393
5,259,V,-0.16718642
5,259,V,-0.53226817
5,259,V,-0.24286117
5,259,V,-0.13936652
5,259,V,-0.7886945
5,260,H,-1.0
5,260,H,-0.3140224
5,260,H,0.99900526
5,260,V,0.8709065
5,260,V,1.0
5,260,V,1.0
5,260,V,1.0
5,260,V,1.0
5,261,H,0.2918713
5,261,H,0.25250265
5,261,H,0.05145124
5,261,H,0.021782247
5,261,H,0.11508787
5,261,H,0.032072756
5,261,H,0.07636363
5,261,H,0.1661034
5,261,H,-0.113738455
5,261,H,-0.034879666
5,261,V,0.11424596
5,261,V,0.2595252
5,261,V,0.2906338
5,261,V,0.3757673
5,261,V,0.14048973
5,261,V,0.26930678
5,261,V,0.280504
5,261,V,0.3962027
5,261,V,0.20878266
5,261,V,0.23184256
5,261,V,0.31546035
5,261,V,0.44072598
5,262,H,-1.0
5,262,H,1.0
5,262,H,0.99454206
5,262,V,-0.9993497
5,262,V,-1.0
5,262,V,-1.0
5,262,V,-1.0
5,262,V,-1.0
5,263,H,0.026435392
5,263,H,0.08959419
5,263,H,0.36716592
5,263,H,0.3215004
5,263,H,0.21820602
5,263,H,0.3134004
5,263,H,0.23304024
5,263,V,1.0
5,263,V,1.0
5,263,V,1.0
5,263,V,1.0
5,263,V,1.0
5,263,V,1.0
5,263,V,1.0
5,263,V,1.0
5,263,V,1.0
5,263,V,1.0
5,263,V,1.0
5,263,V,1.0
5,263,V,1.0
5,263,V,0.9986982
5,263,V,0.9980126
5,263,V,0.99778545
5,264,H,0.17511244
5,264,H,0.40565586
5,264,H,0.36543897
5,264,H,0.3033357
5,264,V,-1.0
5,264,V,-1.0
5,264,V,-1.0
5,264,V,-1.0
5,265,H,1.0
5,265,H,0.37238663
5,265,H,0.23764475
5,265,H,0.22780783
5,265,H,0.9986012
5,265,H,0.20419332
5,265,H,0.30987504
5,265,H,0.2443581
5,265,H,1.0
5,265,H,0.54449654
5,265,H,0.47960132
5,265,V,-0.626011
5,265,V,0.9515097
5,265,V,-0.30671805
5,265,V,0.9355661
5,265,V,-0.23082495
5,265,V,0.82228714
5,265,V,-0.27698025
5,265,V,-0.50708586
5,266,V,0.46792793
5,266,V,0.21436183
5,266,V,0.20288475
5,266,V,0.4395853
5,266,V,0.18808371
5,266,V,0.122425206
5,266,V,0.09242675
5,266,V,0.48279572
5,266,V,0.19177407
5,266,V,0.15022317
5,266,V,0.032008737
5,266,V,0.34239075
5,266,V,0.056618914
5,266,V,-0.15556762
5,267,H,0.18588436
5,267,H,0.1426654
5,267,H,0.13198689
5,267,H,0.20279954
5,267,V,0.021450017
5,267,V,0.10885089
5,267,V,-0.02329893
5,267,V,0.13817574
5,267,V,0.040130544
5,267,V,0.14087997
5,267,V,0.047677968
5,267,V,0.094230816
5,268,H,-0.24359159
5,268,H,0.3196313
5,268,H,0.19772057
5,268,V,-0.25994965
5,268,V,-0.4070744
5,268,V,-0.44024196
5,268,V,-0.321013
5,269,V,-0.100910485
5,269,V,-0.06932582
5,269,V,-0.04522133
5,269,V,-0.10648664
5,269,V,-0.056236025
5,269,V,0.08612483
5,269,V,-0.008908024
5,269,V,-0.27238584
5,270,H,-0.03638499
5,270,H,-0.028764637
5,270,H,-0.053771146
5,270,H,-0.04852847
5,270,H,-0.06324427
5,270,H,-0.021367116
5,270,H,-0.031081198
5,270,H,-0.029251859
5,270,H,-0.03383052
5,270,H,-0.05215154
5,270,V,0.19375473
5,271,H,0.99132925
5,271,H,0.9923694
5,271,H,0.994479
5,271,H,0.9929975
5,271,V,1.0
5,271,V,0.99985063
5,271,V,0.98198205
5,272,H,-0.9144918
5,272,H,-1.0
5,272,H,-1.0
5,272,H,-1.0
5,272,H,-0.9998699
5,273,H,0.99937546
5,273,H,0.99994844
5,273,H,0.9999404
5,273,H,0.9930469
5,273,V,-1.0
5,273,V,-1.0
5,273,V,-1.0
5,273,V,-1.0
5,274,H,-0.749283
5,274,H,-0.32343194
5,274,H,-0.33065116
5,274,H,-0.3646546
5,274,H,-0.32453972
5,274,V,-0.20590074
5,274,V,-0.099962994
5,274,V,-0.1447373
5,274,V,0.057276312
5,274,V,0.03669955
5,274,V,0.04383163
5,274,V,0.15810019
5,274,V,0.20799997
5,275,H,-0.020146031
5,275,H,-0.019727066
5,275,H,-0.027203096
5,275,H,-0.0037997554
5,275,H,0.052755866
5,275,H,-0.0026373174
5,275,H,-0.019136656
5,275,H,-0.0059317006
5,275,H,0.006234088
5,275,H,0.08345371
5,275,H,-0.1187303
5,275,H,-0.14813596
5,275,H,-0.1689254
5,275,H,-0.119217426
5,275,V,0.03226435
5,275,V,0.045926306
5,275,V,0.14268109
5,275,V,0.05665242
5,275,V,0.013180064
5,275,V,0.15086752
5,276,V,-0.12603143
5,276,V,-0.100396276
5,276,V,-0.13500892
5,276,V,-0.02423961
5,276,V,-0.12472931
5,276,V,-0.09339822
5,276,V,-0.11446121
5,276,V,-0.11597964
5,276,V,-0.08167986
5,276,V,-0.12528792
5,277,V,0.068292215
5,277,V,0.11251688
5,277,V,0.090440825
5,277,V,0.041626494
5,277,V,0.045351963
5,277,V,0.0842662
5,277,V,0.054610062
5,277,V,0.043030843
5,277,V,0.06433456
5,277,V,0.03659822
5,277,V,0.035486918
5,277,V,0.10361637
5,278,H,0.9997386
5,278,H,0.7292365
5,278,H,0.52337706
5,278,V,1.0
5,278,V,1.0
5,278,V,1.0
5,279,H,-0.5793194
5,279,V,0.15102829
5,279,V,-0.11017329
5,279,V,-0.67690265
5,280,V,-0.2178628
5,280,V,-0.21399246
5,280,V,-0.17941044
5,281,H,-0.105107486
5,281,H,0.93621695
5,281,H,0.9598161
5,281,V,1.0
5,281,V,1.0
5,281,V,1.0
5,281,V,0.9985711
5,281,V,0.81898457
5,282,V,0.86005217
5,282,V,0.5262852
5,282,V,0.54760486
5,282,V,0.4789804
5,282,V,0.41931847
5,283,H,0.425188
5,283,H,0.39065343
5,283,H,0.45713344
5,283,H,-0.07172267
5,283,H,-0.13054542
5,283,H,-0.05407486
5,283,H,-0.8104436
5,283,H,-0.065552786
5,283,H,-0.041854236
5,283,H,-0.1012412
5,283,H,-0.7830134
5,283,H,-0.8362511
5,283,H,-0.78475
5,283,H,-0.75619304
5,283,H,-0.99872005
5,283,V,-0.4368291
5,283,V,0.0872609
5,283,V,0.15780325
5,283,V,0.13561784
5,283,V,-0.52946615
5,283,V,0.10088119
5,283,V,0.16641483
5,283,V,0.10074776
5,283,V,-0.5335983
5,283,V,0.7972298
5,283,V,-0.20473227
5,284,H,-1.0
5,284,H,-1.0
5,284,H,-1.0
5,284,H,-1.0
5,284,V,-1.0
5,284,V,-1.0
5,284,V,-1.0
5,284,V,-1.0
5,285,H,0.4349456
5,285,H,0.42686632
5,285,H,0.49244663
5,285,H,0.4419666
5,285,V,-0.4122667
5,286,H,-0.075882316
5,286,H,-0.09189879
5,286,H,-0.20071326
5,286,V,0.055435997
5,286,V,0.041379754
5,286,V,0.032973375
5,286,V,-0.036444705
5,286,V,0.07254101
5,286,V,0.037831277
5,286,V,0.024636427
5,286,V,-0.036587086
5,287,H,1.0
5,287,H,0.9978391
5,287,H,0.9949445
5,287,H,0.9851068
5,287,V,-0.9789986
5,287,V,-0.98547864
5,287,V,-0.98231053
5,287,V,-0.99363536
5,288,H,0.5333403
5,288,V,-0.93960875
5,289,H,0.006847624
5,289,H,0.40863505
5,289,H,0.39318994
5,289,H,-0.1671061
5,289,V,-0.31776834
5,289,V,0.28979144
5,289,V,0.36620495
5,289,V,0.34342656
5,289,V,0.15307297
5,290,H,0.039223645
5,290,H,-0.070306115
5,290,H,-0.06797609
5,290,H,-0.3300546
5,290,V,0.80481356
5,291,V,0.12879725
5,291,V,0.13261138
5,291,V,0.19031778
5,291,V,0.14645562
5,291,V,0.121870585
5,292,H,-0.24761681
5,292,H,-0.17857125
5,292,H,-0.15340197
5,292,H,-0.026941799
5,292,V,0.9740191
5,292,V,0.9341203
5,292,V,0.8920083
5,292,V,0.9916372
5,293,H,-0.9926858
5,293,H,-1.0
5,293,H,-0.98979163
5,293,H,-1.0
5,293,H,-1.0
5,293,H,-1.0
5,293,H,-0.9897255
5,293,H,-1.0
5,293,H,-0.9999594
5,293,H,-1.0
5,293,H,-0.9587576
5,293,V,0.91774565
5,293,V,0.9357056
5,293,V,0.92079544
5,293,V,0.9308318
5,294,H,-0.13139854
5,294,H,0.16277999
5,294,H,0.25575224
5,294,H,0.4025975
5,295,H,0.051479686
5,295,H,0.06347453
5,295,H,0.025012333
5,295,H,0.025138564
5,295,H,0.037521318
5,295,H,0.039642807
5,295,H,0.017115075
5,295,H,0.03168615
5,295,H,0.05894749
5,295,H,0.014869683
5,295,H,0.0072856676
5,295,H,0.029826794
5,295,V,-0.024014749
5,295,V,-0.02502285
5,295,V,-0.008360276
5,295,V,-0.03067245
5,295,V,-0.004184058
5,295,V,-0.016084502
5,295,V,-0.01020746
5,295,V,0.012102813
5,295,V,-0.018267985
5,295,V,-0.075755045
5,295,V,-0.008435005
5,295,V,-0.004841297
5,296,H,-0.01607742
5,296,H,-0.053925116
5,296,H,0.06840336
5,296,H,0.067898996
5,296,H,0.23689471
5,296,H,0.2864372
5,296,H,0.23974904
5,296,H,-0.25857484
5,297,V,-0.82511353
5,297,V,-0.7803953
5,297,V,-0.5140782
5,298,H,0.6765988
5,298,H,0.33293355
5,298,H,0.38526043
5,298,V,-0.20866619
5,298,V,-0.68961585
5,298,V,-0.699617
5,298,V,-0.8714678
5,299,H,-0.17257167
5,299,H,-0.21962032
5,299,H,-0.11441381
5,299,H,-0.020558573
5,299,V,-0.20335317
5,299,V,-0.26240292
5,299,V,-0.20316532
5,300,H,-0.20617205
5,300,H,-0.28718793
5,300,H,-0.11459738
5,300,H,-0.18731445
5,300,H,0.022476977
5,300,H,-0.036618564
5,300,H,0.019428035
5,300,H,0.033957083
5,300,H,-0.0068586627
5,300,H,0.1119372
5,300,H,0.16868185
5,300,H,0.16388486
5,300,V,0.100628376
5,301,H,-0.09125991
5,301,H,-0.14768583
5,301,H,-0.29189026
5,301,H,-0.14019853
5,301,H,0.060979493
5,301,H,-0.10779197
5,301,H,0.11574973
5,301,H,-0.10142523
5,301,H,-0.06196114
5,301,H,0.10690321
5,301,H,0.28759563
5,301,H,0.17702234
5,301,H,0.30266413
5,301,H,0.005631522
5,302,V,0.089109644
5,302,V,-0.25766733
5,302,V,0.2077337
5,302,V,-0.13558045
5,302,V,-0.22573891
5,302,V,0.18405826
5,302,V,0.08717263
5,302,V,-0.18244486
5,302,V,0.2521117
5,302,V,-0.19794239
5,302,V,-0.11661681
5,303,V,1.0
5,303,V,1.0
5,303,V,1.0
5,303,V,1.0
5,303,V,0.986155
5,304,H,0.65101665
5,304,H,0.15894309
5,304,H,0.47294614
5,304,H,0.26189005
5,304,H,0.33864194
5,304,H,0.40368575
5,304,V,0.056437615
5,304,V,0.116152994
5,304,V,0.115037374
5,304,V,0.070654236
5,304,V,0.011056984
5,304,V,-0.048262183
5,305,H,-1.0
5,305,H,-1.0
5,305,H,-1.0
5,305,H,0.9867816
5,305,H,1.0
5,305,H,1.0
5,305,H,1.0
5,305,V,1.0
5,305,V,1.0
5,305,V,1.0
5,305,V,1.0
5,305,V,1.0
5,306,H,0.101908885
5,306,H,0.14997183
5,306,H,0.12791564
5,306,H,0.12198403
5,306,H,0.12206998
5,306,V,-0.04846114
5,306,V,-0.010414462
5,306,V,-0.0443741
5,306,V,0.04647186
5,306,V,0.0029989695
5,306,V,0.05088056
5,306,V,0.0058932016
5,306,V,-0.008500069
5,307,H,-1.0
5,307,H,-1.0
5,307,H,-1.0
5,307,V,-0.45460522
5,307,V,-0.21361221
5,308,H,-0.679672
5,308,H,0.40677387
5,308,H,-0.77633816
5,308,H,-0.31641528
5,308,H,-0.1264199
5,308,H,0.26812145
5,308,H,-0.7634225
5,308,H,-0.20434837
5,308,H,-0.35721913
5,308,H,-0.32471234
5,308,H,0.22122315
5,308,H,-0.98439914
5,308,H,-0.71524036
5,308,H,-0.80123734
5,308,H,0.20651059
5,308,V,-0.48607072
5,308,V,-0.060079813
5,308,V,-0.30985537
5,308,V,-0.6633079
5,308,V,0.6097897
5,308,V,0.012951389
5,308,V,0.39146724
5,308,V,0.21178752
5,308,V,0.105894476
5,308,V,0.7926311
5,308,V,0.10391478
5,308,V,0.25006762
5,308,V,0.29182446
5,308,V,0.261336
5,308,V,0.68600875
5,308,V,0.105241425
5,308,V,0.65431947
5,308,V,0.849677
5,309,H,0.19351731
5,309,H,0.27342504
5,309,H,0.119519524
5,309,H,-0.1198384
5,309,H,-0.12768644
5,309,H,-0.08498276
5,309,H,-0.085360385
5,309,H,-0.09608384
5,309,H,-0.053125165
5,309,H,-0.2027026
5,309,V,-0.15948701
5,309,V,-0.1255363
5,309,V,0.019195477
5,309,V,0.012007121
5,309,V,0.0068022595
5,310,H,-0.63190943
5,310,H,-0.39227214
5,310,H,-0.7412466
5,310,V,-1.0
5,310,V,-1.0
5,310,V,-1.0
5,311,H,-0.6376732
5,311,H,-0.7617781
5,311,H,0.67972827
5,311,H,0.24988002
5,311,H,0.3342715
5,311,H,0.30337307
5,311,H,-0.1683988
5,311,V,0.23979631
5,311,V,0.32105663
5,311,V,0.23305266
5,311,V,-0.22447412
5,311,V,-0.8247574
5,311,V,-0.838899
5,311,V,-0.96113855
5,312,H,0.933977
5,312,H,0.877553
5,312,H,0.8877511
5,312,H,0.70399857
5,312,V,0.100037485
5,312,V,0.023603823
5,312,V,-0.015151283
5,312,V,0.0026595476
5,312,V,-0.07436492
5,312,V,0.002918513
5,312,V,0.18077031
5,313,H,0.6095872
5,313,H,0.55610275
5,313,H,0.5370938
5,313,H,0.5541252
5,313,H,-0.054078516
5,313,H,-0.0570831
5,313,H,-0.08766072
5,313,H,0.2001477
5,313,H,-0.033792425
5,313,H,-0.07666908
5,313,H,-0.10533244
5,313,H,0.16833243
5,313,H,-0.42256674
5,313,H,-0.3590897
5,313,H,-0.35885984
5,313,H,-0.35997826
5,313,H,-0.21708131
5,313,V,-0.76932716
5,313,V,-0.3734139
5,313,V,-0.16267683
5,313,V,0.082768776
5,313,V,0.013448571
5,313,V,0.17666648
5,313,V,-0.13566653
5,313,V,0.08715616
5,313,V,0.069624685
5,313,V,0.18541557
5,313,V,0.270738
5,313,V,0.7167287
5,313,V,0.57864416
5,314,H,-0.108678535
5,314,H,-0.17363787
5,314,H,-0.15902717
5,314,H,-0.012735285
5,314,H,0.0061860704
5,314,H,-0.04004341
5,314,H,-0.03656247
5,314,H,-0.023831254
5,314,H,-0.020981567
5,314,H,0.005433398
5,314,H,0.003422941
5,314,H,-0.026883904
5,315,H,-0.06997654
5,315,H,0.23954642
5,315,H,0.33050913
5,315,H,0.40365067
5,315,V,0.4596219
5,315,V,0.32154596
5,316,V,0.13987073
5,316,V,0.09681981
5,316,V,0.066324696
5,316,V,0.051427633
5,316,V,-0.012803813
5,317,H,0.006732127
5,317,H,0.033601727
5,317,H,-0.11884127
5,317,H,-0.28958222
5,317,H,0.1658606
5,317,H,0.19058686
5,317,H,0.17692034
5,317,H,0.28078815
5,317,H,0.6145768
5,317,H,0.7351533
5,317,H,0.7618141
5,317,H,0.7266175
5,317,V,0.6570184
5,317,V,0.6415977
5,317,V,0.5306401
5,317,V,0.39609852
5,317,V,-0.48222673
5,318,H,0.08242845
5,318,H,0.08102245
5,318,H,-0.009425231
5,318,H,0.068934396
5,318,H,0.06961743
5,318,H,0.07652601
5,318,H,0.034341615
5,318,H,0.053152487
5,318,H,0.07868103
5,318,H,0.1514819
5,318,H,0.1404741
5,318,H,0.17501871
5,319,H,0.71478426
5,319,H,0.6712695
5,319,H,0.107046805
5,319,H,0.047146536
5,319,H,0.03301465
5,319,H,-0.012634833
5,319,H,0.045305766
5,319,H,0.124531046
5,319,H,0.11495535
5,319,H,0.021128578
5,319,H,-0.41630542
5,319,H,-0.42273495
5,320,H,0.41778323
5,320,H,0.35277826
5,320,H,0.36366266
5,320,H,0.31368434
5,320,V,0.53740954
5,320,V,0.24763954
5,320,V,0.13775027
5,320,V,0.18259107
5,320,V,0.4978292
5,320,V,0.18334866
5,320,V,0.15780824
5,320,V,0.17630588
5,320,V,1.0
5,320,V,0.95309067
5,321,H,0.41189554
5,321,V,0.9168135
5,321,V,0.23811303
5,321,V,-1.0
5,321,V,-1.0
5,321,V,-0.9831371
5,322,H,0.044833962
5,322,H,0.07452576
5,322,H,0.07352886
5,322,H,0.03031471
5,322,H,0.023312336
5,322,H,0.030540355
5,322,H,0.054345224
5,322,H,0.029373107
5,322,H,0.03355369
5,322,H,0.057144158
5,322,H,0.049210023
5,322,H,0.04203094
5,323,H,-0.11068201
5,323,V,-0.22964264
5,323,V,-0.1504608
5,323,V,-0.46600673
5,323,V,-0.2884783
5,323,V,-0.33147484
5,323,V,-0.4325561
5,324,H,-1.0
5,324,H,-1.0
5,324,H,-1.0
5,324,H,-1.0
5,324,V,1.0
5,324,V,1.0
5,324,V,1.0
5,324,V,0.5500632
5,325,H,-0.18854257
5,325,H,-0.13800848
5,325,H,-0.13858666
5,325,H,-0.13963704
5,325,H,-0.16171053
5,325,H,-0.16243908
5,325,H,-0.38598427
5,325,V,0.011556759
5,325,V,-0.0024400465
5,325,V,-0.009809759
5,325,V,0.0019501979
5,325,V,0.029749261
5,325,V,-0.04468615
5,325,V,0.06563639
5,325,V,0.10646767
5,325,V,-0.1311142
5,326,V,-0.97755826
5,326,V,-1.0
5,327,H,1.0
5,327,H,1.0
5,327,H,1.0
5,327,H,1.0
5,327,V,1.0
5,328,H,0.6061041
5,328,H,0.75934625
5,328,H,-0.012430163
5,328,H,0.08066039
5,328,V,0.14250585
5,328,V,0.2342646
5,329,V,0.3605014
5,329,V,0.49307933
5,329,V,0.23068199
5,329,V,0.4740777
5,329,V,0.44247964
5,329,V,0.34610438
5,330,V,-0.1710959
5,330,V,-0.15788387
5,330,V,-0.1234842
5,330,V,-0.054996338
5,330,V,-0.1882521
5,330,V,-0.12745658
5,330,V,-0.06724316
5,331,H,0.088460445
5,331,H,-0.0030901828
5,331,H,-0.06975562
5,331,H,-0.017034667
5,331,H,-0.23451142
5,331,H,0.06729656
5,331,H,-0.045504835
5,331,H,-0.040581137
5,331,H,-0.09182576
5,331,H,-0.21878383
5,331,V,-0.8526578
5,331,V,0.27022493
5,331,V,-0.19768488
5,331,V,0.30214292
5,331,V,-0.18083379
5,332,H,-0.24620044
5,332,V,-0.52711767
5,332,V,0.021321544
5,332,V,-0.16192386
5,332,V,-0.22170539
5,332,V,-0.2054101
5,332,V,0.015823063
5,332,V,-0.1875357
5,332,V,-0.21645725
5,332,V,-0.25043398
5,333,H,0.056098893
5,333,H,0.09918623
5,333,H,0.019213526
5,333,H,-0.029717142
5,333,H,-0.028118571
5,333,H,-0.028632775
5,333,H,-0.069423
5,333,H,-0.0548194
5,333,H,-0.0075005987
5,333,H,-0.07993838
5,333,H,-0.09021046
5,333,H,-0.07654892
5,334,H,-0.9718918
5,334,H,-0.9330484
5,334,H,-0.9239882
5,334,H,-0.40713528
5,334,V,-0.35017475
5,334,V,-0.5942816
5,334,V,-0.5765135
5,334,V,-0.49656206
5,335,H,-0.07651864
5,335,H,-0.18191302
5,335,H,0.04232097
5,335,H,-0.064760834
5,335,H,0.112196304
5,335,H,-0.035860885
5,335,H,0.44658643
5,335,H,0.22867925
5,335,H,0.024195032
5,335,V,-0.344729
5,335,V,-0.43616572
5,335,V,-0.38709536
5,335,V,-0.5340036
5,336,H,0.9987798
5,336,H,0.99809104
5,336,H,0.99813825
5,336,H,1.0
5,336,V,1.0
5,336,V,0.9999242
5,336,V,1.0
5,336,V,1.0
5,337,H,-0.035650477
5,337,H,0.40724343
5,337,H,-0.08380554
5,337,H,0.08708179
5,337,H,-0.06402758
5,337,H,-0.009240578
5,337,H,-0.18018074
5,337,H,-0.08387324
5,337,V,-0.98449945
5,337,V,-0.9711634
5,337,V,-0.99008673
5,338,H,-0.047380004
5,338,H,-0.13569179
5,338,H,0.07638468
5,338,H,0.0173929
5,338,H,0.053345
5,338,V,0.28468648
5,338,V,0.30659384
5,338,V,0.24760674
5,339,H,-0.7101781
5,339,H,-0.69092923
5,339,H,-0.3109268
5,339,H,-0.33467767
5,339,H,0.4456794
5,339,H,-0.22393584
5,340,H,0.1747353
5,340,H,-0.07745523
5,340,H,-0.032265984
5,340,H,-0.026811834
5,340,H,0.18277597
5,340,H,-0.03075345
5,340,H,-0.09798193
5,340,H,-0.08775077
5,340,H,-0.18471552
5,340,H,0.06615814
5,340,H,-0.2689966
5,340,H,-0.12432771
5,340,H,-0.24987365
5,341,V,-0.75286853
5,341,V,-0.40430796
5,341,V,-0.23186994
5,341,V,-0.095801294
5,341,V,-0.9602923
5,341,V,-0.1516072
5,341,V,-0.11673394
5,341,V,-0.10498353
5,341,V,-0.9090059
5,341,V,-0.05068431
5,341,V,-0.0900052
5,341,V,-0.047724504
5,342,H,-0.063814946
5,342,H,0.0027527849
5,342,H,-0.09118576
5,342,H,-0.14214984
5,342,H,-0.09821537
5,342,H,-0.10791016
5,342,H,-0.25137168
5,342,V,-0.13541466
5,342,V,-0.15249777
5,342,V,-0.045231774
5,342,V,-0.15022138
5,342,V,-0.14781356
5,342,V,-0.13597167
5,342,V,-0.060156472
5,343,H,-0.98820865
5,343,H,-0.9916937
5,343,H,0.9986763
5,343,H,0.9987641
5,343,H,0.9406927
5,343,V,-1.0
5,343,V,-1.0
5,343,V,-1.0
5,343,V,-1.0
5,344,H,-0.2586653
5,344,H,-0.38766393
5,344,H,-0.41350037
5,344,H,-0.32158723
5,344,H,-0.2879401
5,344,V,-0.34758505
5,345,H,-0.109940365
5,345,H,0.17534766
5,345,H,-0.033326365
5,345,H,0.09558387
5,345,H,0.025125777
5,345,H,0.110641964
5,345,H,0.044654846
5,346,H,0.21142411
5,346,H,0.3147521
5,346,H,0.009499948
5,346,H,-0.035536528
5,346,H,0.006131897
5,346,H,-0.1401946
5,346,H,-0.0852787
5,346,H,-0.021606427
5,346,H,0.033288345
5,346,H,0.18329407
5,346,H,0.10005458
5,346,H,0.25388378
5,347,H,-0.52009463
5,347,H,0.12967925
5,347,V,0.17772394
5,347,V,-0.087827265
5,348,H,-0.44497043
5,348,H,0.15197846
5,348,V,-0.07633029
5,348,V,-0.12707539
5,348,V,-0.1551262
5,348,V,-0.2798808
5,349,H,-1.0
5,349,H,-1.0
5,349,H,-1.0
5,349,H,-0.99079007
5,349,H,-1.0
5,349,H,-1.0
5,349,H,-1.0
5,349,H,-0.9998884
5,349,H,-1.0
5,349,H,-0.99979967
5,349,H,-1.0
5,349,H,-0.9997244
5,349,V,-1.0
5,349,V,-1.0
5,349,V,-1.0
5,349,V,-1.0
5,349,V,-1.0
5,349,V,-1.0
5,349,V,-1.0
5,349,V,-1.0
5,349,V,-1.0
5,349,V,-1.0
5,349,V,-1.0
5,349,V,-1.0
5,349,V,-1.0
5,349,V,-1.0
5,350,H,0.49242517
5,350,H,0.40376547
5,350,H,0.55695564
5,350,H,0.1475489
5,350,H,0.1944496
5,350,H,0.14838105
5,350,H,0.20673935
5,350,H,0.2127198
5,350,H,0.17976913
5,350,H,0.15425548
5,350,H,0.16882609
5,350,H,0.19988787
5,350,H,0.26226276
5,350,H,0.22309107
5,350,H,0.20985761
5,350,H,0.18639086
5,350,V,-0.20521426
5,350,V,0.015890192
5,350,V,-0.03137959
5,350,V,-0.0060905386
5,350,V,0.05585309
5,350,V,-0.13005267
5,350,V,-0.043769795
5,351,H,-1.0
5,351,H,-1.0
5,351,H,-0.9993381
5,351,H,-1.0
5,351,V,1.0
5,351,V,1.0
5,351,V,1.0
5,351,V,1.0
5,352,V,-0.04301278
5,352,V,-0.016285136
5,352,V,0.013464614
5,352,V,-0.05215257
5,352,V,-0.03162297
5,352,V,-0.020137284
5,352,V,-0.050236512
5,352,V,-0.00505953
5,352,V,-0.036121055
5,352,V,0.02117866
5,352,V,-0.04446007
5,352,V,-0.020069566
5,353,V,0.5162952
5,353,V,0.51056826
5,353,V,0.47740212
5,353,V,0.31030175
5,353,V,0.3329615
5,353,V,0.41534904
5,353,V,0.115335286
5,353,V,0.39300904
5,353,V,0.1575723
5,353,V,0.099592425
5,353,V,-0.13869043
5,353,V,0.076827966
5,353,V,0.03481789
5,354,H,-0.94357467
5,354,H,-0.8369559
5,354,H,-0.94365406
5,354,H,-0.9738511
5,354,H,-0.8106464
5,354,H,-0.4876249
5,354,H,-0.54069847
5,354,H,0.2769073
5,354,H,0.60224974
5,354,H,0.706578
5,354,H,0.8693556
5,354,H,0.8522687
5,355,V,-0.20139603
5,355,V,-0.8598703
5,355,V,-0.39566684
5,355,V,-0.80892366
5,355,V,-0.6323745
5,356,H,-0.083521105
5,356,H,-0.21777093
5,356,H,-0.13862452
5,356,H,-0.305832
5,356,H,-0.014163245
5,356,H,0.052742984
5,356,H,-0.014227708
5,356,H,0.034635868
5,356,H,-0.030472659
5,356,H,0.016769359
5,357,V,1.0
5,357,V,1.0
5,357,V,0.99999183
5,357,V,1.0
5,357,V,1.0
5,357,V,1.0
5,357,V,1.0
5,357,V,1.0
5,357,V,1.0
5,357,V,1.0
5,357,V,0.9974616
5,357,V,0.99896574
5,357,V,1.0
5,357,V,0.99298155
5,358,H,-0.55200255
5,358,H,-0.14918633
5,359,V,1.0
5,359,V,1.0
5,360,V,1.0
5,360,V,1.0
5,360,V,1.0
5,361,H,0.82483405
5,361,H,1.0
5,361,H,1.0
5,361,V,-0.8632011
5,362,H,-1.0
5,362,H,-1.0
5,362,H,-0.36599183
5,362,V,-1.0
5,362,V,-0.9995735
5,362,V,-0.9988006
5,362,V,-1.0
5,363,H,-0.91073185
5,363,H,0.72423476
5,363,H,1.0
5,363,V,1.0
5,363,V,1.0
5,364,H,-1.0
5,365,H,-0.028804457
5,365,H,0.22180703
5,365,H,-0.18098934
5,365,H,0.45324892
5,365,H,-0.050523754
5,365,H,0.04478846
5,365,H,-0.08407315
5,365,H,-0.05727051
5,365,H,-0.10801729
5,365,H,0.036153674
5,365,H,0.15193266
5,365,H,0.327099
5,365,H,-0.44080955
5,365,V,0.15785351
5,365,V,-0.013172567
5,365,V,0.18218303
5,365,V,-0.123061426
5,365,V,0.20939888
5,365,V,-0.09639565
5,365,V,-0.040997326
5,365,V,0.061673332
5,365,V,0.324162
5,365,V,-0.02003278
5,365,V,0.27165836
5,366,H,-0.86782134
5,366,H,-0.9530192
5,366,H,-0.9501632
5,366,H,-0.9975104
5,366,V,-0.99157214
5,366,V,-0.8986645
5,366,V,-0.8956141
5,366,V,-0.79466957
5,367,H,0.49508935
5,367,H,0.08475388
5,367,H,0.14580016
5,367,H,0.5661181
5,367,H,0.12529296
5,367,H,0.1453477
5,367,H,0.15116045
5,367,V,-0.32617
5,368,H,-0.05196063
5,368,H,-0.19298479
5,368,H,0.013959306
5,368,H,-0.015096151
5,368,H,-0.16770263
5,368,H,-0.23389468
5,368,H,-0.30688244
5,368,V,0.027721163
5,368,V,0.004580305
5,368,V,0.07093594
5,368,V,0.016840743
5,368,V,0.08158251
5,368,V,0.10560045
5,369,H,0.99917114
5,369,H,0.8079363
5,369,H,0.9812381
5,369,H,0.86817807
5,369,H,0.7997769
5,369,H,0.96648324
5,369,V,0.03299804
5,369,V,-0.12365562
5,369,V,-0.0011256457
5,369,V,-0.17486122
5,370,H,-0.0631279
5,370,H,-0.08609766
5,370,H,-0.08097496
5,370,H,0.0645255
5,371,H,1.0
5,371,H,0.89574105
5,371,H,0.85725445
5,372,H,-0.0003771878
5,372,H,0.073487476
5,372,H,0.11033754
5,372,H,0.0893874
5,372,H,0.089205995
5,372,H,0.08270805
5,372,H,-0.0133266235
5,372,H,0.14670667
5,372,H,0.085727386
5,372,H,0.11150341
5,372,H,0.15422085
5,372,H,0.08491218
5,372,H,-0.119976364
5,372,H,-0.051943876
5,372,V,0.06747845
5,372,V,0.22860742
5,372,V,0.17184845
5,372,V,0.23715891
5,372,V,0.2823314
5,372,V,0.09934203
5,372,V,0.09603589
5,372,V,0.2381286
5,372,V,0.08261336
5,372,V,0.18081592
5,372,V,0.27522781
5,372,V,0.11305878
5,373,H,0.24181765
5,373,H,0.2750826
5,374,H,-0.6861896
5,374,H,-0.64750373
5,374,H,-0.6307341
5,374,H,-0.5914698
5,374,V,0.45896325
5,375,H,-0.2050238
5,375,H,-0.11418752
5,375,H,-0.1613402
5,375,H,-0.1569194
5,375,H,-0.18387584
5,375,H,-0.14992367
5,375,H,-0.14317554
5,375,H,-0.18433243
5,375,H,-0.4707394
5,375,H,-0.28639802
5,375,H,-0.356178
5,375,H,-0.49338558
5,375,V,0.07498401
5,375,V,0.028452154
5,375,V,0.12317253
5,375,V,0.03171182
5,376,V,-0.9993045
5,376,V,-0.9855916
5,376,V,-0.9825372
5,376,V,-0.9980364
5,377,V,0.1119445
5,377,V,-0.020685678
5,377,V,-0.015274468
5,377,V,0.18220615
5,377,V,0.11724511
5,377,V,0.111266136
5,377,V,0.012902775
5,377,V,0.019489165
5,377,V,0.21804395
5,377,V,0.04730937
5,377,V,0.12534584
5,377,V,0.05327975
5,377,V,0.020842627
5,377,V,0.29840466
5,377,V,0.2906939
5,377,V,0.3437832
5,377,V,0.18822917
5,378,V,-0.22776963
5,378,V,-0.19097269
5,378,V,-0.5643311
5,378,V,-0.24329329
5,378,V,-0.2415001
5,378,V,-0.1774213
5,379,H,-0.37051895
5,379,V,0.116219975
5,379,V,0.2298879
5,379,V,0.15860082
5,379,V,0.1638915
5,379,V,0.09010912
5,380,H,-0.13260356
5,380,H,0.27029592
5,380,H,0.2809931
5,380,H,0.14251398
5,380,H,0.30490032
5,380,H,-0.08981959
5,380,H,0.2619592
5,380,H,0.30842942
5,380,H,0.12999637
5,380,H,0.27371213
5,380,H,-0.528717
5,380,H,-0.2558932
5,380,V,-0.3472292
5,380,V,0.012470565
5,380,V,-0.04698903
5,380,V,0.26461697
5,380,V,0.06991022
5,380,V,-0.04950651
5,380,V,0.21331517
5,380,V,0.4809769
5,380,V,0.42850316
5,381,H,0.6187037
5,381,H,0.9656191
5,381,H,0.96983826
5,381,V,0.8242471
5,381,V,0.90332276
5,381,V,0.89443594
5,381,V,0.35673678
5,382,H,-0.75739783
5,382,V,-0.55286986
5,382,V,-0.45287266
5,382,V,-0.4540223
5,383,V,0.52830416
5,383,V,0.568559
5,383,V,0.565747
5,383,V,0.9976807
5,384,H,0.2563204
5,384,H,0.25036988
5,384,H,0.16881326
5,384,H,0.1322497
5,384,H,0.22072114
5,384,H,0.16131632
5,384,V,-0.4552577
5,384,V,-0.068765685
5,384,V,-0.08608739
5,384,V,-0.05134138
5,384,V,-0.03358991
5,384,V,-0.07746117
5,384,V,-0.051967293
5,384,V,-0.03513366
5,384,V,-0.06044566
5,385,H,-0.27419224
5,385,H,-0.291884
5,385,H,-0.29585195
5,385,H,-0.29694676
5,385,H,-0.30297053
5,385,V,0.3662056
5,386,H,-0.18435027
5,386,H,0.02324546
5,386,V,-0.11406278
5,386,V,0.33743027
5,386,V,0.3239181
5,386,V,0.44061393
5,386,V,-0.5032533
5,386,V,0.06349943
5,386,V,0.012228654
5,386,V,0.09874604
5,386,V,-0.4786114
5,386,V,-0.04709862
5,386,V,-0.043709524
5,386,V,-0.89556026
5,386,V,-0.53646874
5,386,V,-0.5244392
5,387,H,-0.016238589
5,387,H,-0.07202701
5,387,H,0.012369368
5,387,H,-0.06278325
5,387,V,-0.07197261
5,387,V,-0.06554795
5,388,V,-0.049758736
5,388,V,0.37441635
5,388,V,0.293265
5,388,V,0.23564531
5,388,V,-0.2882955
5,388,V,-0.12465963
5,388,V,-0.49370492
5,388,V,-0.6651158
5,388,V,-0.5171514
5,388,V,-0.42283136
5,389,H,-0.6936006
5,389,H,-1.0
5,389,H,-1.0
5,389,H,-1.0
5,389,V,-1.0
5,389,V,-0.42289528
5,389,V,-0.22753483
5,389,V,1.0
5,390,V,0.4243444
5,390,V,0.43985233
5,390,V,0.4613771
5,390,V,0.76158947
5,391,H,0.09183933
5,391,H,0.014348648
5,391,H,-0.021313358
5,391,H,0.025713483
5,391,H,-0.036700744
5,391,V,0.9677795
5,391,V,0.98163867
5,391,V,0.9866502
5,392,H,-1.0
5,392,H,-1.0
5,392,H,-1.0
5,392,H,-1.0
5,392,V,0.9707542
5,392,V,1.0
5,392,V,0.99985015
5,392,V,1.0
5,392,V,-0.96788985
5,393,H,0.3052584
5,393,H,0.13155085
5,393,H,0.14762461
5,393,H,0.083147064
5,393,V,0.3868238
5,393,V,0.48529428
5,393,V,0.4914067
5,393,V,0.62629855
5,394,H,-1.0
5,394,H,-1.0
5,394,H,-1.0
5,394,H,-1.0
5,394,H,-1.0
5,394,V,0.99704105
5,394,V,-1.0
5,394,V,-1.0
5,395,H,0.6532401
5,395,H,0.07669775
5,395,H,-0.11013438
5,395,H,0.010511166
5,395,H,-0.3752722
5,395,H,0.7573047
5,395,H,0.190163
5,395,H,0.2169159
5,395,H,0.74489015
5,395,H,0.047958985
5,395,H,0.10608481
5,395,H,0.5027971
5,395,H,-0.2511018
5,395,H,-0.36417565
5,395,H,-0.33242697
5,396,H,-0.48564997
5,396,H,0.22657932
5,396,V,-0.9598496
5,397,H,0.33241606
5,397,H,0.07228291
5,397,H,-0.019163005
5,397,H,-0.034640104
5,397,H,0.059489433
5,397,H,-0.016128233
5,397,H,-0.18217684
5,397,H,-0.09104354
5,397,V,0.956248
5,397,V,0.9601371
5,397,V,0.9676073
5,397,V,0.98672986
5,398,H,0.036625236
5,398,H,-0.26877546
5,398,H,0.10313358
5,398,H,-0.31216887
5,398,H,0.012350255
5,398,H,-0.21949872
5,398,H,-0.19774173
5,398,H,-0.56563437
5,398,V,-0.11469385
5,398,V,0.7924902
5,398,V,-0.016961709
5,398,V,-0.0077871354
5,398,V,0.25081548
5,399,V,0.85702854
5,399,V,0.66204613
5,399,V,-0.14124922
5,399,V,0.6311514
5,399,V,0.026229503
5,399,V,0.13371652
5,400,H,-0.4760779
5,400,H,0.24727483
5,400,H,-0.67139685
5,400,H,0.12271322
5,400,H,-0.623227
5,400,H,0.118079945
5,400,H,0.21644083
5,400,H,-0.32281223
5,401,H,0.073598444
5,401,H,0.001787688
5,401,H,0.016183065
5,401,H,-0.105364494
5,402,H,-1.0
5,402,H,-1.0
5,402,H,-1.0
5,402,H,-1.0
5,402,H,-1.0
5,402,V,0.9758577
5,403,H,-0.028552577
5,403,H,0.17346443
5,403,H,0.16714756
5,403,H,0.15121366
5,403,H,0.14093965
5,403,H,-0.032761976
5,403,H,0.04371791
5,403,H,-0.00046771768
5,403,H,0.044432458
5,403,H,0.029417582
5,403,H,-0.038715243
5,403,H,0.019399589
5,403,H,0.025648918
5,403,H,0.032153856
5,403,H,0.037817553
5,403,H,-0.05708727
5,403,H,0.03595442
5,403,H,0.036320228
5,403,H,0.032311264
5,403,H,-0.01722623
5,404,H,0.9773263
5,404,H,0.980157
5,404,H,0.99110234
5,404,H,0.9583825
5,404,H,0.46056628
5,404,H,0.5360911
5,404,V,-0.99224454
5,404,V,-1.0
5,404,V,-1.0
5,405,H,-1.0
5,405,H,-1.0
5,405,H,-1.0
5,405,H,-1.0
5,405,V,-0.6372879
5,405,V,-0.8844701
5,405,V,-0.8449959
5,405,V,-0.8379436
5,406,H,0.6267009
5,406,H,-0.032315582
5,406,H,-0.0043384586
5,406,H,-0.54354197
5,406,V,-0.11773087
5,406,V,-0.040871963
5,406,V,-0.018924592
5,406,V,-0.04538598
5,406,V,0.038369354
5,406,V,-0.109373115
5,406,V,-0.013147074
5,406,V,-0.012737161
5,406,V,-0.030638237
5,406,V,0.008454197
5,407,H,-1.0
5,407,H,1.0
5,407,H,1.0
5,407,H,1.0
5,407,V,1.0
5,407,V,1.0
5,407,V,1.0
5,407,V,1.0
5,407,V,1.0
5,407,V,-1.0
5,407,V,-1.0
5,407,V,-1.0
5,407,V,-1.0
5,408,V,-0.9916468
5,408,V,-1.0
5,408,V,-1.0
5,408,V,-1.0
5,409,H,0.0144019965
5,409,H,0.10691181
5,409,H,0.07668867
5,409,H,0.040188093
5,409,H,-0.13166824
5,409,H,-0.029082129
5,409,H,0.018508032
5,409,H,-0.074558415
5,409,H,-0.15093458
5,409,H,0.06187287
5,409,H,0.10782146
5,409,H,0.026801307
5,409,H,0.31629878
5,409,V,-0.08566577
5,409,V,-0.20945853
5,409,V,-0.32218513
5,409,V,-0.103774965
5,409,V,-0.09978441
5,409,V,-0.13593414
5,410,H,-0.62731427
5,410,H,-0.45685053
5,410,H,-0.6878409
5,410,H,-0.96767765
5,410,H,-0.9548322
5,410,V,-0.39802396
5,410,V,0.21829547
5,410,V,-0.025393335
5,410,V,-0.07456822
5,410,V,0.37539887
5,410,V,-0.034485392
5,410,V,-0.022852551
5,410,V,0.05785849
5,410,V,0.21348426
5,410,V,0.6627082
5,410,V,0.75291085
5,410,V,0.6831658
5,410,V,0.51454383
5,411,H,-1.0
5,411,H,-1.0
5,411,H,-1.0
5,411,H,-1.0
5,411,V,-0.76319206
5,411,V,1.0
5,411,V,-0.8821646
5,411,V,1.0
5,411,V,-0.84153515
5,411,V,1.0
5,411,V,-0.8064625
5,411,V,1.0
5,412,H,0.21507065
5,412,H,0.3145858
5,412,H,-0.22287162
5,412,H,-0.11779712
5,412,H,-0.050219554
5,412,H,-0.13402572
5,412,H,0.10191925
5,412,H,-0.2675319
5,412,H,-0.1758639
5,412,H,-0.05966202
5,412,H,0.0031634935
5,412,H,0.2686415
5,412,H,-0.18946539
5,412,H,-0.18030551
5,412,V,-0.66724527
5,412,V,-0.25974363
5,412,V,-0.3356811
5,412,V,-0.34600034
5,412,V,-0.09285718
5,412,V,0.034122966
5,412,V,-0.41693923
5,412,V,0.033042606
5,412,V,0.11383262
5,412,V,-0.116813794
5,412,V,-0.22636521
5,412,V,0.17232081
5,412,V,0.33925226
5,413,V,-1.0
5,413,V,-1.0
5,413,V,-1.0
5,413,V,-0.84190375
5,414,H,0.75517654
5,414,H,0.7807777
5,414,H,0.8537669
5,414,V,-0.64052963
5,414,V,0.07494657
5,414,V,-0.02977772
5,414,V,0.07222011
5,414,V,-0.834213
5,414,V,-0.2918639
5,414,V,-0.08663231
5,414,V,-0.32069162
5,414,V,-0.1563692
5,414,V,0.039269313
5,414,V,-0.24822688
5,414,V,-0.63184047
5,414,V,-0.40713486
5,414,V,-0.40472865
5,415,H,0.21069272
5,415,H,0.35876715
5,415,H,-0.00070281356
5,415,H,-0.00092131546
5,415,H,-0.003971781
5,415,H,-0.07185093
5,415,H,0.0205941
5,415,H,-0.1639754
5,415,V,-0.018329917
5,415,V,-0.21088368
5,415,V,-0.18665774
5,415,V,-0.29210988
5,415,V,-0.25648087
5,416,H,-0.26938853
5,416,H,0.032169856
5,416,H,-0.059714764
5,416,H,-0.20368895
5,416,H,-0.30618107
5,416,H,-0.19512768
5,416,H,-0.0154123865
5,416,H,-0.27786294
5,416,H,-0.05650515
5,416,H,-0.55881244
5,416,H,-0.02113275
5,416,H,-0.2313999
5,416,H,-0.24873023
5,416,H,-0.27286467
5,416,H,-0.01022538
5,416,H,-0.33650264
5,416,H,-0.37541956
5,416,H,-0.52007973
5,416,H,-0.036026124
5,416,V,0.22629462
5,416,V,-0.19175568
5,417,H,0.941186
5,417,H,-0.8790447
5,417,H,0.26468313
5,417,H,0.15353659
5,417,H,0.08481444
5,417,H,-0.9503352
5,417,V,0.35173088
5,417,V,0.73478526
5,418,H,0.09558546
5,418,H,0.12862882
5,418,H,0.16009104
5,418,H,-0.11586907
5,419,V,0.2048811
5,419,V,-0.1350166
5,419,V,-0.23935091
5,419,V,-0.29568276
5,419,V,0.1781423
5,419,V,0.118026815
5,419,V,-0.13680202
5,419,V,-0.2648062
5,419,V,-0.21392183
5,419,V,0.10195023
5,419,V,0.33006027
5,419,V,-0.18771227
5,419,V,-0.13793153
5,419,V,-0.2979759
5,419,V,0.30298927
5,420,H,0.94196665
5,420,H,-0.63730854
5,420,H,0.9998637
5,420,H,-0.8069267
5,420,H,0.9999134
5,420,H,-0.32373098
5,420,H,0.99948597
5,420,V,0.941316
5,420,V,0.98787564
5,420,V,0.96519357
5,420,V,0.97101456
5,421,H,-0.98622644
5,421,V,0.86259097
5,421,V,0.8225295
5,421,V,0.451675
5,422,H,-0.13423052
5,422,H,-0.3941148
5,422,H,-0.42299503
5,422,H,-0.3084096
5,422,H,-0.47868374
5,422,H,-0.46086782
5,422,H,-0.19238058
5,422,H,-0.46581247
5,422,H,-0.54174364
5,422,H,-0.08364208
5,422,H,-0.74218404
5,422,H,-0.7134952
5,422,V,0.31575695
5,422,V,0.2339114
5,422,V,0.44627684
5,422,V,0.3897125
5,422,V,0.20517576
5,422,V,0.26854846
5,423,H,-0.26349527
5,423,H,-0.21096063
5,423,H,-0.20334126
5,423,H,-0.3457445
5,423,V,-0.99428487
5,423,V,-0.9894138
5,423,V,-0.9902222
5,423,V,-0.9989931
5,424,H,0.5836561
5,424,H,-0.32198125
5,424,H,0.097861625
5,424,H,0.106878
5,424,H,0.19628169
5,424,H,-0.4280518
5,424,H,0.09670086
5,424,H,0.14456666
5,424,H,0.13157481
5,424,H,-0.6048882
5,424,H,-0.25453815
5,424,V,-0.9236451
5,424,V,-0.78849685
5,424,V,-0.7772306
5,424,V,-0.7578414
5,424,V,-0.28834647
5,424,V,-0.36992732
5,425,H,0.31414273
5,425,H,-1.0
5,425,H,-1.0
5,425,H,-1.0
5,425,H,-0.99085546
5,425,H,-0.9996875
5,425,H,-0.999539
5,425,H,1.0
5,425,H,-0.8691848
5,425,V,-0.9517579
5,425,V,-1.0
5,425,V,-1.0
5,425,V,-1.0
5,426,H,-0.99963593
5,426,H,-1.0
5,426,H,-0.81730396
5,426,V,-0.7978974
5,426,V,-0.8465539
5,426,V,-0.7778178
5,426,V,-0.80539244
5,426,V,-0.65280455
5,426,V,-0.82383484
5,426,V,-0.7866187
5,426,V,-0.77926767
5,426,V,-0.7562133
5,426,V,-0.8487542
5,426,V,-0.97724324
5,427,H,-0.96189445
5,427,H,-0.8167193
5,427,H,-0.8452221
5,427,H,-0.8120197
5,427,H,-0.9765824
5,428,H,1.0
5,428,H,1.0
5,428,H,1.0
5,428,H,1.0
5,428,V,0.99954027
5,428,V,0.9960034
5,428,V,0.9940842
5,428,V,0.99939793
5,429,H,-0.9334549
5,429,H,-0.888626
5,429,H,-0.932601
5,429,V,-0.14893307
5,429,V,0.023430984
5,429,V,-0.02772368
5,429,V,0.12000314
5,429,V,-0.037884194
5,429,V,0.32913545
5,429,V,0.027619112
5,430,V,-1.0
5,431,H,-1.0
5,431,H,-1.0
5,431,H,-1.0
5,431,H,-1.0
5,431,H,-1.0
5,431,H,0.9676679
5,431,V,-1.0
5,431,V,-1.0
5,431,V,-1.0
5,431,V,-1.0
5,431,V,-1.0
5,432,H,0.17787637
5,432,H,-0.06960112
5,432,H,0.021552833
5,432,H,-0.05716701
5,432,H,-0.022844817
5,432,H,-0.026562655
5,432,H,-0.14609577
5,432,H,-0.06572824
5,432,H,-0.09429714
5,432,V,0.59673923
5,432,V,0.33334655
5,432,V,0.47087404
5,432,V,0.24949168
5,433,H,-0.3604026
5,433,H,-0.37374583
5,433,H,-0.47983405
5,433,H,-0.02045868
5,433,V,0.3070723
5,433,V,0.4534021
5,433,V,0.5262792
5,433,V,0.103588514
5,433,V,0.09939337
5,433,V,-0.109982885
5,433,V,-0.28340122
5,434,H,-0.35789528
5,434,H,-0.23614927
5,434,H,-0.20694008
5,434,H,-0.23976181
5,434,V,1.0
5,434,V,1.0
5,434,V,1.0
5,434,V,1.0
5,435,H,-0.70951605
5,435,H,-0.8050425
5,435,H,-0.75303227
5,435,H,-0.82234883
5,435,H,-0.8188129
5,435,H,-0.69664955
5,435,H,-0.82617146
5,435,H,-0.7859129
5,435,V,-0.015069369
5,435,V,-0.03966416
5,436,H,-1.0
5,436,H,-1.0
5,436,H,-1.0
5,436,H,-1.0
5,436,V,-1.0
5,436,V,-1.0
5,436,V,-1.0
5,436,V,-1.0
5,437,H,0.14822662
5,437,H,0.057537876
5,437,H,-0.0039277636
5,437,H,0.0763179
5,437,H,0.17651923
5,437,H,0.0651396
5,437,H,0.03197766
5,437,H,0.04001044
5,437,V,-0.035722613
5,437,V,-0.011804292
5,437,V,-0.025692418
5,437,V,0.011984215
5,437,V,-0.06459423
5,437,V,-0.03690359
5,437,V,-0.018874276
5,437,V,-0.022565395
5,437,V,-0.029099679
5,437,V,-0.07771996
5,438,H,-0.51901025
5,439,H,0.18564579
5,439,H,0.38791788
5,439,H,0.4366998
5,439,H,0.387756
5,439,V,1.0
5,440,H,0.50357354
5,440,H,0.88155127
5,440,H,0.8381182
5,440,H,0.8734407
5,440,V,1.0
5,440,V,1.0
5,440,V,1.0
5,440,V,1.0
5,441,H,-0.12887733
5,441,H,-0.1371058
5,441,H,-0.049828406
5,441,H,-0.28394902
5,441,H,-0.31995437
5,441,H,-0.22553729
5,441,V,-0.015949097
5,441,V,0.15268084
5,441,V,0.1668592
5,441,V,0.5312978
5,442,H,0.91082627
5,442,H,0.57367516
5,442,H,0.5063681
5,442,H,0.53131974
5,442,H,0.21072808
5,442,H,0.66501886
5,442,H,0.18055941
5,442,H,0.14490718
5,442,H,0.20404962
5,442,H,0.04766596
5,442,H,0.64076054
5,442,H,0.0879499
5,442,H,0.16043282
5,442,H,0.24119176
5,442,H,0.11016262
5,442,H,-0.15177211
5,442,H,-0.16527134
5,442,V,-0.074207604
5,442,V,0.031591818
5,442,V,-0.056064297
5,442,V,0.05829569
5,442,V,0.071511246
5,442,V,0.13420321
5,442,V,0.08920791
5,442,V,0.103503704
5,442,V,0.12515335
5,442,V,0.060159102
5,442,V,0.20456603
5,442,V,0.42042467
5,442,V,0.4688553
5,443,H,0.017507838
5,444,H,-0.64862716
5,444,H,0.3367684
5,444,H,0.8448996
5,444,H,0.76536393
5,444,H,0.79184747
5,444,V,0.80601245
5,444,V,0.81613934
5,444,V,0.8205876
5,444,V,0.52031744
5,445,H,1.0
5,445,H,0.973663
5,445,H,0.9665803
5,445,H,0.90362096
5,445,V,0.9667084
5,445,V,0.9840505
5,445,V,0.9813634
5,445,V,1.0
5,446,H,0.42275724
5,446,V,0.9290482
5,447,H,-1.0
5,447,H,-1.0
5,447,H,-1.0
5,447,H,-1.0
5,447,H,-1.0
5,447,H,-1.0
5,447,H,-1.0
5,447,H,-0.9954915
5,447,H,-0.99787664
5,447,H,-1.0
5,447,H,-1.0
5,447,V,-1.0
5,447,V,-1.0
5,447,V,-1.0
5,447,V,-1.0
5,447,V,-1.0
5,447,V,-1.0
5,447,V,-1.0
5,447,V,-1.0
5,447,V,-1.0
5,447,V,-1.0
5,447,V,-1.0
5,448,H,-0.61499125
5,448,H,-0.72774684
5,448,H,-0.7048016
5,448,H,-0.47880104
5,448,V,1.0
5,448,V,0.99955404
5,448,V,0.99989045
5,448,V,0.9993159
5,449,H,0.22771665
5,449,H,-0.054095436
5,449,H,0.017967924
5,449,H,-0.29455426
5,449,V,-0.9807971
5,449,V,-0.54151297
5,450,H,0.046026535
5,450,H,0.2417801
5,450,H,-0.060640227
5,450,H,-0.06882111
5,450,H,-0.24609604
5,450,H,-0.035454806
5,450,H,-0.14413396
5,450,H,-0.212041
5,450,H,-0.30078083
5,450,V,0.0810398
5,450,V,0.06633069
5,450,V,-0.2877903
5,450,V,0.6144581
5,450,V,0.47024965
5,450,V,-0.1639897
5,450,V,-0.21801695
5,450,V,0.061042584
5,450,V,-0.29734734
5,450,V,0.120280206
5,450,V,0.08304948
5,450,V,0.31421614
5,450,V,0.10126218
5,451,H,-0.53938705
5,451,H,-0.5199629
5,451,V,0.066710055
5,451,V,-0.138983
5,451,V,-0.12358996
5,451,V,0.25783998
5,451,V,-0.063090846
5,451,V,0.29000837
5,451,V,0.13805875
5,451,V,0.010694436
5,452,H,0.9996565
5,452,V,-1.0
5,452,V,-0.99965674
5,452,V,-0.9991371
5,452,V,-0.93276036
5,453,V,1.0
5,453,V,1.0
5,453,V,1.0
5,453,V,1.0
5,453,V,1.0
5,453,V,1.0
5,453,V,0.999562
5,454,H,0.3072766
5,454,H,0.189561
5,454,H,0.4900568
5,454,H,0.19950289
5,454,H,0.060021285
5,454,H,0.28349566
5,454,H,0.1717372
5,454,H,0.14508526
5,454,H,0.16263217
5,454,V,-0.5539223
5,454,V,0.68407285
5,454,V,-0.07985011
5,454,V,-0.10746347
5,454,V,0.047606327
5,454,V,0.5135277
5,454,V,-0.07428532
5,454,V,-0.111973055
5,454,V,-0.12990054
5,455,H,-0.96090907
5,455,H,-0.35422593
5,455,V,0.43930534
5,455,V,0.9139936
5,455,V,0.92987263
5,455,V,0.93404984
5,455,V,0.9982693
5,456,H,0.32817078
5,456,H,0.212992
5,456,H,0.05390235
5,456,H,0.20961906
5,456,H,-0.052258294
5,456,H,0.21663912
5,456,H,-0.112889044
5,456,V,-1.0
5,456,V,-0.99349064
5,456,V,-0.99927396
5,456,V,-0.99870104
5,457,V,0.371313
5,457,V,0.18806618
5,457,V,0.2968758
5,457,V,0.15198664
5,457,V,0.5350311
5,457,V,0.3516861
5,457,V,0.37368634
5,457,V,0.15354979
5,457,V,0.5028469
5,457,V,0.35247865
5,457,V,0.2699981
5,457,V,0.40921098
5,457,V,0.15380502
5,457,V,0.27656627
5,457,V,0.2223073
5,457,V,0.24404529
5,457,V,0.27701405
5,457,V,0.4107128
5,458,H,-0.06264567
5,458,H,0.05941136
5,458,H,0.032107115
5,458,H,0.07575764
5,458,H,0.15135841
5,458,H,-0.022333408
5,458,H,0.080210954
5,458,H,0.068586655
5,458,H,0.08624337
5,458,H,0.15258072
5,459,V,0.6961157
5,459,V,0.5745266
5,459,V,0.5162411
5,459,V,-0.060338173
5,459,V,-0.77270764
5,460,H,-0.005851736
5,460,H,0.015815016
5,460,H,0.03504664
5,460,H,-0.007575152
5,460,H,-0.2486445
5,460,H,-0.24350329
5,460,V,0.056392215
5,460,V,0.023911742
5,460,V,0.07430786
5,460,V,0.0673922
5,460,V,0.030417647
5,460,V,0.073826596
5,460,V,0.33859125
5,461,H,-0.504404
5,461,H,-0.13624355
5,461,H,-0.61311466
5,461,H,-0.06369326
5,461,H,0.09792061
5,461,H,0.79391646
5,461,H,0.63412434
5,461,H,-0.290745
5,461,H,0.07029403
5,461,H,0.02282561
5,461,H,0.74895614
5,461,V,0.1127216
5,461,V,0.14235981
5,461,V,0.91019666
5,461,V,0.07808571
5,461,V,0.030676952
5,461,V,-0.25070834
5,462,H,0.96570224
5,462,H,0.18940042
5,462,H,0.16324398
5,462,H,1.0
5,462,H,0.6190738
5,462,H,1.0
5,462,H,0.49232328
5,462,H,0.7071765
5,462,V,1.0
5,462,V,1.0
5,462,V,1.0
5,462,V,1.0
5,463,H,-0.4160534
5,463,H,-0.23533595
5,463,H,-0.2016811
5,463,H,-0.23883902
5,463,H,-0.035453852
5,463,H,0.03007951
5,463,H,-0.09833262
5,463,H,0.11425676
5,463,H,0.110132195
5,463,H,0.093207575
5,463,H,0.19457002
5,463,V,0.03026241
5,463,V,0.21984045
5,463,V,0.21129942
5,463,V,0.21478264
5,463,V,0.3623176
5,463,V,-0.1783121
5,463,V,0.012946715
5,463,V,0.071312055
5,463,V,0.009122941
5,463,V,0.23362973
5,463,V,-0.15031123
5,463,V,0.04376847
5,463,V,0.093393765
5,463,V,0.043855052
5,463,V,0.26345417
5,463,V,-0.15508908
5,463,V,0.030243265
5,463,V,0.09945256
5,463,V,0.10136373
5,463,V,0.3063223
5,464,H,-0.42807934
5,464,H,-0.54799426
5,464,H,0.42462263
5,464,H,0.57479346
5,464,H,0.39770898
5,464,H,0.20298293
5,464,V,0.26858568
5,464,V,-0.27993354
5,464,V,-0.39969492
5,464,V,-0.2698553
5,465,H,0.39977363
5,465,H,0.3589828
5,465,H,0.17641951
5,465,H,0.9009532
5,465,H,0.7824843
5,465,H,0.9504685
5,465,H,0.79294145
5,465,H,0.7770548
5,465,H,0.9678009
5,465,H,0.932149
5,465,H,0.8434604
5,465,H,0.8417758
5,465,H,0.9998507
5,465,V,0.9790271
5,465,V,0.942967
5,465,V,0.9758141
5,465,V,0.7717094
5,465,V,0.70105904
5,465,V,0.59204066
5,466,H,-0.07971337
5,466,H,-0.05944828
5,466,H,-0.06664541
5,466,H,-0.067040704
5,466,H,0.019793738
5,466,H,-0.07350242
5,466,H,-0.07315577
5,466,H,-0.056213032
5,466,H,-0.04818418
5,466,H,0.003137146
5,466,V,-0.3159079
5,466,V,-0.043722454
5,466,V,-0.035102513
5,466,V,0.11155234
5,467,H,0.9999051
5,467,V,-1.0
5,467,V,-1.0
5,467,V,-1.0
5,467,V,-1.0
5,467,V,-1.0
5,468,H,-0.16932307
5,468,H,-0.23071656
5,468,H,-0.11919399
5,468,H,-0.031207034
5,468,H,-0.061859485
5,468,H,0.08201433
5,468,H,-0.24891405
5,468,H,-0.11802525
5,468,H,-0.08141156
5,468,H,-0.0079646
5,468,H,0.04997628
5,468,V,0.03553996
5,468,V,-0.21269229
5,468,V,0.01809758
5,468,V,-0.02730068
5,468,V,0.018754413
5,468,V,0.078359105
5,468,V,-0.22462153
5,468,V,0.017548593
5,468,V,-0.021265252
5,468,V,-0.013013713
5,468,V,0.08809611
5,468,V,0.1323545
5,469,H,0.32254297
5,469,H,0.0138333095
5,469,H,-0.035055462
5,469,H,-0.030482152
5,469,H,0.020103209
5,469,V,-0.16225891
5,469,V,-0.12143932
5,469,V,-0.1893255
5,469,V,-0.0504009
5,469,V,-0.061591
5,469,V,-0.05032215
5,469,V,-0.0078115077
5,469,V,-0.039081816
5,469,V,-0.052438397
5,469,V,-0.06108126
5,470,V,1.0
5,471,H,-1.0
5,471,H,-1.0
5,471,H,-1.0
5,471,H,-1.0
5,471,V,-1.0
5,472,H,-0.21533555
5,472,H,-0.069263406
5,472,H,-0.0020518058
5,472,H,-0.09933569
5,473,H,-0.6896344
5,473,V,1.0
5,473,V,1.0
5,473,V,1.0
5,473,V,1.0
5,473,V,0.98900914
5,473,V,0.45263153
5,474,H,0.22370112
5,474,H,0.58840364
5,474,H,-0.08904069
5,474,H,0.08663951
5,474,H,-0.16388637
5,474,H,0.002855755
5,474,H,-0.3441021
5,474,H,-0.41754586
5,474,V,-0.73908013
5,474,V,-0.73558897
5,474,V,-0.8128135
5,474,V,-0.83286643
5,475,H,0.18418913
5,475,H,0.005972738
5,475,H,0.027836673
5,475,H,0.027202502
5,475,H,0.040133186
5,475,H,0.036706414
5,475,H,0.06961139
5,475,H,-0.0441105
5,475,V,-0.055086784
5,475,V,-0.077042714
5,475,V,-0.11787518
5,475,V,-0.0031424325
5,475,V,-0.0024252844
5,475,V,0.006481233
5,475,V,-0.25234684
5,475,V,0.012304386
5,475,V,0.0028748477
5,475,V,-0.0014390129
5,475,V,0.1769011
5,475,V,0.2591991
5,476,H,1.0
5,476,H,1.0
5,476,H,1.0
5,476,V,0.98789567
5,476,V,0.97974765
5,476,V,0.96572804
5,476,V,0.7996894
5,477,H,0.11603285
5,477,H,0.08108024
5,477,V,0.14188837
5,477,V,0.17785117
5,477,V,0.16707762
5,478,H,1.0
5,478,H,1.0
5,478,H,1.0
5,478,H,1.0
5,478,V,0.7653092
5,478,V,0.87709063
5,478,V,0.8069829
5,478,V,0.5508209
5,479,H,0.35193977
5,479,H,0.27147335
5,479,H,0.35688096
5,479,H,0.23129067
5,479,H,0.2654928
5,479,H,0.22378579
5,479,H,0.2616071
5,479,H,0.26997405
5,479,H,0.18435352
5,479,V,-0.06036452
5,479,V,-0.04220007
5,479,V,0.004927194
5,479,V,-0.010011038
5,479,V,-0.056318834
5,479,V,-0.020649882
5,479,V,0.10270013
5,480,H,-1.0
5,480,H,-1.0
5,480,H,-1.0
5,480,H,-1.0
5,480,V,1.0
5,480,V,1.0
5,480,V,1.0
5,480,V,1.0
5,481,H,0.99812216
5,481,V,1.0
5,481,V,0.99935925
5,481,V,0.9569308
5,482,V,0.7754683
5,482,V,0.92946315
5,482,V,0.8004486
5,482,V,0.042121604
5,483,V,0.104456775
5,484,H,0.1919187
5,484,H,0.1533364
5,484,H,0.14852007
5,484,H,0.10545957
5,484,V,-0.069444254
5,484,V,-0.06373638
5,484,V,-0.043049928
5,484,V,0.03905182
5,484,V,0.076601796
5,484,V,0.049388457
5,485,H,-1.0
5,485,H,1.0
5,485,H,-1.0
5,485,H,1.0
5,485,H,-1.0
5,485,H,1.0
5,485,H,-1.0
5,485,H,1.0
5,485,V,-1.0
5,485,V,1.0
5,485,V,-1.0
5,485,V,1.0
5,485,V,-1.0
5,485,V,1.0
5,485,V,-1.0
5,485,V,1.0
5,486,H,0.0036324263
5,486,H,0.06871853
5,486,H,0.09219589
5,486,H,0.10645734
5,486,H,0.057815146
5,486,H,0.12910974
5,486,H,0.18057986
5,486,H,0.013615633
5,486,H,0.09694558
5,486,V,-0.05036264
5,486,V,0.022179987
5,486,V,-0.014804077
5,486,V,-0.037100222
5,486,V,-0.07771711
5,486,V,0.0131767625
5,486,V,-0.045500834
5,486,V,0.0032380696
5,486,V,0.059723143
5,487,V,-0.08751486
5,487,V,-0.45729196
5,487,V,-0.49761406
5,487,V,0.9153988
5,488,H,-0.55008394
5,488,H,-0.6663596
5,488,H,-0.78162
5,488,V,-0.15416391
5,488,V,-0.1055831
5,488,V,-0.10450852
5,488,V,-0.0408923
5,488,V,-0.096528985
5,488,V,0.09203832
5,489,H,1.0
5,489,H,1.0
5,489,H,1.0
5,489,H,1.0
5,489,V,-1.0
5,489,V,-1.0
5,489,V,-1.0
5,489,V,-1.0
5,490,H,-0.045194473
5,490,H,-0.072359756
5,490,H,0.04516
5,490,H,-0.042849302
5,490,H,-0.013340501
5,490,V,-0.089348964
5,490,V,-0.08362981
5,490,V,-0.16361696
5,490,V,-0.0941199
5,490,V,-0.15821016
5,491,V,-0.47141358
5,491,V,-0.060792163
5,491,V,-0.033577323
5,491,V,-0.012897029
5,491,V,-0.7552934
5,491,V,-0.18872851
5,491,V,-0.12194629
5,491,V,-0.32575753
5,491,V,-0.6983478
5,491,V,-0.15043968
5,491,V,-0.1723656
5,491,V,-0.17904013
5,491,V,-0.68595004
5,491,V,-0.33401614
5,491,V,-0.18825626
5,491,V,-0.27672237
5,492,H,-0.33032975
5,492,H,-0.57587504
5,492,H,0.47125542
5,492,H,0.4938056
5,492,H,0.7898584
5,493,H,-0.08197213
5,493,H,-0.0915233
5,493,H,-0.02837602
5,493,H,-0.07775081
5,493,H,-0.050715156
5,494,H,-0.0028939107
5,494,H,-0.11382138
5,494,H,0.16526091
5,494,H,-0.053748038
5,494,H,0.041085158
5,494,H,-0.07168413
5,494,H,0.020171735
5,494,H,0.12275076
5,494,H,0.07676304
5,494,H,-0.028826457
5,494,H,-0.07534623
5,494,H,-0.009394579
5,494,H,0.04334054
5,494,H,0.08760576
5,494,H,-0.08455113
5,494,H,0.03460534
5,495,H,-1.0
5,495,H,-1.0
5,495,H,-1.0
5,495,H,-1.0
5,495,H,-1.0
5,495,H,-1.0
5,495,H,-1.0
5,495,H,-1.0
5,495,H,-1.0
5,495,H,-1.0
5,495,H,-1.0
5,495,H,-0.99157494
5,496,V,-0.058278102
5,496,V,-0.7002138
5,496,V,-0.28259814
5,496,V,-0.777815
5,497,H,-0.9528529
5,497,H,-0.7307546
5,497,H,-0.6608608
5,497,H,-0.64923906
5,497,H,-0.18716635
5,497,V,-1.0
5,498,H,0.7086461
5,498,H,0.2632558
5,498,H,0.9319171
5,498,H,0.45472848
5,498,H,0.7086295
5,498,H,0.45867416
5,498,H,0.99862736
5,498,H,0.65983653
5,498,H,0.4004286
5,498,V,-0.35218522
5,498,V,-0.274226
5,498,V,-0.29387727
5,498,V,-0.37337524
5,499,H,-0.04966815
5,499,H,-0.074919574
5,499,H,-0.06848133
5,499,H,0.19701773
5,499,H,0.09786865
5,499,H,0.1243173
5,499,V,0.13204846
5,499,V,0.07558088
5,499,V,0.14639072
5,499,V,0.049433783
5,499,V,0.07167282
6,0,H,-0.66359514
6,0,H,0.3138789
6,0,H,0.055226926
6,0,H,-0.7315826
6,0,H,0.3769647
6,0,H,0.2704643
6,0,H,0.19367777
6,0,H,-0.75911206
6,0,H,0.23235132
6,0,H,0.26113975
6,0,H,0.022221573
6,0,H,-0.0043508373
6,0,H,-0.6240574
6,0,H,0.113880455
6,0,H,0.13580178
6,0,H,0.12462487
6,0,H,0.034925852
6,1,H,1.0
6,1,H,1.0
6,1,V,-0.9877808
6,2,H,-0.10444069
6,2,H,0.21378769
6,2,H,0.114900045
6,2,H,-0.14153977
6,2,H,0.37941965
6,2,V,0.22200437
6,2,V,0.006785877
6,2,V,0.18354379
6,2,V,0.018268978
6,2,V,0.29205716
6,3,H,0.97012043
6,3,H,0.9390061
6,3,H,0.92926764
6,3,V,-1.0
6,3,V,-1.0
6,3,V,-1.0
6,4,V,-0.0043337694
6,4,V,-0.14709823
6,4,V,-0.049627714
6,4,V,0.14461999
6,4,V,-0.33343372
6,4,V,0.030161723
6,4,V,0.11892163
6,4,V,-0.20473908
6,4,V,-0.2013174
6,5,H,-0.19414744
6,5,H,0.25222775
6,5,H,-0.35547742
6,5,H,0.02824065
6,5,H,-0.43366644
6,5,H,-0.06507487
6,5,H,-0.25517732
6,5,H,-0.10470238
6,5,V,-0.7047778
6,5,V,-0.6041622
6,6,V,-0.18694672
6,6,V,-0.17282958
6,6,V,-0.16131045
6,7,H,-0.88694406
6,7,V,-0.002860567
6,7,V,-1.0
6,8,H,-1.0
6,8,H,-1.0
6,8,H,-1.0
6,8,H,-1.0
6,8,V,0.99861896
6,8,V,0.98033595
6,8,V,0.9758509
6,8,V,0.9955287
6,9,H,1.0
6,9,H,1.0
6,9,H,1.0
6,9,H,1.0
6,9,V,-1.0
6,9,V,-1.0
6,9,V,-1.0
6,9,V,-1.0
6,10,H,0.47785887
6,10,H,0.6913995
6,10,V,0.99966323
6,10,V,1.0
6,10,V,1.0
6,10,V,1.0
6,11,H,-0.0978804
6,11,H,-0.091584936
6,11,V,0.20118766
6,11,V,0.2015665
6,11,V,0.19335213
6,11,V,0.18754993
6,11,V,0.16480778
6,11,V,0.21093269
6,11,V,0.21167271
6,11,V,0.20231047
6,11,V,0.21482745
6,11,V,0.15663777
6,11,V,0.5996436
6,12,H,-0.05288767
6,12,H,0.3452047
6,12,H,0.45838082
6,12,H,0.3580055
6,12,H,0.077177286
6,12,H,0.3951249
6,12,H,0.37708944
6,12,H,0.20117363
6,12,H,0.28181008
6,12,H,0.35736293
6,12,H,0.39950788
6,12,V,-0.33051208
6,12,V,-0.1695728
6,12,V,-0.3339233
6,12,V,-0.21509059
6,12,V,-0.3299538
6,12,V,-0.1465474
6,13,H,-0.9779801
6,13,H,-0.61082953
6,13,V,-0.42558482
6,13,V,-0.9420524
6,13,V,-0.9442939
6,13,V,-0.9854471
6,13,V,-0.82305264
6,13,V,-0.98543775
6,14,H,0.7238631
6,14,H,0.45554942
6,14,H,0.4111496
6,14,H,0.43128228
6,14,H,0.36815098
6,14,H,0.36533567
6,14,H,0.29427662
6,14,H,0.4017869
6,14,H,0.4002348
6,14,V,-0.68736166
6,14,V,-0.58915293
6,14,V,-0.6126354
6,14,V,-0.4897535
6,15,H,1.0
6,15,V,-1.0
6,15,V,-1.0
6,15,V,-1.0
6,15,V,-0.62472796
6,16,H,-0.28357926
6,16,H,-0.43466613
6,16,H,-0.302027
6,16,H,-0.17139661
6,16,H,-0.29233253
6,16,H,-0.35564938
6,16,V,0.28086695
6,16,V,0.26019356
6,16,V,0.04249093
6,16,V,0.3710897
6,16,V,0.23887394
6,16,V,0.17109196
6,16,V,0.62058234
6,16,V,0.3531429
6,16,V,0.44046044
6,16,V,0.27028713
6,16,V,0.307227
6,16,V,0.5699033
6,16,V,0.34571767
6,16,V,0.3349132
6,16,V,0.05825481
6,16,V,0.33073917
6,16,V,0.4372651
6,16,V,0.3151179
6,17,H,0.01661635
6,17,H,0.09859175
6,17,H,-0.057624802
6,17,H,0.041593283
6,17,H,-0.057075035
6,17,H,-0.041057687
6,17,V,-0.08263607
6,17,V,-0.07042574
6,17,V,-0.06399086
6,17,V,-0.033124503
6,17,V,-0.10577541
6,17,V,-0.07630268
6,17,V,-0.049169123
6,17,V,-0.04829678
6,17,V,-0.051808607
6,17,V,-0.11506151
6,18,H,0.38778132
6,18,V,-0.50322956
6,18,V,0.06381424
6,18,V,0.25485748
6,19,H,-0.23507772
6,19,H,-0.21919413
6,19,H,-0.2687146
6,19,V,0.17762427
6,19,V,0.01834866
6,19,V,-0.13387713
6,19,V,-0.051299375
6,19,V,-0.06056111
6,20,H,0.3624953
6,20,H,0.46749535
6,20,H,0.4500143
6,20,H,0.16276342
6,20,H,0.3111499
6,20,H,0.28509772
6,20,H,0.3691837
6,20,H,0.07823065
6,20,H,0.32332763
6,20,H,0.29327026
6,20,H,0.34195852
6,20,H,0.13477188
6,20,V,-0.030603832
6,20,V,-0.20649783
6,20,V,-0.29351118
6,20,V,-0.062703274
6,20,V,-0.31483594
6,20,V,-0.04107873
6,20,V,-0.28358567
6,20,V,-0.26558617
6,20,V,-0.023140892
6,21,V,1.0
6,21,V,-0.8880339
6,21,V,0.9991695
6,21,V,1.0
6,21,V,1.0
6,22,H,-0.012651212
6,22,H,0.024011593
6,22,H,-0.044132564
6,22,H,0.0062047644
6,22,H,0.022778329
6,22,H,0.05487371
6,22,H,0.002352724
6,22,H,0.036451932
6,22,H,0.04988803
6,22,H,0.048900153
6,22,H,0.0382986
6,22,H,0.07065604
6,23,H,-1.0
6,23,H,1.0
6,23,H,1.0
6,23,V,1.0
6,23,V,1.0
6,23,V,1.0
6,24,H,0.56110394
6,24,H,0.6305655
6,24,H,0.779497
6,24,H,0.3980372
6,24,H,0.054456327
6,24,H,0.073330715
6,24,H,0.37972075
6,24,H,0.0022341204
6,24,H,-0.0104322005
6,24,V,-0.40449184
6,24,V,-0.4721748
6,24,V,-0.47184914
6,24,V,0.18983048
6,24,V,0.016166408
6,24,V,0.028396806
6,24,V,0.21275027
6,24,V,0.07808293
6,24,V,-0.016991278
6,25,V,-0.07739255
6,25,V,-0.010250788
6,25,V,-0.15003228
6,25,V,-0.022970347
6,25,V,0.05463005
6,25,V,0.073048286
6,26,H,0.031235976
6,26,V,0.19185553
6,26,V,-0.054806177
6,26,V,-0.09158723
6,26,V,-0.37882772
6,26,V,0.24490972
6,26,V,-0.04886039
6,26,V,-0.08355955
6,26,V,0.21329838
6,26,V,-0.05311931
6,26,V,9.564213e-05
6,26,V,-0.093959734
6,26,V,0.19100825
6,26,V,0.15987617
6,26,V,0.089874424
6,27,H,-0.6238132
6,27,H,-0.71778554
6,27,H,-0.8248442
6,27,H,-0.7245572
6,27,H,-0.99482995
6,27,H,-1.0
6,27,V,0.23578759
6,27,V,0.030945096
6,27,V,0.04201897
6,27,V,0.16353771
6,27,V,-0.042033724
6,27,V,0.099606365
6,27,V,0.91865414
6,27,V,0.9737604
6,27,V,0.98110914
6,28,H,0.34479275
6,28,H,0.42382392
6,28,H,0.55054843
6,28,H,0.031762835
6,28,H,-0.0026040927
6,28,H,0.07497024
6,28,H,0.033982933
6,28,H,-0.031678483
6,28,H,0.0006957479
6,28,H,-0.27321637
6,28,V,-0.31447905
6,29,H,-0.040426485
6,29,H,-0.1615749
6,29,H,0.06630901
6,29,H,0.057422534
6,29,H,0.008864069
6,29,H,0.050782315
6,29,H,0.10154783
6,29,H,0.010417541
6,29,H,-0.029215727
6,29,H,0.064653076
6,29,H,0.09970308
6,29,H,-0.014780157
6,30,H,-0.19221501
6,30,H,-0.09200427
6,30,H,-0.1667622
6,30,H,-0.0627195
6,30,V,0.5446305
6,30,V,0.42423156
6,30,V,0.5499415
6,30,V,0.30078882
6,30,V,0.22151724
6,30,V,0.16783616
6,30,V,0.24415329
6,30,V,-0.06320363
6,31,H,0.109738305
6,31,H,0.075934924
6,31,H,-0.020430066
6,31,H,0.035148535
6,31,H,-0.010349256
6,31,H,0.06371223
6,31,H,-0.57932466
6,31,V,-0.4861386
6,31,V,-0.4134121
6,31,V,-0.5461139
6,31,V,0.43008372
6,32,H,0.5135825
6,32,H,0.8102984
6,32,H,0.7697735
6,32,H,0.8314091
6,32,H,-0.91667974
6,32,V,0.8673199
6,32,V,-0.51531506
6,32,V,0.91364366
6,32,V,-0.84534204
6,32,V,0.9083141
6,32,V,-0.82641983
6,32,V,0.76085883
6,32,V,-0.8971544
6,33,V,0.9914177
6,33,V,0.9271046
6,33,V,1.0
6,33,V,1.0
6,33,V,0.7911594
6,33,V,0.9949765
6,33,V,0.7755268
6,33,V,0.9913722
6,33,V,0.9533227
6,34,V,-0.9372374
6,34,V,-0.94616735
6,35,H,-0.35995921
6,35,H,0.49486035
6,35,V,-0.23509067
6,36,H,0.04353552
6,36,H,0.20017816
6,36,H,0.254701
6,36,H,0.19825494
6,36,H,0.0973041
6,36,H,0.118332915
6,36,H,0.17441992
6,36,V,-0.038765013
6,36,V,0.012139516
6,36,V,0.20335098
6,36,V,-0.16424888
6,36,V,0.04645853
6,36,V,0.2813401
6,36,V,-0.14870466
6,36,V,0.06119984
6,36,V,0.31058168
6,36,V,-0.07289657
6,36,V,0.035959855
6,36,V,0.18299977
6,37,H,-0.74188304
6,37,H,-0.1521557
6,37,H,0.4436867
6,37,H,0.5338818
6,37,V,0.9997596
6,37,V,0.98267347
6,37,V,0.97767323
6,37,V,0.9726088
6,37,V,0.96893036
6,38,H,0.011409435
6,38,H,0.20858139
6,38,H,0.19040298
6,38,H,0.17564744
6,38,H,0.13141374
6,38,V,0.11074756
6,39,H,0.18892899
6,39,H,0.046550073
6,39,H,0.30292714
6,39,H,0.15049823
6,39,H,-0.0005526177
6,39,H,0.022211937
6,39,H,-0.002721129
6,39,H,0.16530806
6,39,H,0.046727393
6,39,H,-0.053384703
6,39,H,-0.07233044
6,39,H,0.05479785
6,39,H,0.07319825
6,39,H,0.09470773
6,39,H,-0.085105956
6,39,H,0.06333419
6,39,V,-0.307267
6,40,H,-0.43597636
6,40,H,-0.35748348
6,40,V,0.43087366
6,40,V,0.3680926
6,40,V,0.27544436
6,40,V,0.050575268
6,41,H,0.23728484
6,41,H,0.26621404
6,41,V,0.35922787
6,41,V,-0.09230572
6,41,V,-0.25894126
6,41,V,-0.2659719
6,41,V,-0.3253672
6,41,V,-0.1919396
6,41,V,-0.19804408
6,42,H,0.079319775
6,42,H,-0.033272035
6,42,H,0.314347
6,42,H,-0.50057846
6,42,H,0.21453558
6,42,H,-0.117105484
6,42,H,0.3494721
6,42,V,0.2357458
6,42,V,-0.10561187
6,42,V,0.068603545
6,43,H,-0.12817104
6,43,H,-0.15575449
6,43,H,0.24681494
6,43,H,0.5048871
6,43,H,0.43820164
6,44,H,-0.038404796
6,44,H,0.0067773717
6,44,H,-0.013448482
6,44,H,0.019740803
6,44,H,-0.029406771
6,44,H,-0.04633093
6,44,H,0.0006353046
6,44,H,-0.005458175
6,44,H,0.028332645
6,44,H,-0.014651893
6,44,V,0.035098583
6,44,V,0.02063567
6,45,H,-0.9839168
6,45,H,-0.9985087
6,45,V,0.34025064
6,45,V,0.43957436
6,45,V,0.43703178
6,45,V,0.49170086
6,46,H,0.98572
6,46,H,1.0
6,46,H,0.9993656
6,46,H,0.9980619
6,46,H,1.0
6,46,V,-1.0
6,46,V,-0.99527
6,46,V,-0.956559
6,47,V,0.26496798
6,47,V,0.06095297
6,47,V,0.0979833
6,47,V,0.10958209
6,47,V,0.03489179
6,47,V,0.22462381
6,47,V,-0.0016903966
6,47,V,0.02759728
6,47,V,0.015434701
6,47,V,-0.16104265
6,47,V,0.21279109
6,47,V,0.0070491456
6,47,V,0.036036793
6,47,V,0.018947631
6,47,V,-0.1748335
6,47,V,0.062471285
6,47,V,-0.013470073
6,47,V,-0.003613626
6,47,V,0.0015811623
6,48,H,-0.2718805
6,48,H,-0.25321382
6,48,H,-0.27013266
6,48,H,-0.10540425
6,48,V,0.3702245
6,48,V,0.33320808
6,48,V,0.14809503
6,48,V,0.17064157
6,48,V,0.10475482
6,48,V,0.15556243
6,48,V,-0.05398459
6,49,H,0.9403644
6,49,H,0.33313233
6,49,H,0.9580997
6,49,H,0.32968304
6,49,H,0.99498874
6,49,H,0.9980445
6,49,H,1.0
6,49,H,1.0
6,49,H,0.95194614
6,49,V,-0.6258174
6,49,V,-0.9591481
6,49,V,-0.96579945
6,49,V,-0.87381727
6,50,H,-0.29542628
6,50,V,-0.31492418
6,50,V,-0.14177355
6,50,V,-0.17110635
6,51,H,0.4838334
6,51,H,1.0
6,51,H,1.0
6,51,H,1.0
6,51,V,0.11932683
6,51,V,-0.70517486
6,52,V,0.1151312
6,52,V,0.11714009
6,52,V,0.122134075
6,52,V,0.40528914
6,53,H,-0.96801966
6,53,H,-0.9174246
6,53,H,-0.9203762
6,53,H,-0.8094528
6,54,V,-0.97340655
6,54,V,-0.9743464
6,54,V,-0.9638472
6,54,V,-0.9643798
6,55,H,-0.63804644
6,55,H,-0.23450482
6,55,H,-0.018146774
6,55,H,-0.38041794
6,55,H,-0.67003894
6,55,H,-0.27537337
6,55,H,-0.17679393
6,55,H,-0.26859036
6,55,H,-0.6239318
6,55,H,-0.29719502
6,55,H,-0.18306933
6,55,H,-0.04648277
6,55,H,-0.7375985
6,55,V,0.20749943
6,55,V,0.16492067
6,55,V,0.26065338
6,55,V,-0.08679205
6,55,V,0.16281758
6,55,V,-0.109346434
6,55,V,0.08384166
6,55,V,0.31527075
6,55,V,-0.02388284
6,55,V,0.0697319
6,55,V,0.5043028
6,55,V,0.39058375
6,56,H,-1.0
6,56,H,-1.0
6,56,V,-1.0
6,56,V,-1.0
6,56,V,-1.0
6,56,V,-1.0
6,57,H,1.0
6,58,H,-0.9220234
6,58,V,-0.14968786
6,58,V,-0.18465436
6,58,V,-0.16446665
6,58,V,-0.27352983
6,59,H,1.0
6,59,H,1.0
6,59,H,1.0
6,59,H,0.99996465
6,59,V,0.9838915
6,59,V,0.9994642
6,59,V,0.99959296
6,59,V,1.0
6,60,H,-1.0
6,60,H,-1.0
6,60,H,-1.0
6,60,H,-1.0
6,60,V,1.0
6,60,V,1.0
6,61,H,0.024229396
6,61,H,-0.10014595
6,61,H,-0.039495517
6,61,H,-0.20949832
6,61,H,-0.09132268
6,62,H,0.09813352
6,62,H,0.09129708
6,62,H,0.08720528
6,62,H,-0.06948746
6,62,H,-0.0069768867
6,62,H,-0.002283905
6,62,H,-0.028594444
6,62,H,-0.03213182
6,62,H,-0.0051161465
6,62,H,-0.14565088
6,62,H,-0.16264568
6,62,V,-0.17364651
6,62,V,-0.18011984
6,62,V,0.024300607
6,62,V,0.0054411096
6,62,V,0.040714324
6,62,V,0.025115443
6,62,V,0.0064722383
6,62,V,0.04681991
6,62,V,0.09777108
6,62,V,0.17039752
6,63,V,-0.68665445
6,63,V,-0.687936
6,63,V,-0.637658
6,63,V,-0.47414446
6,63,V,-0.40817818
6,64,H,-1.0
6,64,H,-1.0
6,64,H,-1.0
6,65,H,-1.0
6,65,H,-1.0
6,65,H,-1.0
6,65,H,-1.0
6,65,V,-1.0
6,65,V,-1.0
6,65,V,-1.0
6,65,V,-1.0
6,66,H,0.19770592
6,66,H,0.03309083
6,66,H,0.031775523
6,66,H,0.068003714
6,66,H,0.2013793
6,66,H,0.028497664
6,66,H,0.022499913
6,66,H,0.056024373
6,66,V,-0.37143108
6,66,V,0.06727852
6,66,V,0.03699873
6,66,V,0.077910416
6,66,V,0.020494228
6,67,H,0.22955546
6,67,H,0.15193786
6,67,H,0.2977999
6,67,H,0.16335844
6,67,H,0.23063776
6,67,H,0.1941283
6,67,H,0.283102
6,67,H,0.22169897
6,67,H,0.27393898
6,67,H,0.23284355
6,67,H,0.24409424
6,67,H,0.30755955
6,67,H,0.17786834
6,67,H,0.103235714
6,67,H,0.14240912
6,67,H,0.18814641
6,68,H,-1.0
6,68,H,-1.0
6,68,H,-1.0
6,68,H,-1.0
6,68,V,0.90386796
6,68,V,0.89889693
6,68,V,0.9109518
6,68,V,0.73918056
6,69,H,0.2743948
6,69,H,0.020455033
6,69,H,0.05155398
6,69,H,-0.0076806014
6,69,H,0.0610431
6,69,H,-0.006779782
6,69,H,-0.28635162
6,69,H,-0.08843533
6,70,H,0.015874144
6,70,H,0.065444894
6,70,H,-0.33832267
6,70,H,-0.07163887
6,70,H,-0.36953834
6,70,H,-0.045989227
6,70,H,-0.11490784
6,71,H,0.63832754
6,71,H,0.9356423
6,71,H,0.8564255
6,72,H,-0.20718819
6,72,H,-0.012271619
6,72,H,0.01041459
6,72,H,0.006491603
6,72,V,0.045735747
6,72,V,-0.1938037
6,72,V,0.2888031
6,72,V,0.18924707
6,73,H,-0.3069739
6,73,H,-0.36199772
6,73,H,0.32767066
6,73,H,0.577743
6,73,V,-0.99132407
6,73,V,-0.8957095
6,73,V,-0.8857615
6,73,V,-0.81392646
6,74,H,-1.0
6,74,H,-1.0
6,74,H,-1.0
6,74,H,-1.0
6,74,V,0.99993193
6,74,V,1.0
6,74,V,0.99907285
6,74,V,0.8141647
6,75,H,-0.537828
6,75,H,-0.26467788
6,75,H,-0.25888124
6,75,H,-0.6862949
6,75,H,-0.21200778
6,75,H,-0.43641457
6,75,H,-0.40214762
6,75,H,-0.48207495
6,75,H,-0.3071597
6,75,H,-0.36859542
6,75,H,-0.42914593
6,76,H,-0.2662673
6,76,H,-0.40050402
6,76,H,-0.4294881
6,76,H,-0.2908892
6,76,V,-0.28152904
6,76,V,-0.15488526
6,76,V,0.008913132
6,76,V,0.35217324
6,77,V,1.0
6,77,V,1.0
6,77,V,0.99965525
6,77,V,1.0
6,77,V,0.9917047
6,77,V,1.0
6,77,V,0.9690298
6,77,V,0.9545951
6,78,H,1.0
6,78,H,1.0
6,78,H,1.0
6,78,H,1.0
6,78,V,1.0
6,78,V,1.0
6,78,V,1.0
6,79,H,-0.9932704
6,79,H,-0.24580221
6,79,V,0.6327554
6,79,V,1.0
6,79,V,1.0
6,79,V,1.0
6,79,V,1.0
6,80,V,0.9996983
6,80,V,0.99812245
6,80,V,0.99575245
6,80,V,0.9974451
6,81,H,0.6744522
6,81,V,0.56856513
6,82,H,-0.044272866
6,82,H,-0.07039309
6,82,H,-0.036904387
6,82,H,-0.42019135
6,82,H,0.057545714
6,82,H,0.085957326
6,82,H,0.06777705
6,82,H,-0.37129396
6,82,V,0.253835
6,82,V,0.29000324
6,82,V,0.27412826
6,82,V,0.26038325
6,82,V,-0.9394617
6,83,H,-1.0
6,83,H,-1.0
6,83,H,-1.0
6,83,H,-1.0
6,83,H,-1.0
6,83,H,-0.9999533
6,83,H,-1.0
6,83,H,-1.0
6,83,H,-1.0
6,83,H,-0.9985819
6,83,H,-1.0
6,83,H,-1.0
6,83,H,-1.0
6,83,V,-1.0
6,83,V,-1.0
6,83,V,-1.0
6,83,V,-1.0
6,83,V,-1.0
6,83,V,-0.99956274
6,83,V,-1.0
6,83,V,-1.0
6,83,V,-0.99992746
6,83,V,-1.0
6,83,V,-1.0
6,84,H,-0.07435588
6,84,H,0.0652829
6,84,H,-0.07718929
6,84,H,0.050379865
6,84,H,0.004865199
6,84,H,0.041265123
6,84,H,0.011710528
6,84,H,0.105501585
6,84,V,-0.38075083
6,84,V,-0.23556958
6,84,V,-0.305303
6,84,V,-0.2845747
6,85,V,1.0
6,85,V,1.0
6,85,V,0.21464175
6,86,H,0.6363799
6,86,H,0.19707029
6,86,H,0.11203779
6,86,H,0.106803
6,86,H,-0.0147253005
6,86,H,-0.09499632
6,86,V,-0.7321299
6,86,V,-0.72128516
6,86,V,-0.73025924
6,86,V,-0.88358533
6,87,H,0.37459493
6,87,H,0.40975678
6,87,H,0.24651816
6,87,H,0.31854236
6,87,H,0.21701582
6,87,H,0.043855824
6,87,H,0.2877964
6,87,H,0.27983356
6,87,H,0.059354823
6,87,H,0.15409063
6,87,H,0.299565
6,87,H,0.06314654
6,87,H,-0.1409966
6,87,H,-0.21494874
6,87,V,-0.35627246
6,87,V,-0.35708243
6,87,V,-0.31890982
6,87,V,-0.4946047
6,87,V,-0.28227836
6,87,V,-0.3672825
6,87,V,-0.39771515
6,87,V,-0.29970014
6,87,V,-0.10569643
6,87,V,-0.11627734
6,88,H,0.05911988
6,88,H,0.08639903
6,88,H,0.017182011
6,88,H,0.09556647
6,88,H,0.093945056
6,88,H,0.091445155
6,88,H,0.07296438
6,88,H,0.0988681
6,88,H,0.11720493
6,88,H,0.19878544
6,88,H,0.20571874
6,88,H,0.22324485
6,88,V,0.14244327
6,88,V,0.13411807
6,88,V,0.14478591
6,88,V,0.035115696
6,88,V,0.070645675
6,88,V,0.042666875
6,88,V,0.06719079
6,88,V,0.07674422
6,88,V,0.050116662
6,88,V,-0.10180903
6,88,V,-0.048294585
6,88,V,-0.05221773
6,89,H,-0.25524208
6,89,H,-0.2493456
6,89,H,-0.15766083
6,89,H,-0.16264059
6,89,H,-0.0035858531
6,89,V,-0.1827812
6,89,V,-0.28949055
6,89,V,-0.38299614
6,89,V,-0.349816
6,89,V,-0.32224354
6,90,H,-0.13131692
6,90,H,1.0
6,90,H,1.0
6,90,V,1.0
6,90,V,1.0
6,90,V,1.0
6,90,V,1.0
6,90,V,1.0
6,91,H,-1.0
6,91,H,-1.0
6,91,H,-0.9996151
6,92,H,-0.28693184
6,92,H,-0.3080147
6,92,V,0.011447056
6,92,V,0.04204417
6,92,V,0.057057433
6,92,V,0.05582399
6,92,V,0.1921292
6,92,V,-0.012927353
6,92,V,0.0656379
6,92,V,0.051020507
6,92,V,0.0373623
6,92,V,0.2114285
6,93,H,-0.5420651
6,93,H,-0.6927078
6,93,H,-0.6018451
6,93,H,-0.29050177
6,93,H,-0.33240542
6,93,H,-0.35630998
6,93,V,0.7449492
6,93,V,0.56094736
6,93,V,0.74934816
6,93,V,-0.13536726
6,94,V,-0.3015675
6,94,V,-0.21432382
6,94,V,-0.22215462
6,94,V,-0.117589444
6,95,H,-1.0
6,95,H,-1.0
6,95,H,-1.0
6,95,H,-1.0
6,95,H,-0.9988921
6,95,V,0.9616895
6,95,V,0.9933002
6,95,V,1.0
6,95,V,-0.99737966
6,95,V,-0.99964935
6,96,H,0.03742286
6,96,H,-0.058336567
6,96,H,-0.3227298
6,96,H,-0.31745103
6,96,H,-0.2773035
6,96,H,-0.43611988
6,96,H,-0.37267148
6,96,H,-0.08361771
6,96,H,-0.43198428
6,96,V,0.50643384
6,96,V,-0.19519451
6,96,V,-0.3671186
6,96,V,0.62895435
6,96,V,-0.061304323
6,96,V,0.6109819
6,96,V,-0.06910787
6,96,V,-0.14222778
6,97,H,-1.0
6,97,H,1.0
6,97,H,-1.0
6,97,H,1.0
6,97,H,-1.0
6,97,H,1.0
6,97,H,-1.0
6,97,H,1.0
6,97,V,-1.0
6,97,V,-1.0
6,97,V,-1.0
6,97,V,-1.0
6,98,H,1.0
6,98,H,1.0
6,98,H,1.0
6,98,V,-0.99771595
6,98,V,-0.9965807
6,98,V,-0.9999229
6,98,V,0.19716856
6,99,H,-0.029240271
6,99,H,-0.09898968
6,99,H,-0.0905875
6,99,H,-0.6286035
6,99,V,0.51190823
6,99,V,0.6401787
6,99,V,0.59391516
6,99,V,0.5821559
6,99,V,0.43666452
6,99,V,0.54020536
6,99,V,0.67305076
6,99,V,0.60305226
6,99,V,0.61151165
6,99,V,0.47934204
6,99,V,0.8423763
6,99,V,0.96603894
6,99,V,0.94840205
6,99,V,0.9282923
6,99,V,0.7809251
6,100,H,-0.118079275
6,100,V,0.47793138
6,100,V,0.3201641
6,100,V,0.2644395
6,100,V,-0.01749484
6,100,V,-0.06902879
6,100,V,-0.028689751
6,100,V,-0.08016816
6,100,V,-0.2244629
6,100,V,-0.38945273
6,101,H,-1.0
6,101,H,-1.0
6,101,H,-1.0
6,101,H,-1.0
6,102,H,-0.16470355
6,102,H,-0.21822146
6,102,H,-0.30293915
6,102,V,-0.82363725
6,102,V,-0.578983
6,102,V,-0.58625615
6,102,V,-0.7146868
6,103,H,-1.0
6,103,H,-1.0
6,103,V,1.0
6,104,H,1.0
6,104,H,1.0
6,104,H,-0.37555987
6,104,V,-0.2328528
6,104,V,-0.9930691
6,104,V,-0.98942024
6,105,H,-0.2133442
6,105,H,-0.13078368
6,105,H,-0.20310232
6,105,H,-0.007221393
6,105,H,-0.057008203
6,105,H,-0.24732336
6,106,H,0.22643358
6,106,H,0.21120115
6,106,H,0.2090532
6,106,H,0.13739571
6,106,H,0.036911976
6,106,H,0.012856789
6,106,H,0.021153588
6,106,H,-0.18444921
6,106,H,0.13242495
6,106,H,0.01071347
6,106,H,0.024121288
6,106,H,0.021796988
6,106,H,-0.1670632
6,106,H,-0.13028319
6,106,H,-0.12864612
6,106,H,-0.095976256
6,106,V,-0.06865624
6,106,V,-0.0125364605
6,106,V,-0.037565265
6,106,V,0.21586084
6,106,V,0.026059514
6,106,V,0.034325875
6,106,V,0.0658531
6,106,V,0.04236644
6,106,V,0.04029175
6,106,V,0.044354584
6,106,V,0.10769239
6,106,V,0.109195456
6,106,V,0.16368398
6,107,H,0.9997166
6,107,H,-1.0
6,107,H,1.0
6,107,H,-1.0
6,107,H,1.0
6,107,H,-1.0
6,107,H,1.0
6,107,H,-0.99560106
6,107,V,1.0
6,107,V,-0.89429796
6,107,V,1.0
6,107,V,-0.9804869
6,107,V,1.0
6,107,V,-0.9872015
6,107,V,1.0
6,107,V,-0.98144937
6,108,H,-0.47241557
6,108,H,-0.24657747
6,108,H,0.47190452
6,108,H,0.42509618
6,108,H,0.4617202
6,108,V,-0.965391
6,108,V,-0.4159227
6,108,V,-0.9571499
6,108,V,-0.41282162
6,108,V,-0.9785614
6,108,V,-0.37911126
6,109,H,0.8581691
6,109,H,0.891654
6,109,H,0.96461445
6,109,H,0.3590836
6,109,H,0.5304241
6,109,H,0.53452134
6,109,H,0.951355
6,109,H,0.5401226
6,109,H,0.42107195
6,109,H,0.5706663
6,109,H,0.9564427
6,109,V,-0.9943883
6,110,H,0.29570973
6,110,V,-0.09128765
6,110,V,-0.24019036
6,110,V,-0.097479746
6,110,V,-0.20054221
6,111,H,-0.23274776
6,111,V,-0.30681184
6,111,V,-0.46461228
6,112,H,-0.97942454
6,112,H,-0.7191674
6,112,H,-0.741321
6,112,H,-0.491369
6,112,H,-0.961635
6,112,H,-0.30649745
6,112,H,-0.70810914
6,112,H,-0.3578875
6,112,H,-0.9803654
6,112,H,-0.32635882
6,112,H,-0.38947386
6,112,H,-0.51797116
6,112,H,-0.8205333
6,112,H,-0.2042793
6,112,H,-0.14331166
6,112,H,-0.37893337
6,112,V,0.43936607
6,112,V,0.5601771
6,112,V,0.5501963
6,112,V,0.31436598
6,112,V,0.30133143
6,112,V,0.32072827
6,112,V,0.29901722
6,112,V,0.17670457
6,112,V,0.2391149
6,112,V,0.3546531
6,112,V,-0.008942184
6,112,V,-0.0012324633
6,113,H,0.6432363
6,113,H,0.29577368
6,113,H,0.23880577
6,113,H,0.2844801
6,113,H,0.045594063
6,113,H,-0.0036697893
6,113,V,0.20517582
6,113,V,-0.026044514
6,113,V,0.16024366
6,113,V,-0.022515189
6,113,V,0.34020457
6,114,V,-1.0
6,114,V,0.4645806
6,114,V,1.0
6,115,H,-0.053277574
6,115,H,-0.0020191707
6,115,H,-0.015300818
6,115,H,-0.0071501317
6,115,H,0.03527957
6,115,H,-0.01687971
6,115,H,0.004303724
6,115,H,0.019795878
6,115,H,0.004084927
6,115,H,0.044896364
6,115,H,-0.118089154
6,115,H,-0.092533946
6,115,V,-0.047157794
6,115,V,-0.041754022
6,116,H,-0.25723758
6,116,H,-0.27622497
6,116,H,0.08771376
6,116,H,0.22695772
6,116,H,-0.33744246
6,116,H,0.15093307
6,116,H,0.23648839
6,116,H,0.16495864
6,116,H,-0.029834755
6,116,H,0.14589252
6,116,H,0.22472483
6,116,H,-0.099181876
6,116,V,-0.31650212
6,116,V,0.20018889
6,116,V,-0.38000137
6,116,V,-0.02782396
6,116,V,0.2018246
6,116,V,-0.15588003
6,116,V,-0.109239444
6,116,V,-0.10684651
6,116,V,0.2738828
6,116,V,-0.5150793
6,116,V,-0.22257808
6,117,H,-0.95808756
6,117,H,-0.9736251
6,117,H,-0.97060525
6,117,H,-0.9427029
6,117,V,-1.0
6,117,V,-1.0
6,117,V,-1.0
6,117,V,-1.0
6,118,H,-0.041212555
6,118,H,0.18349262
6,118,H,-0.08552029
6,118,H,-0.013146141
6,118,H,-0.20768858
6,118,H,-0.2988653
6,118,H,-0.22604233
6,118,V,0.49196792
6,119,H,0.1996758
6,119,H,-0.001532704
6,119,H,-0.06410307
6,119,H,-0.07952653
6,119,H,0.04080387
6,119,H,-0.06972613
6,119,H,-0.2463623
6,119,H,-0.111166395
6,119,V,1.0
6,119,V,0.9727104
6,119,V,0.9917912
6,119,V,0.99998
6,120,H,-0.0036526665
6,120,H,-0.10218183
6,120,H,-0.15496612
6,120,H,-0.037872907
6,120,H,-0.023205664
6,120,H,-0.81801206
6,120,H,-0.7182477
6,120,H,-0.66087157
6,120,V,-0.04935951
6,120,V,-0.0123483185
6,120,V,0.017278783
6,120,V,-0.040119164
6,120,V,-0.13676848
6,120,V,0.07154875
6,120,V,0.082326494
6,120,V,0.015096359
6,120,V,0.8073178
6,120,V,0.6313917
6,121,H,0.23087837
6,121,H,0.22867149
6,121,H,0.2503325
6,121,H,0.072071835
6,121,H,-0.02068178
6,121,H,-0.15951708
6,121,H,-0.037778854
6,121,H,0.07729519
6,121,H,-0.076448806
6,121,H,-0.0772675
6,121,H,-0.0791187
6,121,V,-0.021239497
6,121,V,0.11461398
6,121,V,0.070322074
6,121,V,0.38752604
6,122,V,0.14955617
6,122,V,0.2921744
6,122,V,-0.08133025
6,122,V,0.058000207
6,122,V,0.03764523
6,122,V,0.07169549
6,122,V,0.16373484
6,122,V,-0.09137113
6,122,V,-0.10152177
6,122,V,0.007416319
6,123,H,-0.15656728
6,123,H,-0.32246962
6,123,H,-0.16441321
6,123,H,-0.24493326
6,123,H,-0.08005972
6,123,H,-0.06110017
6,123,H,-0.030473335
6,123,H,-0.036970675
6,123,H,0.009926355
6,123,H,-0.10533858
6,123,H,0.012807997
6,124,H,1.0
6,124,H,1.0
6,124,H,1.0
6,124,H,1.0
6,124,H,1.0
6,124,H,1.0
6,124,H,1.0
6,124,H,1.0
6,124,H,1.0
6,124,H,1.0
6,124,V,0.97702277
6,124,V,0.9769508
6,124,V,0.9720497
6,124,V,0.9762564
6,124,V,0.9691829
6,124,V,0.77926075
6,124,V,0.718333
6,125,H,0.76967126
6,125,H,0.81938285
6,125,H,0.6776483
6,125,H,0.6285374
6,125,H,0.36245072
6,125,H,0.5300661
6,125,H,0.5847398
6,125,H,0.43375385
6,125,H,0.12418593
6,125,H,0.5917478
6,125,H,0.6417087
6,125,H,0.54568595
6,125,H,0.31143546
6,126,H,0.9889808
6,126,H,0.99626553
6,126,H,0.98881084
6,126,H,0.9577112
6,126,V,0.008000058
6,126,V,-0.18129554
6,126,V,0.0061436608
6,126,V,-0.025112145
6,126,V,-0.006717658
6,126,V,-0.04883295
6,126,V,0.026511796
6,126,V,0.21875319
6,127,H,0.33065966
6,127,H,0.34559256
6,127,H,0.28451252
6,127,H,0.27014798
6,127,V,0.46190137
6,127,V,0.3608483
6,127,V,-0.21018064
6,128,H,0.9926764
6,128,H,0.9577241
6,128,H,0.9717198
6,128,H,0.9397452
6,128,V,-0.32663387
6,128,V,-0.28737262
6,128,V,-0.2944564
6,128,V,-0.19609307
6,129,V,-0.8871215
6,129,V,-0.07545916
6,129,V,-0.8411694
6,129,V,-0.18275878
6,129,V,-0.8194312
6,129,V,-0.22267851
6,129,V,0.30679256
6,130,H,-0.24624017
6,130,H,-0.22803998
6,130,H,-0.14517991
6,130,H,-0.22854665
6,130,H,-0.62861246
6,130,V,-0.20649038
6,130,V,0.018469593
6,130,V,0.043285236
6,130,V,0.35241592
6,130,V,0.4212539
6,130,V,0.1219659
6,131,H,-0.6521805
6,131,H,-0.5987176
6,131,H,-0.74221784
6,131,H,-0.46527913
6,131,H,-0.47126752
6,131,H,-0.5586888
6,131,H,-0.5276249
6,131,H,-0.43302256
6,131,H,-0.47281525
6,131,H,-0.4754029
6,131,H,-0.50043684
6,131,H,-0.39213148
6,132,H,-0.054539744
6,132,H,0.07531461
6,132,V,-0.6964988
6,132,V,-0.6943274
6,132,V,-0.74698097
6,132,V,-0.8754295
6,133,H,0.03401169
6,133,H,-0.03371053
6,133,H,-0.03649497
6,133,H,-0.0043788883
6,133,H,-0.12054092
6,133,H,0.04211222
6,133,H,-0.09075829
6,133,H,-0.04603974
6,133,H,-0.038764928
6,133,H,-0.087256685
6,133,H,0.03396058
6,133,H,-0.0653102
6,133,H,-0.088520736
6,133,H,-0.0108189685
6,133,H,-0.07745651
6,133,V,0.13382956
6,133,V,0.045664962
6,133,V,-0.013589601
6,133,V,0.09883708
6,133,V,0.0056490456
6,133,V,0.08567505
6,133,V,-0.00807403
6,133,V,0.17539692
6,134,H,0.057727933
6,134,H,0.2433256
6,134,H,0.30554754
6,134,H,0.3766201
6,135,H,0.45014828
6,135,H,0.08958828
6,135,H,0.24685176
6,135,H,0.037174564
6,135,H,-0.40164053
6,135,H,0.47658232
6,135,H,0.11523781
6,135,H,0.21355243
6,135,H,-0.34087288
6,135,H,0.08390292
6,135,H,-0.6298353
6,135,V,0.17488316
6,135,V,-0.1888202
6,135,V,-0.14103864
6,135,V,-0.09875636
6,136,H,1.0
6,136,V,1.0
6,136,V,-1.0
6,137,H,-0.9616591
6,137,H,-0.9415688
6,137,H,-0.94625854
6,137,V,-0.030797055
6,137,V,-0.27772182
6,137,V,-0.25215352
6,137,V,-0.103765875
6,138,H,-0.973896
6,138,H,-0.69306415
6,138,H,-0.73424834
6,138,H,-0.5186082
6,138,H,-0.61334074
6,138,H,-0.9574524
6,138,H,-0.6584527
6,138,H,-0.58331513
6,138,H,-0.5699762
6,138,H,-0.5920327
6,139,H,0.26880872
6,139,H,0.046091314
6,139,H,0.11521296
6,139,H,0.9407424
6,139,H,0.474094
6,139,H,0.55164695
6,139,H,0.2499308
6,139,V,-0.17263581
6,139,V,-0.44340214
6,140,H,-1.0
6,140,H,-0.54390305
6,140,H,-0.5557523
6,140,H,0.73624325
6,140,H,-1.0
6,140,H,-1.0
6,140,H,-1.0
6,140,V,1.0
6,140,V,1.0
6,140,V,0.9984306
6,140,V,0.9696221
6,141,H,0.48483205
6,141,H,0.166057
6,141,H,0.18113877
6,141,H,-0.13004656
6,141,H,0.27778244
6,141,H,-0.024259375
6,141,H,-0.3109628
6,141,H,0.2978682
6,141,H,-0.0009557944
6,141,H,-0.003935625
6,141,H,-0.2852534
6,141,H,0.101517856
6,141,H,-0.16235827
6,141,H,-0.15183926
6,141,H,-0.15290438
6,141,H,-0.38299158
6,141,V,0.36121738
6,141,V,-0.10538462
6,141,V,-0.17724685
6,141,V,-0.20054045
6,141,V,-0.4641446
6,141,V,0.5027031
6,141,V,0.027952613
6,141,V,0.022607883
6,141,V,-0.041172154
6,141,V,-0.25665814
6,141,V,0.49392444
6,141,V,-0.0014166337
6,141,V,0.0661668
6,141,V,0.017396018
6,141,V,-0.24471381
6,141,V,0.6001749
6,141,V,0.19637495
6,141,V,0.2040415
6,141,V,0.1568092
6,141,V,-0.047623087
6,142,H,-0.35485137
6,142,H,-0.13305424
6,142,H,-0.15554646
6,142,H,-0.13481411
6,142,H,-0.017321834
6,142,H,0.1994842
6,142,H,0.12898195
6,142,H,0.25434124
6,142,H,0.10318321
6,142,H,0.19170006
6,142,H,0.20785204
6,142,H,0.12809598
6,142,H,0.18470168
6,142,H,0.14409724
6,142,H,0.15181586
6,142,H,0.39152998
6,142,H,0.29638362
6,142,H,0.3551734
6,142,H,0.30459994
6,142,H,0.44325832
6,142,V,0.32136
6,142,V,0.27332348
6,142,V,0.11986676
6,142,V,0.5561114
6,142,V,0.12335375
6,142,V,-0.0009817828
6,142,V,-0.07923693
6,142,V,-0.006514159
6,142,V,0.024299407
6,142,V,0.032372802
6,142,V,-0.40230283
6,142,V,-0.20165694
6,142,V,-0.10772
6,142,V,-0.10848189
6,142,V,-0.20482847
6,143,V,-0.98788404
6,143,V,-0.19470513
6,143,V,-0.22236331
6,143,V,-0.20909055
6,143,V,-0.4179158
6,143,V,-0.20669626
6,143,V,-0.21801962
6,143,V,-0.19385228
6,143,V,-0.42716613
6,144,H,-1.0
6,144,H,-1.0
6,144,H,-0.19701114
6,144,H,-0.46055868
6,144,H,-1.0
6,144,V,0.84355605
6,145,H,0.14571215
6,145,H,-0.06330928
6,145,H,-0.07298682
6,145,H,0.01440491
6,145,H,0.02666135
6,145,H,-0.030784072
6,145,H,-0.023131752
6,145,H,-0.07831936
6,145,H,0.0019176848
6,145,H,-0.08035141
6,145,H,-0.061767306
6,145,H,-0.058183104
6,145,V,-0.27418908
6,145,V,-0.1751008
6,145,V,-0.1994781
6,145,V,-0.081989005
6,145,V,-0.037281264
6,145,V,-0.02660481
6,145,V,-0.00018611201
6,145,V,0.008164565
6,145,V,-0.075188845
6,145,V,-0.03286581
6,145,V,-0.018312287
6,145,V,-0.02235566
6,145,V,0.0060230386
6,145,V,0.080042504
6,146,H,0.26981416
6,146,H,0.080536395
6,146,H,0.07263711
6,146,H,0.08634928
6,146,H,-0.038544
6,146,H,0.024490472
6,146,H,-0.1131156
6,147,H,0.38257796
6,147,H,0.33213595
6,147,H,0.318741
6,148,H,1.0
6,148,V,1.0
6,148,V,-1.0
6,148,V,-1.0
6,148,V,-0.99991685
6,149,H,0.24066758
6,149,H,0.5219042
6,149,H,-0.04385491
6,149,H,0.031586267
6,149,H,-0.06437309
6,149,H,-0.043076783
6,149,H,-0.17728516
6,149,H,-0.13981353
6,150,H,0.15761264
6,150,H,0.16906327
6,150,H,-0.015934361
6,150,H,-0.021242635
6,150,H,-0.010026731
6,150,H,-0.012485996
6,150,H,-0.09744035
6,150,H,-0.13691735
6,150,V,-0.057735227
6,150,V,-0.0376729
6,150,V,-0.03575846
6,150,V,-0.072712615
6,150,V,-0.048985012
6,150,V,-0.07726996
6,151,H,-1.0
6,151,H,-1.0
6,151,H,-1.0
6,151,H,-1.0
6,151,H,-1.0
6,151,H,-1.0
6,151,H,-1.0
6,151,V,-1.0
6,152,V,-0.23366834
6,152,V,-0.2390584
6,152,V,-0.2245188
6,152,V,-0.26769024
6,153,H,1.0
6,153,H,1.0
6,153,H,-1.0
6,153,H,1.0
6,153,H,-1.0
6,153,H,1.0
6,153,H,-1.0
6,153,V,1.0
6,153,V,-1.0
6,153,V,1.0
6,153,V,-1.0
6,153,V,1.0
6,153,V,-1.0
6,153,V,1.0
6,153,V,-1.0
6,154,V,-0.0044710366
6,154,V,-0.12258601
6,154,V,-0.10685729
6,154,V,0.078670874
6,154,V,-0.024783682
6,154,V,0.87683564
6,154,V,0.5277434
6,155,H,0.019963516
6,155,H,0.26929146
6,155,H,0.03163355
6,155,H,0.16721934
6,155,H,0.15609542
6,155,H,0.16558903
6,155,H,0.16222206
6,155,H,0.20706764
6,155,V,-0.3084493
6,155,V,-0.15859227
6,155,V,-0.2776186
6,155,V,-0.21112473
6,156,H,-0.8862005
6,156,H,-0.9142336
6,156,H,-0.9416413
6,156,H,-0.67121375
6,156,V,0.99989486
6,156,V,0.9999191
6,156,V,0.99919343
6,156,V,0.9992009
6,157,H,1.0
6,157,H,1.0
6,157,H,1.0
6,157,V,-0.010271654
6,157,V,0.010254632
6,157,V,0.1541863
6,157,V,0.0976851
6,157,V,0.070288196
6,157,V,0.029832013
6,157,V,1.0
6,157,V,1.0
6,157,V,0.99840367
6,158,H,-0.6042312
6,158,V,-0.9998538
6,158,V,-0.55378586
6,159,V,-0.35437647
6,159,V,-0.05440025
6,159,V,-0.12850316
6,159,V,-0.45678335
6,159,V,-0.12720878
6,159,V,-0.66029745
6,159,V,-0.47788483
6,159,V,-0.5105986
6,159,V,-0.024184873
6,160,H,0.09125461
6,160,H,-0.029490935
6,160,H,-0.07207372
6,160,H,-0.04796737
6,160,H,-0.1842921
6,160,H,0.10825505
6,160,H,-0.0385766
6,160,H,-0.040723037
6,160,H,-0.04732058
6,160,H,-0.1787936
6,160,V,-0.1625838
6,160,V,0.036612988
6,160,V,0.020195587
6,160,V,0.049843878
6,161,H,0.99821174
6,161,H,1.0
6,161,H,1.0
6,161,H,1.0
6,161,H,1.0
6,161,H,1.0
6,161,H,1.0
6,161,H,1.0
6,161,H,1.0
6,161,H,1.0
6,161,H,1.0
6,161,H,1.0
6,161,H,1.0
6,161,V,0.96231484
6,161,V,0.9956242
6,161,V,0.99944884
6,161,V,0.9964241
6,161,V,0.9979945
6,161,V,0.99678904
6,161,V,0.93460083
6,161,V,0.99535173
6,161,V,1.0
6,161,V,0.9930975
6,161,V,0.9879727
6,162,H,-0.10239046
6,162,H,-0.13127239
6,162,H,0.08215779
6,162,H,-0.32518497
6,162,H,0.09532483
6,162,H,0.076232344
6,162,H,0.06823615
6,162,H,-0.46177953
6,162,H,0.19103833
6,162,H,0.055125035
6,162,H,0.06714109
6,162,H,-0.010284615
6,162,H,0.05830692
6,162,H,0.1608827
6,162,H,-0.093835644
6,163,H,-0.9175371
6,163,H,0.97665876
6,163,H,-0.9951781
6,163,H,-0.9867411
6,163,H,-0.99673665
6,163,H,0.92989856
6,163,V,-0.99731416
6,163,V,0.7835127
6,163,V,-0.9606781
6,163,V,-0.9463472
6,163,V,-0.7899833
6,164,V,-1.0
6,164,V,-1.0
6,164,V,-1.0
6,164,V,-1.0
6,164,V,-1.0
6,165,H,-0.65659505
6,165,V,-0.02490224
6,165,V,0.12359328
6,165,V,0.11079568
6,165,V,0.12990369
6,165,V,0.28160635
6,165,V,0.187964
6,166,V,-0.21365125
6,166,V,-0.23086777
6,166,V,-0.28083694
6,166,V,-0.24206132
6,166,V,-0.13350905
6,166,V,-0.0690189
6,166,V,-0.016153187
6,166,V,-0.058121305
6,166,V,-0.12339285
6,166,V,-0.049832854
6,166,V,0.028650092
6,166,V,-0.06395872
6,166,V,-0.06753815
6,166,V,0.11899676
6,166,V,0.24109352
6,166,V,0.26223302
6,167,H,0.9923779
6,167,H,1.0
6,167,H,1.0
6,167,H,1.0
6,168,H,-0.07136545
6,168,H,-0.0078107957
6,168,H,-0.015897514
6,168,H,-0.00840536
6,168,H,0.00786464
6,168,H,-0.06738877
6,168,H,0.01798901
6,168,H,-0.013148217
6,168,H,0.027752267
6,168,H,0.030766034
6,168,H,-0.06540823
6,168,H,0.002112371
6,168,H,0.019553358
6,168,H,0.007092928
6,168,H,0.031408254
6,168,H,0.013656284
6,168,H,0.05531002
6,168,H,0.056168858
6,168,H,0.06511556
6,168,H,0.053303625
6,169,H,-1.0
6,169,H,-1.0
6,169,H,-1.0
6,169,H,1.0
6,169,H,1.0
6,169,H,1.0
6,169,H,1.0
6,169,H,0.81685585
6,169,V,1.0
6,169,V,1.0
6,169,V,1.0
6,169,V,1.0
6,169,V,0.99157584
6,170,H,0.93559486
6,170,H,0.87030077
6,170,H,0.85403943
6,170,H,0.8216842
6,170,V,1.0
6,170,V,1.0
6,170,V,1.0
6,170,V,1.0
6,171,H,1.0
6,171,H,1.0
6,171,H,1.0
6,171,H,1.0
6,171,V,-0.9350125
6,171,V,-0.9768566
6,171,V,-0.9641619
6,172,V,0.38580078
6,172,V,0.25947097
6,172,V,0.32566056
6,172,V,0.2996793
6,172,V,0.25814274
6,172,V,0.4099744
6,172,V,0.28753787
6,172,V,0.2691155
6,172,V,0.37746596
6,172,V,0.27087626
6,172,V,0.87622845
6,172,V,0.115376905
6,173,H,0.2868922
6,173,H,0.36759812
6,173,H,0.40835005
6,173,H,0.3996081
6,173,V,-0.041283958
6,173,V,0.04957789
6,173,V,0.020361625
6,173,V,-0.63481367
6,173,V,0.04730852
6,173,V,-0.009569125
6,173,V,0.17225945
6,173,V,-0.6158376
6,173,V,0.031202178
6,173,V,-0.04441983
6,173,V,0.1319071
6,173,V,0.08824074
6,174,H,0.004348107
6,174,H,0.030888423
6,174,H,0.043108802
6,174,H,0.33327404
6,174,H,0.30278766
6,174,H,0.44935578
6,174,H,0.32229936
6,174,H,0.38604003
6,174,H,0.46167022
6,174,H,0.5541568
6,174,H,0.71575993
6,174,H,0.74545556
6,174,H,0.8262979
6,174,H,0.9684156
6,174,V,0.033801917
6,174,V,0.036579616
6,174,V,-0.794406
6,174,V,-0.78185946
6,174,V,-0.94345564
6,175,H,-1.0
6,175,V,0.2619001
6,175,V,0.57745564
6,175,V,0.51875806
6,175,V,0.5042083
6,175,V,0.09598527
6,175,V,0.09614377
6,175,V,-0.13814728
6,175,V,-0.54558533
6,175,V,-0.6382854
6,176,H,-0.14648779
6,176,H,-0.17526203
6,176,H,-0.20481029
6,176,H,0.12723655
6,176,H,-0.87093097
6,176,H,-0.163477
6,176,H,-0.21537685
6,176,H,-0.22801027
6,176,H,0.16674341
6,176,H,-0.8918182
6,176,H,-0.1352501
6,176,H,-0.20681596
6,176,H,-0.28801426
6,176,H,0.093915
6,176,H,-0.6418637
6,176,H,-0.14051817
6,176,H,-0.13530122
6,176,H,-0.23879656
6,176,H,0.054490738
6,176,V,0.16934638
6,176,V,0.38633385
6,176,V,0.31068754
6,177,H,0.15189688
6,177,H,0.26227462
6,177,H,0.31036717
6,177,H,0.9693426
6,177,H,0.91449237
6,178,H,0.3624365
6,178,H,0.18264568
6,178,H,0.14602831
6,178,H,0.3669971
6,178,H,-0.18416509
6,178,H,0.3362788
6,178,H,-0.14782469
6,178,H,0.21056765
6,178,H,-0.060392946
6,178,H,-0.4946595
6,178,V,-0.24688251
6,178,V,-0.19183972
6,178,V,-0.28374016
6,178,V,0.40539563
6,178,V,0.0810748
6,178,V,0.014188673
6,178,V,-0.20970578
6,178,V,0.41130307
6,178,V,0.027990492
6,178,V,0.06558578
6,178,V,-0.17391646
6,178,V,0.6499428
6,178,V,0.008718838
6,178,V,0.012640793
6,179,H,0.59937215
6,179,H,0.5597349
6,179,H,0.5340511
6,179,H,0.4400258
6,179,H,0.27861333
6,179,H,0.40625277
6,179,H,0.45456284
6,179,H,0.2356323
6,179,H,0.29826465
6,179,H,0.43030196
6,179,H,0.37477297
6,179,H,0.44671673
6,179,H,0.4045594
6,179,H,0.4918588
6,179,V,-0.26744178
6,179,V,-0.033141203
6,179,V,-0.069703214
6,179,V,-0.0016371715
6,180,H,-0.20557083
6,180,H,-0.18918724
6,180,H,-0.21730618
6,180,H,0.1181571
6,180,H,0.16951501
6,180,H,0.43906575
6,180,H,0.45440724
6,180,V,0.24541496
6,180,V,0.27136612
6,180,V,0.23309572
6,180,V,-0.412262
6,180,V,-0.6346207
6,180,V,-0.4832258
6,181,H,0.18119119
6,181,H,0.2610971
6,181,H,0.25195456
6,181,H,0.23476762
6,181,H,0.18578762
6,181,V,0.0072246473
6,181,V,-0.007450057
6,181,V,-0.0769545
6,181,V,-0.014400214
6,181,V,-0.0089376075
6,181,V,-0.019623721
6,181,V,-0.10432882
6,181,V,-0.04748192
6,182,H,-1.0
6,182,H,-0.9597239
6,182,H,-0.95635533
6,182,H,-0.9773585
6,182,H,-0.19730137
6,182,V,-1.0
6,183,H,-1.0
6,183,H,-1.0
6,183,H,-1.0
6,183,H,-1.0
6,183,H,-1.0
6,183,V,1.0
6,183,V,1.0
6,183,V,1.0
6,183,V,1.0
6,183,V,1.0
6,184,H,-0.1126175
6,184,V,-0.7800497
6,184,V,-0.68384665
6,184,V,-0.7740152
6,184,V,0.029903077
6,184,V,-0.37246087
6,184,V,-0.09017784
6,184,V,0.26991215
6,184,V,-0.41424444
6,184,V,-0.091883056
6,184,V,0.315143
6,185,H,1.0
6,185,H,-0.16297925
6,185,H,0.062143255
6,185,H,-0.60470265
6,185,H,0.3995113
6,185,H,0.049065623
6,185,H,-0.8445428
6,185,H,-1.0
6,186,H,-0.120420046
6,186,H,-0.125947
6,186,H,-0.14526685
6,186,H,-0.11157982
6,186,H,-0.18912645
6,186,V,0.09131255
6,186,V,0.020977747
6,186,V,0.0059870607
6,186,V,-0.004946863
6,187,H,0.054031666
6,187,H,0.5134473
6,187,H,0.4475422
6,187,H,0.7625409
6,187,V,0.2736908
6,187,V,0.6830834
6,187,V,0.73164374
6,187,V,0.81968164
6,187,V,0.9868563
6,188,H,0.6178682
6,188,H,0.59975344
6,188,H,0.607396
6,188,V,0.4861716
6,188,V,0.37550458
6,188,V,0.14000978
6,188,V,0.1631995
6,189,H,-0.9611669
6,189,H,-0.98311436
6,189,H,-0.96698534
6,189,H,-1.0
6,189,V,-0.94220334
6,189,V,-0.9114651
6,189,V,0.032115545
6,189,V,0.031953197
6,189,V,-0.8979667
6,189,V,0.096118726
6,189,V,-0.062455557
6,189,V,-0.8929577
6,189,V,0.3752566
6,190,H,-1.0
6,190,H,-1.0
6,190,H,-1.0
6,190,H,-1.0
6,190,H,-1.0
6,190,H,-1.0
6,190,H,-1.0
6,190,H,-1.0
6,190,H,-1.0
6,190,H,-1.0
6,190,H,-1.0
6,190,H,-1.0
6,190,V,0.12851687
6,190,V,0.24310248
6,190,V,0.14847468
6,190,V,0.24338117
6,190,V,0.1383971
6,190,V,-0.011136933
6,190,V,0.29916713
6,190,V,0.15370595
6,190,V,-0.06012419
6,190,V,0.1512152
6,190,V,0.3437053
6,190,V,0.16097428
6,191,V,0.4384642
6,191,V,0.6797011
6,191,V,0.69043183
6,191,V,0.68392503
6,191,V,0.24970064
6,191,V,0.29975656
6,192,V,0.5692793
6,192,V,0.5767287
6,192,V,0.596899
6,192,V,0.53587687
6,192,V,0.39711845
6,192,V,0.48220828
6,192,V,0.44779223
6,192,V,0.48699063
6,192,V,0.034581047
6,192,V,0.27045074
6,192,V,0.2055894
6,192,V,0.31186426
6,193,H,-0.28477368
6,193,H,-0.976617
6,193,H,-0.98803216
6,193,H,-0.99042165
6,193,H,-0.99332756
6,193,H,0.29228172
6,193,H,0.31711715
6,193,H,0.4660559
6,193,H,0.79063475
6,193,H,0.8042172
6,193,H,0.79165715
6,193,H,0.22036989
6,193,V,0.9920784
6,193,V,-0.5906106
6,193,V,-0.90193284
6,193,V,-0.8297972
6,193,V,-0.74549073
6,194,H,0.67246693
6,194,H,0.29727018
6,194,H,0.3929628
6,194,V,-0.010424971
6,194,V,0.061025806
6,194,V,-0.524679
6,194,V,0.041067295
6,194,V,0.02043756
6,195,H,0.040424805
6,195,H,0.28049445
6,195,H,-0.13795698
6,195,H,0.08631836
6,195,H,-0.037145663
6,195,H,0.048423223
6,195,H,0.15533914
6,195,H,-0.10618166
6,195,H,0.039056048
6,195,H,0.10535949
6,195,H,0.16063729
6,195,H,0.10926491
6,195,H,0.32337278
6,196,H,-0.08965481
6,196,H,-0.14638217
6,196,H,-0.013149032
6,196,H,0.020649455
6,196,H,-0.012867344
6,196,H,0.004019533
6,196,H,0.027471812
6,196,H,0.038946647
6,196,V,-0.035015482
6,196,V,-0.08017488
6,197,H,-0.43646136
6,197,H,-0.4760667
6,197,H,-0.43944868
6,197,H,-0.8351503
6,198,H,-0.5887908
6,198,H,-0.45686397
6,198,H,-0.87078404
6,198,H,-0.84036595
6,198,H,-0.40897486
6,198,V,0.6730726
6,198,V,0.6788009
6,198,V,0.70591205
6,198,V,0.5994407
6,199,H,-0.8499887
6,199,H,-0.8715039
6,199,H,-0.78496075
6,199,H,-0.87370646
6,199,H,-0.31896245
6,200,H,-0.019068522
6,200,H,-0.006824362
6,200,H,0.015940187
6,200,H,0.008177451
6,200,H,-0.0039710803
6,200,H,-0.018705672
6,200,V,-0.118308865
6,200,V,-0.116909064
6,200,V,-0.18372731
6,200,V,0.038260426
6,200,V,0.028439578
6,200,V,0.058054585
6,200,V,0.051593073
6,200,V,0.036194988
6,200,V,0.052473262
6,200,V,0.271913
6,201,V,-0.01831175
6,201,V,-0.007060252
6,201,V,-0.008990819
6,201,V,-0.0051655136
6,201,V,0.026213001
6,201,V,-0.025866708
6,201,V,-0.0030330266
6,201,V,0.009518488
6,201,V,0.003233099
6,201,V,0.01501527
6,202,H,-1.0
6,202,H,-1.0
6,202,H,1.0
6,202,V,1.0
6,202,V,1.0
6,202,V,1.0
6,202,V,-1.0
6,202,V,-1.0
6,203,H,0.32198685
6,203,H,0.27674145
6,203,H,0.6790205
6,203,H,0.3556805
6,203,H,0.67637837
6,203,V,-0.028820947
6,203,V,0.009483033
6,203,V,-0.09672817
6,203,V,0.073689945
6,203,V,0.19779928
6,203,V,0.07678731
6,203,V,0.10852558
6,203,V,0.011807458
6,204,H,0.070403196
6,204,H,0.06365974
6,204,H,-0.15894379
6,204,H,-0.15469632
6,204,H,-0.17447598
6,204,H,-0.15458387
6,204,V,-0.28921038
6,204,V,0.0093571115
6,204,V,0.006961483
6,204,V,0.044082284
6,204,V,0.010262925
6,204,V,0.06713719
6,204,V,0.0015618629
6,205,H,0.22416545
6,205,H,0.089483775
6,205,H,-0.03176434
6,205,H,0.08949577
6,205,H,0.27299583
6,205,H,0.26990724
6,205,H,0.10851419
6,205,H,0.055534407
6,205,H,0.033896636
6,205,H,0.11591329
6,205,H,0.14379965
6,205,H,0.008973176
6,205,H,0.011145319
6,205,H,0.08519799
6,205,H,0.12531288
6,205,H,0.3990935
6,205,H,0.15416385
6,205,H,0.11333561
6,205,H,0.0123381
6,205,H,0.20501846
6,205,V,-0.059060328
6,205,V,0.11241684
6,205,V,0.06990056
6,205,V,-0.064209975
6,205,V,0.03706655
6,205,V,-0.01381706
6,205,V,0.026348365
6,205,V,0.043180704
6,205,V,-0.04471345
6,205,V,0.044316597
6,205,V,-0.008253585
6,205,V,0.03536258
6,205,V,-0.050626144
6,205,V,-0.14567566
6,205,V,-0.1478986
6,206,H,0.34163556
6,206,V,-0.15248944
6,206,V,-0.09304414
6,206,V,-0.10836169
6,206,V,-0.12780914
6,206,V,-0.10425033
6,206,V,-0.10564647
6,206,V,-0.11511203
6,206,V,-0.095129535
6,206,V,-0.056412116
6,206,V,-0.08354632
6,206,V,-0.033520825
6,206,V,0.34793517
6,207,H,0.14967851
6,207,H,0.116604984
6,207,H,0.16405834
6,207,H,0.058370017
6,207,V,-0.08154361
6,207,V,0.14544396
6,207,V,0.120798595
6,207,V,0.39975297
6,208,H,0.4415448
6,208,H,-0.13434342
6,208,H,0.17845856
6,208,H,0.42215523
6,208,H,-0.2920656
6,208,H,0.10126254
6,208,H,-0.18985263
6,208,H,0.5361644
6,208,H,-0.18093221
6,208,H,-0.35479462
6,208,H,-0.18054901
6,208,H,0.1649472
6,208,H,-0.4008087
6,208,H,-0.4505553
6,208,H,-0.5111882
6,208,H,0.36255926
6,208,V,0.19420932
6,208,V,0.16473587
6,208,V,-0.18458462
6,208,V,0.78662896
6,208,V,0.5765713
6,208,V,-0.054131225
6,208,V,-0.112170614
6,208,V,0.8570276
6,208,V,0.19821168
6,208,V,-0.19321615
6,208,V,0.22909619
6,208,V,0.7541171
6,208,V,0.3960485
6,208,V,0.53974855
6,208,V,0.36497948
6,208,V,0.8201359
6,209,V,-0.12389584
6,209,V,-0.04138405
6,209,V,-0.16936572
6,209,V,-0.1134522
6,209,V,-0.36060393
6,209,V,-0.26669148
6,209,V,-0.31650755
6,209,V,-0.37104326
6,209,V,-0.28187123
6,209,V,-0.25507557
6,210,H,-0.14289932
6,210,H,-0.28227577
6,210,H,-0.2025808
6,210,H,-0.050367247
6,210,H,-0.114973515
6,210,H,-0.16147117
6,210,H,0.3069101
6,210,V,0.33465052
6,210,V,0.3462919
6,210,V,0.25909033
6,211,V,-0.52691126
6,211,V,-0.44497445
6,211,V,-0.28143293
6,211,V,-0.36036023
6,212,H,0.4986776
6,212,H,0.67280734
6,212,H,-0.16890046
6,212,H,0.16519801
6,212,H,-0.22606944
6,212,H,0.07036033
6,212,H,-0.22268896
6,212,V,-0.68872005
6,212,V,-0.75032985
6,212,V,-0.9343492
6,212,V,-0.9170076
6,213,H,0.3238192
6,213,H,0.17649317
6,213,H,0.1671662
6,213,H,-0.22136156
6,213,H,-0.07335048
6,213,V,-0.10922842
6,213,V,-0.12842208
6,213,V,-0.122603014
6,213,V,0.08834843
6,214,V,0.037075326
6,214,V,0.04443893
6,214,V,-0.0042995564
6,214,V,-0.030911619
6,214,V,-0.090275906
6,214,V,-0.11423587
6,214,V,-0.07424655
6,214,V,-0.11788748
6,214,V,-0.06153997
6,214,V,-0.1426244
6,214,V,-0.16890803
6,214,V,-0.16591787
6,215,H,-0.342555
6,215,H,-0.46614525
6,215,H,0.12827367
6,215,H,-0.44920495
6,215,H,0.11691483
6,215,H,0.21619092
6,215,H,-0.8490508
6,215,V,-0.8647137
6,215,V,-0.5377138
6,216,H,0.38036835
6,216,H,0.16257225
6,216,H,0.02747186
6,216,H,0.029730322
6,216,H,-0.06440962
6,216,H,0.033788085
6,216,H,0.16886836
6,216,H,-0.0424121
6,216,H,0.0032716154
6,216,H,0.040488046
6,216,H,0.052201416
6,217,V,-0.31546316
6,217,V,-0.20699348
6,217,V,-0.016842421
6,217,V,-0.10389867
6,217,V,-0.03720107
6,217,V,-0.11638126
6,218,H,-0.26829514
6,218,H,-0.4253299
6,218,H,-0.47144154
6,218,H,-0.676576
6,218,V,0.16694152
6,218,V,0.33457136
6,218,V,0.15081789
6,218,V,0.2908902
6,218,V,0.37392294
6,219,H,1.0
6,219,V,1.0
6,219,V,1.0
6,219,V,1.0
6,219,V,1.0
6,219,V,1.0
6,220,H,-0.037276156
6,220,H,0.0010416977
6,220,H,-0.0098780375
6,220,H,0.061899595
6,220,H,0.044979844
6,220,H,0.07044821
6,220,H,0.010508167
6,220,H,0.14278655
6,220,V,-0.26577917
6,220,V,-0.16214432
6,220,V,-0.17902127
6,220,V,-0.16680013
6,221,V,-0.25405106
6,221,V,-0.054539703
6,221,V,-0.07762714
6,221,V,0.043753386
6,221,V,0.041947875
6,221,V,0.020032952
6,221,V,-0.07256456
6,221,V,0.05082355
6,221,V,0.020402303
6,221,V,0.03319502
6,221,V,-0.017549695
6,221,V,0.08236559
6,221,V,0.08624697
6,221,V,0.05900166
6,222,H,-0.24105112
6,222,H,-0.40540484
6,222,V,0.4127248
6,222,V,-0.12212217
6,222,V,-0.43631777
6,223,H,0.33409178
6,223,H,-0.031560764
6,223,H,0.109360114
6,223,H,0.11187211
6,223,H,0.09106837
6,223,H,0.014634819
6,223,H,-0.022438286
6,223,V,0.8423065
6,223,V,0.7963625
6,223,V,0.89425105
6,224,H,-0.99025184
6,224,V,1.0
6,224,V,1.0
6,224,V,0.9999345
6,224,V,0.91079974
6,225,H,0.109573945
6,225,H,0.2518928
6,225,V,0.021992614
6,225,V,0.011232924
6,225,V,-0.051199444
6,225,V,0.053805426
6,225,V,0.04455719
6,225,V,0.045480095
6,225,V,0.053167637
6,225,V,0.2826972
6,225,V,0.13230862
6,226,H,0.054631926
6,226,H,0.20643564
6,226,H,0.21835251
6,226,H,0.23662543
6,226,V,0.2817114
6,226,V,0.24476838
6,226,V,0.27897713
6,226,V,0.2110081
6,226,V,0.12585634
6,227,H,0.13919678
6,227,H,-0.5795711
6,227,H,-0.5835555
6,227,H,-0.3910357
6,227,H,0.61782163
6,227,H,0.57528543
6,227,H,0.72412544
6,227,H,0.6678188
6,227,H,0.8532627
6,227,H,0.79034215
6,227,H,0.717909
6,227,V,0.38525784
6,227,V,0.5454667
6,227,V,0.5822836
6,227,V,0.5630675
6,227,V,0.33455876
6,227,V,0.26686567
6,227,V,0.25741947
6,227,V,0.009681801
6,227,V,-0.5606916
6,227,V,-0.6725801
6,227,V,-0.50448114
6,227,V,-0.5666485
6,228,H,1.0
6,228,H,1.0
6,228,H,1.0
6,228,H,1.0
6,228,V,1.0
6,228,V,1.0
6,228,V,1.0
6,228,V,1.0
6,229,H,0.9236275
6,229,V,-0.07395656
6,229,V,-0.11281722
6,229,V,-0.120417535
6,229,V,-0.18057129
6,230,V,-0.14380938
6,230,V,-0.16947463
6,230,V,-0.13152957
6,230,V,-0.025639951
6,231,H,-0.08902174
6,231,H,-0.06376317
6,231,H,-0.1976093
6,231,H,-0.086326286
6,231,H,0.06502331
6,231,V,-0.027343454
6,231,V,0.013781077
6,231,V,0.076894455
6,231,V,-0.117927596
6,231,V,-0.050692454
6,231,V,0.008652409
6,231,V,0.0809009
6,231,V,0.002356567
6,231,V,0.11801768
6,231,V,-0.34346217
6,231,V,-0.06074769
6,232,V,0.996295
6,232,V,0.9943077
6,232,V,0.91840196
6,233,V,0.7707648
6,234,H,1.0
6,234,H,1.0
6,234,H,-1.0
6,234,V,1.0
6,235,H,-0.2792072
6,235,H,-0.1103883
6,235,H,-0.14565732
6,235,H,-0.05491871
6,235,V,-0.999944
6,235,V,-1.0
6,235,V,-1.0
6,236,H,-1.0
6,236,H,-0.9927898
6,236,H,-0.9980104
6,236,H,-0.9989259
6,236,V,0.97729874
6,236,V,0.92251825
6,236,V,0.66738135
6,237,H,-0.06880792
6,237,H,0.072665334
6,237,V,0.7630735
6,237,V,-0.10199807
6,237,V,0.05393079
6,237,V,0.056376707
6,237,V,-0.22588386
6,237,V,-0.118451886
6,237,V,-0.10139338
6,237,V,0.52672225
6,237,V,-0.23915581
6,237,V,-0.16815005
6,237,V,-0.15470259
6,237,V,0.2956374
6,237,V,-0.27054834
6,237,V,-0.45757177
6,237,V,-0.35208926
6,238,H,-1.0
6,238,H,-1.0
6,238,H,-1.0
6,238,H,-1.0
6,238,V,-1.0
6,238,V,-1.0
6,238,V,-1.0
6,238,V,-1.0
6,239,V,-0.77905524
6,239,V,-0.3616488
6,239,V,-0.046194956
6,239,V,-0.1517555
6,239,V,-0.041875165
6,239,V,-0.34186548
6,239,V,-0.0852121
6,239,V,-0.19211352
6,239,V,-0.0901737
6,240,H,0.332373
6,240,H,0.022830479
6,240,H,-0.026797703
6,240,H,0.042654365
6,240,H,0.056754798
6,240,H,-0.034503747
6,240,H,-0.06419047
6,240,V,-0.59887
6,240,V,-0.71057194
6,240,V,-0.47382158
6,240,V,-0.1753894
6,240,V,-0.19081482
6,241,V,0.042791504
6,241,V,0.049479682
6,241,V,0.032940738
6,241,V,0.32785273
6,242,H,-0.031911455
6,242,H,-0.047069233
6,242,H,-0.044745546
6,242,H,-0.0004221083
6,242,H,-0.028167315
6,242,V,0.094696194
6,242,V,0.10732805
6,242,V,0.105808735
6,242,V,0.09644911
6,243,H,0.525194
6,243,H,-0.99998814
6,243,H,0.9101447
6,243,H,0.9313414
6,243,V,0.8523615
6,243,V,-0.8477976
6,243,V,0.8071618
6,243,V,-0.9438614
6,243,V,0.8047185
6,243,V,-0.92143124
6,243,V,0.5464287
6,244,H,-0.095903546
6,244,H,-0.49224958
6,244,H,-0.53009796
6,244,H,-0.39589742
6,244,H,-0.053087045
6,244,H,-0.040154047
6,244,H,-0.07864282
6,244,H,-0.100369416
6,244,H,0.5366882
6,244,H,0.30416223
6,244,H,0.36775312
6,244,H,0.24778035
6,245,V,0.46716607
6,245,V,0.47008494
6,245,V,0.52660155
6,245,V,0.32417026
6,245,V,0.40748024
6,245,V,0.27564788
6,245,V,0.42874822
6,245,V,0.48587784
6,245,V,0.33442107
6,245,V,0.8599374
6,245,V,0.54046893
6,246,H,0.5035371
6,246,H,-0.29106772
6,246,H,-0.17750213
6,246,H,0.66498053
6,246,H,0.33201915
6,246,H,0.57263947
6,246,H,0.43394497
6,246,H,0.3839361
6,246,H,0.7265485
6,246,H,0.56652135
6,246,H,0.7324062
6,246,H,0.7933396
6,246,V,0.9694404
6,246,V,0.86472565
6,246,V,0.8853066
6,246,V,0.8775195
6,247,H,-0.19681391
6,247,H,-0.09242074
6,247,H,-0.018744102
6,247,H,-0.15928613
6,247,V,1.0
6,247,V,1.0
6,247,V,1.0
6,247,V,1.0
6,248,H,0.53728694
6,248,H,0.57417464
6,248,H,0.54280376
6,248,H,-0.006077984
6,248,H,0.08206242
6,248,H,0.17212243
6,248,H,0.078843154
6,248,H,0.1997259
6,248,H,0.07941835
6,248,H,0.04585661
6,248,H,0.14951347
6,248,H,0.19936538
6,248,V,-0.1862511
6,248,V,-0.21315467
6,248,V,-0.25749508
6,248,V,-0.09043115
6,248,V,-0.025316251
6,248,V,-0.058935262
6,248,V,-0.09760192
6,248,V,-0.022457788
6,248,V,-0.06808588
6,248,V,0.3912193
6,249,H,-0.99880224
6,249,H,-0.97548896
6,249,H,-1.0
6,249,V,0.70795494
6,249,V,-0.6275956
6,250,H,-0.40013543
6,250,V,-0.17327093
6,250,V,-0.7738422
6,251,H,-0.16895543
6,251,H,-0.2820648
6,251,H,-0.27451327
6,251,H,-0.27123404
6,251,H,-0.20602001
6,251,V,0.25352252
6,251,V,0.09755257
6,251,V,0.09538853
6,251,V,-0.1398857
6,252,H,0.13432696
6,252,H,0.04627435
6,252,H,0.15924782
6,252,H,0.08845662
6,252,H,0.09734253
6,252,H,0.07200782
6,252,V,-0.29445416
6,252,V,-0.17141736
6,252,V,-0.23093621
6,252,V,-0.013596352
6,252,V,-0.031090338
6,252,V,0.1520069
6,252,V,-0.013654358
6,252,V,-0.053960647
6,252,V,0.16166045
6,252,V,-0.008727793
6,253,H,-0.2941017
6,253,H,-0.0049521555
6,253,H,-0.01078427
6,253,H,0.0112113925
6,253,V,0.07004929
6,253,V,0.094110556
6,253,V,0.09395793
6,254,V,0.76600146
6,254,V,0.6039548
6,254,V,0.6249014
6,254,V,0.74665475
6,255,H,-0.082166724
6,255,H,-0.10370244
6,255,H,-0.13669941
6,255,H,0.074466005
6,255,H,-0.10613331
6,255,H,-0.11587366
6,255,H,-0.13161957
6,255,H,0.04446345
6,255,H,-0.5720122
6,255,V,0.08281467
6,255,V,0.20742491
6,255,V,0.19531514
6,256,H,-0.6085266
6,256,H,0.5521991
6,256,V,0.70241326
6,256,V,0.9309369
6,256,V,0.9466567
6,256,V,0.9837964
6,256,V,-0.33884898
6,256,V,-0.36618695
6,256,V,-0.38907003
6,256,V,-0.3801339
6,256,V,-0.34627292
6,257,H,0.014996467
6,257,H,-0.16851585
6,257,V,-0.31175402
6,257,V,-0.0007427401
6,257,V,-0.123111926
6,258,H,-1.0
6,258,H,-1.0
6,258,H,-1.0
6,258,H,-1.0
6,258,V,1.0
6,258,V,1.0
6,258,V,1.0
6,258,V,0.9985718
6,259,V,-0.14763795
6,259,V,-0.09580794
6,259,V,0.055419832
6,259,V,-0.051430013
6,259,V,0.095180534
6,259,V,0.0063264105
6,259,V,0.15849908
6,260,V,0.065964766
6,260,V,0.16693565
6,260,V,0.16616094
6,260,V,-0.0033442401
6,260,V,-0.11597407
6,260,V,-0.19229586
6,260,V,-0.14161934
6,260,V,-0.10030824
6,260,V,-0.11000434
6,260,V,-0.07405879
6,260,V,-0.31599423
6,260,V,-0.10662417
6,260,V,-0.20721947
6,261,H,0.117701046
6,261,H,0.186746
6,261,H,-0.016445957
6,261,H,0.019276854
6,261,H,0.0016871268
6,261,H,-0.015383132
6,261,H,-0.24533057
6,261,H,-0.26702276
6,261,V,-0.101733826
6,261,V,0.0038968148
6,261,V,-0.04876681
6,261,V,-0.025485178
6,261,V,0.012092525
6,261,V,-0.06931011
6,262,H,-0.98726225
6,262,H,-0.9826463
6,262,H,-0.9770243
6,262,H,-0.97078073
6,262,V,-0.99068534
6,262,V,-1.0
6,262,V,-1.0
6,262,V,-1.0
6,263,H,0.9973791
6,263,H,1.0
6,263,H,1.0
6,263,H,0.9971746
6,263,V,0.69369626
6,263,V,0.65244406
6,263,V,0.6199606
6,263,V,0.83317465
6,264,H,0.078718424
6,264,H,0.14542145
6,264,H,0.20982468
6,264,H,-0.2755369
6,264,V,0.0026404494
6,264,V,0.0774854
6,264,V,0.059686374
6,264,V,0.27161542
6,265,H,0.029499711
6,265,H,0.06471567
6,265,H,-0.14068389
6,265,V,-0.12917109
6,265,V,-0.14509681
6,265,V,-0.09873648
6,265,V,-0.016613469
6,265,V,-0.15759099
6,265,V,-0.14660928
6,265,V,-0.06301179
6,265,V,-0.0013360089
6,265,V,-0.12821902
6,265,V,0.12057953
6,266,H,-0.8070327
6,266,H,-0.97454256
6,266,H,-0.6759806
6,266,V,-0.50301284
6,266,V,-0.53867406
6,266,V,-0.6370192
6,266,V,-0.87448466
6,266,V,-0.5665101
6,266,V,-0.51597315
6,266,V,-0.26649022
6,266,V,0.49730828
6,266,V,-0.051304605
6,266,V,0.30614233
6,266,V,-0.097478226
6,267,H,-0.5370297
6,267,H,0.42304462
6,267,V,0.8179339
6,267,V,0.8465254
6,268,H,0.08428977
6,268,H,0.07276035
6,268,H,0.07781923
6,268,H,0.05052683
6,268,H,-0.008890687
6,268,H,0.056669507
6,268,H,0.07348851
6,268,H,0.063085884
6,268,H,0.063497454
6,268,H,0.006830496
6,268,H,0.09184593
6,268,H,-0.0055298163
6,268,H,-0.012975689
6,268,H,-0.04420575
6,268,H,-0.17344856
6,269,V,-0.07696389
6,269,V,0.034052446
6,269,V,-0.13447444
6,269,V,-0.43982485
6,269,V,-0.35466772
6,269,V,-0.27860513
6,269,V,-0.15575466
6,269,V,-0.5558188
6,269,V,-0.2494003
6,269,V,-0.2297182
6,269,V,-0.26544777
6,269,V,-0.5762069
6,269,V,-0.3248697
6,269,V,-0.363857
6,269,V,-0.2927891
6,269,V,-0.5869332
6,270,H,-1.0
6,270,H,-1.0
6,270,H,-1.0
6,270,H,-1.0
6,270,H,-1.0
6,270,V,0.9938972
6,270,V,1.0
6,270,V,0.9994703
6,270,V,1.0
6,270,V,-0.9444014
6,270,V,-1.0
6,270,V,-1.0
6,270,V,-1.0
6,270,V,-1.0
6,271,H,0.30301726
6,271,H,0.33731875
6,271,H,0.27032527
6,271,H,0.028316492
6,271,H,0.5005106
6,271,H,0.18442732
6,271,V,-0.40182874
6,271,V,-0.5457802
6,271,V,-0.4997837
6,271,V,0.0764097
6,271,V,-0.2608654
6,271,V,-0.4397046
6,271,V,-0.45858386
6,272,V,-0.06388223
6,272,V,-0.24356033
6,272,V,-0.21003424
6,272,V,-0.2021891
6,273,H,0.039237015
6,273,H,0.03049642
6,273,H,0.06169423
6,273,H,-0.017871462
6,273,V,-0.13709411
6,273,V,-0.121912755
6,273,V,-0.09463051
6,273,V,0.014482692
6,274,V,-0.95137346
6,274,V,-0.6429217
6,274,V,-0.58267015
6,274,V,-0.5834045
6,275,H,-0.46789217
6,275,H,0.044582944
6,275,H,0.5813463
6,275,H,0.3328643
6,275,H,0.714512
6,276,H,0.99795866
6,276,H,1.0
6,276,H,1.0
6,276,H,1.0
6,276,H,1.0
6,276,H,1.0
6,276,V,0.6447797
6,276,V,0.5504993
6,276,V,0.5524934
6,276,V,0.8016743
6,277,H,0.4372393
6,277,H,0.32336673
6,277,H,-0.21088089
6,277,H,0.048231803
6,277,H,-0.050198432
6,277,H,-0.16759038
6,277,H,0.061489243
6,277,H,0.06020395
6,277,H,-0.2533134
6,277,V,0.032733332
6,277,V,0.17178345
6,277,V,0.1163756
6,278,H,-0.18123709
6,278,H,0.14017747
6,278,H,0.20887025
6,278,V,0.10196782
6,279,H,-0.86994547
6,279,H,-0.72814417
6,279,H,-0.7388009
6,279,H,-0.62524736
6,279,V,-0.6556972
6,279,V,-0.74452454
6,279,V,-0.70814735
6,279,V,-0.70717555
6,280,H,-0.030784067
6,280,H,-0.13187627
6,280,H,-0.23715714
6,280,H,-0.04789958
6,280,H,-0.0477016
6,280,H,-0.11001576
6,280,H,-0.22171253
6,280,H,-0.3684115
6,280,H,-0.29301208
6,280,H,-0.41195056
6,280,V,-0.13558516
6,280,V,-0.044811357
6,280,V,-0.08715315
6,280,V,0.47522563
6,280,V,0.15272687
6,280,V,0.049349166
6,280,V,0.18494384
6,280,V,0.7304748
6,280,V,0.074387714
6,280,V,0.042515755
6,280,V,0.104366854
6,280,V,0.60286105
6,280,V,0.4201552
6,280,V,0.32056457
6,280,V,0.28595015
6,280,V,0.7210771
6,281,H,1.0
6,281,H,1.0
6,281,H,1.0
6,281,H,1.0
6,281,H,1.0
6,281,H,1.0
6,281,H,1.0
6,281,H,1.0
6,281,V,0.119454466
6,281,V,0.2960626
6,281,V,0.55935025
6,282,H,0.960827
6,282,H,-0.82025576
6,282,H,0.98686475
6,282,V,1.0
6,283,H,0.832252
6,283,H,0.876927
6,283,H,0.8493551
6,283,H,0.931287
6,283,V,0.91424245
6,283,V,0.918997
6,283,V,0.8959888
6,283,V,0.8741855
6,284,H,1.0
6,284,V,0.6810088
6,285,H,0.20920396
6,285,H,0.019891335
6,285,H,0.2699817
6,285,H,0.042988826
6,285,H,0.008836611
6,285,H,0.07499392
6,285,H,-0.12218116
6,285,H,-0.033791985
6,285,H,0.0990207
6,285,H,-0.18015888
6,285,H,0.20307626
6,285,H,0.0164995
6,285,H,-0.0072441446
6,285,H,-0.04220812
6,285,H,-0.08945245
6,285,H,0.027139163
6,285,H,-0.07919046
6,285,H,-0.001492434
6,285,H,0.081760965
6,285,H,-0.01793134
6,286,H,-0.19154608
6,286,H,-0.1524143
6,286,H,-0.26389995
6,286,V,0.18847899
6,286,V,0.22762221
6,286,V,0.44339985
6,286,V,0.45920682
6,286,V,0.036746725
6,286,V,0.12584531
6,286,V,0.16687292
6,287,H,0.97748077
6,287,V,-1.0
6,287,V,-1.0
6,287,V,-1.0
6,287,V,-1.0
6,288,H,0.005865341
6,288,H,-0.017754933
6,288,H,0.030707417
6,288,V,-0.33161807
6,288,V,-0.43282536
6,288,V,-0.376391
6,288,V,-0.38043353
6,289,H,-0.15249947
6,289,H,0.39034238
6,289,H,0.42611378
6,289,H,0.37237242
6,290,H,-0.84604794
6,290,H,0.7781819
6,290,V,-0.5636404
6,290,V,0.2593257
6,290,V,0.31695074
6,290,V,0.31179163
6,290,V,-0.21554005
6,290,V,-1.0
6,290,V,-1.0
6,290,V,-1.0
6,290,V,-1.0
6,291,H,0.504382
6,291,H,-0.08081307
6,291,V,0.2628906
6,291,V,0.13737378
6,291,V,0.042568393
6,292,H,-0.3020599
6,292,H,0.06047135
6,292,H,-0.40297592
6,292,H,0.009449001
6,292,H,-0.36042914
6,292,H,0.0063075945
6,292,H,-0.675805
6,292,H,-0.3988643
6,293,H,1.0
6,293,H,1.0
6,293,H,1.0
6,293,H,1.0
6,293,H,1.0
6,293,H,1.0
6,293,H,1.0
6,293,H,1.0
6,293,H,1.0
6,293,H,1.0
6,293,H,1.0
6,293,H,1.0
6,293,H,1.0
6,293,H,1.0
6,293,V,-1.0
6,293,V,-1.0
6,293,V,-1.0
6,293,V,-1.0
6,293,V,-1.0
6,293,V,-1.0
6,293,V,-1.0
6,293,V,-1.0
6,293,V,-1.0
6,293,V,-1.0
6,293,V,-1.0
6,294,H,-0.31496683
6,294,H,-0.2978246
6,294,H,-0.28628302
6,294,H,-0.46756577
6,295,H,1.0
6,295,V,0.8560667
6,295,V,0.93816996
6,295,V,0.9478462
6,295,V,0.8867651
6,296,H,0.98882097
6,296,H,0.25342998
6,296,H,-0.19357927
6,296,H,0.3057561
6,296,H,-0.17445259
6,296,V,0.77195215
6,296,V,0.74138576
6,296,V,0.7164466
6,297,H,-0.12487265
6,297,H,-0.45889488
6,297,H,-0.026306508
6,297,H,-0.3644787
6,297,H,-0.72653115
6,297,V,0.84828883
6,297,V,0.735123
6,297,V,0.8433278
6,297,V,0.88688534
6,298,V,0.19001132
6,298,V,0.22664572
6,299,H,0.011888101
6,299,H,-0.055471703
6,299,H,-0.037212543
6,299,H,-0.43980965
6,299,V,-0.4442189
6,299,V,-0.46205777
6,299,V,-0.45418015
6,299,V,-0.32258683
6,300,H,0.37686437
6,300,H,0.28611672
6,300,H,0.28811693
6,300,H,0.29938024
6,300,H,0.24655282
6,300,V,0.03716605
6,300,V,-0.0045918915
6,300,V,-0.054534838
6,300,V,-0.03048299
6,300,V,-0.058505315
6,300,V,-0.072704636
6,300,V,-0.025267508
6,300,V,-0.031607583
6,300,V,-0.071510516
6,300,V,-0.18703243
6,300,V,-0.13017264
6,300,V,-0.18665443
6,301,H,0.10217091
6,301,H,-0.011190508
6,301,H,-0.0828672
6,301,H,-0.03911358
6,301,H,-0.039835617
6,301,H,-0.033511914
6,301,H,-0.0808122
6,302,H,-0.95655805
6,302,H,-1.0
6,302,H,-1.0
6,302,V,-0.97363204
6,302,V,-0.98381215
6,302,V,-0.9783794
6,303,H,-0.46090358
6,303,H,-0.33468127
6,303,H,-0.33378145
6,303,H,-0.20320845
6,303,H,-0.02118377
6,303,V,-0.13779396
6,303,V,0.3039988
6,303,V,-0.6737837
6,303,V,-0.6037515
6,303,V,-0.51891136
6,304,H,-0.9748631
6,304,H,-1.0
6,304,H,-1.0
6,304,H,-1.0
6,304,H,-0.9999371
6,304,V,0.30355617
6,304,V,-0.50828123
6,305,H,-0.9145176
6,305,H,-0.6406675
6,305,H,-0.8079353
6,305,H,-0.11047759
6,305,H,-0.9140559
6,305,H,-0.6788613
6,305,H,-0.70750886
6,305,H,-0.12083204
6,305,H,-0.8952631
6,305,H,0.19747624
6,306,H,0.080067754
6,306,H,0.04964617
6,306,H,0.04991945
6,306,H,-0.03548954
6,306,V,-0.7514831
6,307,H,0.10699406
6,307,H,0.86657774
6,307,H,0.88116384
6,307,H,0.9515426
6,308,H,-0.5134343
6,308,H,-0.40757594
6,308,H,-0.5938889
6,308,H,-0.5872834
6,308,H,-0.48493
6,308,H,-0.31816027
6,308,H,-0.5180283
6,308,H,-0.6496281
6,308,H,-0.507588
6,308,H,-0.43815455
6,308,H,-0.35229832
6,308,H,-0.3425949
6,308,H,-0.36766735
6,308,H,-0.40513065
6,308,H,-0.24231614
6,309,H,-0.027795106
6,309,H,0.040145878
6,309,H,0.011150499
6,309,H,-0.12602732
6,309,H,-0.0104215825
6,309,H,-0.07605153
6,309,V,-0.045615967
6,309,V,-0.041670393
6,309,V,-0.06357591
6,309,V,0.008660628
6,309,V,-0.01338854
6,309,V,-0.0005920856
6,309,V,0.06553927
6,309,V,0.084566645
6,310,H,-0.3426904
6,310,H,-0.06544046
6,310,H,-0.06128572
6,310,H,-0.05173941
6,310,H,-0.321489
6,310,H,-0.050094638
6,310,H,-0.047043193
6,310,H,-0.08583476
6,310,H,-0.4521278
6,310,H,-0.1997406
6,310,H,-0.1347972
6,310,H,-0.1553293
6,310,V,-0.29932368
6,310,V,-0.3623768
6,310,V,-0.13416298
6,310,V,-0.0693785
6,310,V,-0.06931966
6,310,V,0.16769513
6,310,V,-0.058660477
6,310,V,-0.08633884
6,310,V,0.15529205
6,311,H,0.111900166
6,311,H,0.21259928
6,311,H,-0.00032476912
6,311,H,0.28678906
6,311,H,0.07483322
6,311,H,0.22660203
6,311,H,-0.0054507274
6,311,V,0.70678496
6,312,H,0.9123231
6,312,H,0.8132064
6,312,H,0.8470536
6,312,H,0.8277343
6,313,H,-0.03845604
6,313,H,0.045549095
6,313,H,0.059422508
6,313,H,-0.029976685
6,313,H,0.0029286852
6,313,H,0.006067371
6,313,H,0.0068574045
6,313,H,0.018515272
6,313,H,0.008028581
6,313,H,0.03361657
6,313,H,0.048856482
6,313,V,0.1563007
6,313,V,0.07477466
6,313,V,0.10598723
6,313,V,0.066827
6,313,V,0.068640925
6,313,V,0.08565055
6,313,V,0.07966783
6,313,V,0.079023756
6,313,V,0.049208075
6,314,H,0.33770317
6,314,H,0.5178913
6,314,H,0.62956524
6,314,H,0.35338524
6,314,H,0.50902164
6,314,H,0.30677602
6,314,H,0.21358758
6,315,H,-0.871274
6,315,H,-0.7934232
6,315,H,-0.08461932
6,315,H,0.99811375
6,315,V,0.15913528
6,315,V,0.9701328
6,315,V,0.97563714
6,315,V,0.9955144
6,315,V,-0.90315616
6,316,H,-0.120863706
6,316,H,0.080567434
6,316,H,0.044924147
6,316,H,0.06040729
6,316,V,-0.97350454
6,316,V,-0.9754987
6,316,V,-0.96904534
6,316,V,-0.9912582
6,317,H,-0.009791503
6,317,H,0.15878594
6,317,H,0.12253591
6,317,H,0.042934302
6,317,V,0.99427456
6,317,V,0.93739325
6,317,V,0.9192746
6,317,V,0.9518029
6,318,H,-0.4872908
6,318,H,-0.4078123
6,318,H,-0.448136
6,318,H,-0.51044524
6,318,H,-0.49846494
6,318,H,-0.45144263
6,318,H,-0.45132273
6,318,H,-0.39297584
6,318,V,0.4975401
6,318,V,0.27770767
6,318,V,0.40513337
6,318,V,0.37008208
6,318,V,0.25921854
6,318,V,0.48196635
6,318,V,0.34778664
6,318,V,0.3524635
6,318,V,0.35730317
6,318,V,0.7709556
6,318,V,0.5949571
6,318,V,0.43648195
6,318,V,0.18806376
6,319,V,0.12509385
6,319,V,0.15609255
6,319,V,0.15508935
6,319,V,0.2625057
6,319,V,0.2829435
6,320,H,0.08041355
6,320,H,-0.02127426
6,320,H,0.0061859726
6,320,H,0.029090725
6,320,H,0.033200458
6,320,H,-0.018055039
6,320,H,-0.019580185
6,320,H,0.0079157865
6,320,H,-0.072872765
6,320,H,0.027765157
6,320,H,-0.0064886142
6,320,H,-0.021099016
6,320,H,0.0009900398
6,320,H,-0.07127865
6,320,H,-0.1276398
6,320,H,-0.1014904
6,320,H,-0.09671401
6,320,H,-0.11641705
6,320,V,-0.12830421
6,320,V,-0.10132392
6,320,V,-0.09439597
6,320,V,-0.09330045
6,320,V,0.0038231246
6,320,V,-0.026790714
6,320,V,-0.014147686
6,320,V,0.0031135385
6,320,V,-0.14927277
6,320,V,0.0042542093
6,320,V,-0.009735343
6,320,V,-0.01607276
6,320,V,-0.023110202
6,320,V,-0.14230236
6,320,V,0.13722861
6,320,V,0.083639994
6,320,V,0.12377616
6,320,V,0.11908889
6,321,H,-0.10778825
6,321,H,-0.07930222
6,321,H,-0.04115212
6,321,H,-0.08366832
6,321,H,-0.08049835
6,321,H,-0.10653869
6,321,H,-0.14530723
6,321,H,-0.070405334
6,321,H,-0.09920062
6,321,V,0.03668133
6,321,V,0.08006631
6,321,V,0.07769298
6,321,V,0.17437105
6,321,V,0.072022215
6,321,V,0.016333412
6,321,V,0.056764632
6,321,V,0.090135805
6,321,V,0.013851333
6,321,V,0.012758952
6,321,V,0.026863623
6,321,V,0.0019268157
6,322,H,-0.16421399
6,322,H,-0.035080925
6,322,H,-0.09876356
6,322,H,-0.05774889
6,322,H,-0.059461772
6,322,H,0.016983315
6,322,H,-0.08483139
6,322,H,-0.0122880805
6,322,H,-0.053090233
6,322,H,0.25668678
6,322,H,0.18247777
6,322,H,0.23371124
6,322,V,-0.24123141
6,322,V,-0.09447919
6,323,H,-1.0
6,323,H,0.9438457
6,323,H,0.9289919
6,323,V,1.0
6,323,V,1.0
6,323,V,1.0
6,323,V,0.99105847
6,323,V,1.0
6,323,V,0.9916211
6,323,V,0.9873264
6,323,V,0.9946756
6,323,V,0.85789305
6,324,H,0.7536048
6,324,H,0.44130993
6,324,H,0.43015933
6,324,H,0.37037346
6,324,H,-0.16648853
6,324,H,0.6717127
6,324,H,0.084164284
6,324,H,0.16303329
6,324,H,0.15609524
6,324,H,-0.26880974
6,324,H,0.647509
6,324,H,0.1232783
6,324,H,0.14091286
6,324,H,0.10047504
6,324,H,-0.20162365
6,324,H,-0.25481996
6,324,H,-0.18380931
6,324,H,-0.30259234
6,324,H,-0.36713827
6,324,V,-0.8422022
6,324,V,0.05743527
6,324,V,-0.19624686
6,324,V,-0.2928465
6,325,V,-0.33582604
6,325,V,0.03423746
6,325,V,0.010044181
6,325,V,0.055135217
6,325,V,0.05105171
6,325,V,0.11818987
6,325,V,0.0068033575
6,325,V,0.1362829
6,325,V,0.039950777
6,325,V,0.12743212
6,325,V,0.4463736
6,325,V,0.15789323
6,326,H,0.057914525
6,326,H,0.13453394
6,326,H,0.03699525
6,326,H,-0.2789849
6,326,H,0.06537732
6,326,H,0.062489823
6,326,H,0.08430689
6,326,V,0.96388847
6,326,V,0.95371306
6,328,H,0.98967934
6,328,V,0.69569135
6,328,V,0.7458948
6,328,V,0.5825484
6,328,V,0.7304366
6,328,V,-0.06439214
6,329,H,0.7586685
6,329,H,0.6473293
6,329,H,0.83419424
6,329,H,-0.033964857
6,329,H,0.086604394
6,329,H,0.07427993
6,329,H,0.03810362
6,329,V,0.62617767
6,329,V,0.763827
6,330,H,1.0
6,330,H,1.0
6,330,H,1.0
6,330,H,1.0
6,330,H,0.99289143
6,330,V,0.5813345
6,330,V,-0.37310144
6,331,H,-0.8169481
6,331,H,-0.9985938
6,331,H,-0.9974532
6,331,H,0.6907745
6,331,H,0.87972784
6,331,V,0.62644017
6,331,V,0.9903557
6,331,V,-0.25638267
6,332,H,1.0
6,332,H,1.0
6,332,H,1.0
6,332,H,1.0
6,332,V,1.0
6,332,V,1.0
6,332,V,1.0
6,332,V,1.0
6,333,H,-0.5274353
6,333,H,-0.4880418
6,333,H,-0.44207853
6,333,H,-0.5041697
6,333,H,-0.09061312
6,333,H,0.09789915
6,333,H,0.051259566
6,333,H,0.11744993
6,333,H,0.34387663
6,334,H,-0.9877472
6,334,H,-0.9568314
6,334,H,-0.94312537
6,334,H,-0.7339665
6,334,H,-0.6471298
6,334,H,-0.632562
6,334,H,-0.706403
6,335,V,-0.74203855
6,336,V,0.42260316
6,336,V,0.36046267
6,336,V,0.31398654
6,336,V,-0.38352773
6,336,V,-0.81272036
6,337,H,-1.0
6,337,H,-1.0
6,337,H,-1.0
6,337,H,-0.95381737
6,338,H,0.07042904
6,338,H,0.055208858
6,338,H,0.043484416
6,338,H,0.039218985
6,338,H,0.050782323
6,338,H,0.069087476
6,338,H,0.031209437
6,338,H,0.026306199
6,338,H,0.07465216
6,338,H,0.064976335
6,339,V,0.8402582
6,339,V,0.9893306
6,339,V,0.9924824
6,339,V,0.96417403
6,339,V,0.7454771
6,339,V,-0.4836188
6,339,V,-0.90159297
6,339,V,-0.89839244
6,339,V,-0.5395243
6,340,H,-0.064446226
6,340,H,-0.0108762905
6,340,H,0.027271008
6,340,H,0.025232153
6,340,H,-0.009574835
6,340,H,0.02090701
6,340,H,-0.0074262815
6,340,H,-0.0139002595
6,341,H,0.5229891
6,341,H,-0.1761962
6,341,H,-0.09821144
6,341,H,-0.08844406
6,341,H,0.24335486
6,341,V,0.5276431
6,341,V,0.5391476
6,341,V,0.080266014
6,341,V,0.08688656
6,341,V,-0.23931909
6,341,V,-0.57919306
6,342,H,0.44936842
6,342,H,0.0038254072
6,342,H,-0.02988937
6,342,H,-0.28315166
6,342,V,-0.19823831
6,342,V,-0.011464048
6,342,V,0.0004652683
6,342,V,0.003175254
6,342,V,-0.19772887
6,342,V,0.014499192
6,342,V,0.02502125
6,342,V,-0.0048715156
6,343,H,0.69691974
6,343,V,-0.3089982
6,344,H,-0.22425957
6,344,H,-0.49218446
6,344,H,-0.398237
6,344,H,-0.3505024
6,344,H,-0.17169449
6,344,V,0.28297052
6,344,V,0.541576
6,344,V,0.7869908
6,344,V,0.10449914
6,344,V,0.07775635
6,344,V,-0.12796983
6,344,V,-0.23765607
6,345,H,0.50381
6,345,H,0.37410793
6,345,H,0.39120537
6,346,H,0.018780729
6,346,H,0.07341262
6,346,H,0.14920585
6,346,H,0.019055003
6,346,V,-0.08089054
6,346,V,-0.06306373
6,346,V,-0.06622727
6,346,V,-0.07444513
6,347,H,-0.9079778
6,347,H,-0.28931805
6,347,H,-0.22346795
6,347,H,-0.88992155
6,347,H,0.19683939
6,347,H,0.01773722
6,347,H,0.2190778
6,347,H,-0.90325505
6,347,H,-0.038997248
6,347,H,0.10446944
6,347,H,0.32085806
6,347,H,0.6644556
6,348,H,-0.9896223
6,348,H,-1.0
6,348,H,-0.9996803
6,348,V,0.14799315
6,348,V,0.33909974
6,348,V,0.42697895
6,348,V,-0.53505373
6,348,V,-0.31347814
6,348,V,-0.42709923
6,349,H,-0.6750259
6,349,H,-0.66811466
6,349,H,-0.9042634
6,349,V,-0.20871456
6,349,V,-0.25565326
6,349,V,-0.24303252
6,349,V,0.2380808
6,350,H,0.29682267
6,350,H,0.21291874
6,350,H,0.18422021
6,350,H,0.122031756
6,350,H,0.3380216
6,350,H,0.35825157
6,350,H,0.27130574
6,350,H,0.39111048
6,350,H,0.85258156
6,350,H,0.5049945
6,350,H,0.6265699
6,350,H,0.61976343
6,350,V,-0.23538408
6,350,V,-0.35284296
6,350,V,-0.39590648
6,350,V,-0.097970955
6,350,V,-0.31466284
6,350,V,-0.24539098
6,350,V,-0.23529239
6,350,V,-0.29918823
6,350,V,-0.2724675
6,350,V,-0.34163782
6,350,V,-0.4222544
6,350,V,-0.6227988
6,350,V,-0.5485609
6,350,V,-0.8245417
6,351,V,-0.64250773
6,351,V,-0.6628748
6,351,V,-0.66209686
6,351,V,-0.6424465
6,351,V,-0.60513544
6,351,V,-0.6729393
6,351,V,-0.49822146
6,351,V,-0.5784556
6,351,V,-0.661157
6,351,V,-0.6440561
6,351,V,-0.61916155
6,351,V,-0.6450463
6,351,V,-0.481278
6,351,V,-0.75867766
6,351,V,-0.61707836
6,351,V,-0.6420719
6,352,H,-0.34678128
6,352,H,-0.38910693
6,352,H,-0.78694797
6,352,V,-0.9993484
6,352,V,-0.88969517
6,352,V,-0.7993856
6,352,V,-0.9885487
6,353,H,0.2818353
6,353,H,0.29469034
6,353,H,0.075985804
6,353,H,0.05235951
6,353,H,0.13881817
6,353,H,0.15517332
6,353,H,0.05621635
6,353,H,0.067295656
6,353,H,0.116462685
6,353,H,0.23196001
6,353,H,0.12167012
6,353,H,0.08837545
6,353,H,0.12619822
6,353,V,-0.079880096
6,353,V,-0.15047684
6,353,V,0.04787362
6,353,V,0.073696345
6,353,V,0.08876291
6,353,V,0.2273426
6,353,V,0.10332547
6,353,V,0.09502889
6,353,V,0.06810316
6,353,V,0.26112562
6,353,V,0.14731106
6,353,V,0.23111567
6,354,H,-0.4474513
6,354,V,0.006261823
6,354,V,-0.21601962
6,354,V,-0.5138166
6,355,H,-0.20039035
6,355,H,-0.092403755
6,355,H,-0.0047757556
6,355,H,-0.04545775
6,355,H,-0.15361848
6,355,H,0.0006104793
6,355,H,-0.096809834
6,355,H,0.14984775
6,355,H,0.0135364765
6,355,H,-0.10254724
6,355,H,0.0021824464
6,355,H,-0.06027067
6,355,H,0.13399814
6,355,H,0.12778883
6,355,H,0.13658221
6,355,V,0.08325741
6,355,V,-0.06920771
6,355,V,-0.17967394
6,355,V,0.2002105
6,355,V,-0.07313198
6,355,V,-0.025118412
6,355,V,-0.074554704
6,355,V,-0.12620634
6,355,V,0.061181303
6,355,V,0.060248077
6,355,V,0.0943324
6,355,V,-0.14442089
6,355,V,0.008174166
6,356,H,-0.40834782
6,356,H,-0.5058736
6,356,H,-0.47688463
6,356,H,-0.3375556
6,356,V,-0.30770952
6,356,V,0.44365323
6,356,V,-0.47205475
6,356,V,0.45177275
6,356,V,-0.46062487
6,357,H,-0.27412468
6,357,H,-0.36945814
6,357,H,-0.7353367
6,357,H,-0.36455563
6,357,H,-0.9674305
6,357,V,-0.9770799
6,357,V,-0.8487829
6,357,V,-0.83261174
6,358,H,0.17410097
6,358,H,0.58040017
6,358,H,-0.120841555
6,358,H,-0.03781504
6,358,H,-0.10337351
6,358,H,-0.074873224
6,358,V,-0.35244578
6,359,H,-0.9795815
6,359,H,-0.99566555
6,359,V,-0.95152956
6,359,V,-0.7337647
6,359,V,0.09488855
6,359,V,-0.6510714
6,359,V,0.99922484
6,359,V,-0.32134068
6,360,V,0.325256
6,360,V,0.46634963
6,360,V,0.52535015
6,360,V,0.5269507
6,360,V,0.13488963
6,361,H,-0.26612866
6,361,H,0.07014146
6,361,H,0.19691594
6,361,H,0.3619928
6,361,H,0.35985696
6,361,V,-0.10947912
6,361,V,0.1804787
6,361,V,-0.34182966
6,361,V,-0.0325538
6,361,V,-0.27429387
6,361,V,-0.06995956
6,361,V,-0.1046616
6,361,V,-0.26475734
6,361,V,-0.2967947
6,361,V,0.006202475
6,361,V,-0.21420798
6,362,H,0.19388749
6,362,H,0.18645717
6,362,H,-0.056052633
6,362,H,0.16980161
6,362,H,-0.06711225
6,362,H,0.006108632
6,362,H,0.16241649
6,362,H,-0.1331779
6,362,H,0.18122551
6,362,H,-0.17991252
6,362,H,0.04800825
6,362,V,-0.25946957
6,362,V,-0.18720096
6,362,V,-0.29746383
6,362,V,-0.26672173
6,362,V,-0.14524642
6,362,V,-0.31587124
6,362,V,0.025331592
6,363,H,-0.45013633
6,363,H,-0.67883027
6,363,H,-0.54077166
6,363,H,-0.34098235
6,363,H,-0.73264563
6,363,H,-0.38380116
6,363,H,-0.5054547
6,363,H,-0.47497058
6,363,H,-0.5960921
6,363,H,-0.32358417
6,363,H,-0.37273815
6,363,H,-0.4480508
6,363,V,0.991963
6,363,V,1.0
6,363,V,1.0
6,363,V,0.9789525
6,363,V,1.0
6,363,V,1.0
6,363,V,0.8280954
6,363,V,0.84084904
6,363,V,0.93213814
6,364,H,-0.9761814
6,364,H,0.92891735
6,364,H,-0.98158973
6,364,H,0.9446401
6,364,H,-0.97665864
6,364,H,-0.9502662
6,364,V,-0.764275
6,364,V,-0.7960569
6,364,V,-0.7544591
6,365,H,0.31549728
6,365,H,0.30745706
6,365,H,-0.030014377
6,365,H,-0.08666918
6,365,H,0.06625708
6,365,H,-0.0770361
6,365,V,0.99781895
6,365,V,0.9013179
6,365,V,0.95756763
6,365,V,1.0
6,366,H,-0.99992704
6,366,H,-1.0
6,366,H,-1.0
6,366,H,-1.0
6,366,H,-1.0
6,366,H,-0.9985303
6,366,H,-1.0
6,366,V,1.0
6,366,V,1.0
6,366,V,1.0
6,366,V,1.0
6,366,V,1.0
6,366,V,1.0
6,366,V,1.0
6,366,V,0.9988287
6,366,V,0.9971446
6,367,H,0.2967144
6,367,H,0.16362922
6,367,H,0.6528566
6,367,H,0.27069083
6,367,H,0.2038328
6,367,H,0.6443843
6,367,H,0.14355476
6,367,H,0.12485892
6,367,H,0.6693803
6,367,V,0.09771619
6,367,V,0.049700893
6,367,V,0.1239854
6,367,V,0.09555886
6,367,V,0.13193473
6,367,V,0.13197488
6,367,V,0.6256272
6,368,H,0.9969198
6,368,V,-0.18201557
6,368,V,-0.014883542
6,368,V,0.008933564
6,368,V,0.36175278
6,369,H,-0.35855424
6,369,H,0.045627985
6,369,H,-0.26520523
6,369,H,-0.24300581
6,369,H,-0.23997928
6,369,H,-0.40482962
6,369,H,-0.322712
6,369,H,-0.33088532
6,369,H,-0.18274884
6,369,H,-0.23882806
6,369,H,-0.3142656
6,369,H,-0.23146573
6,369,H,-0.159062
6,370,H,-0.037950106
6,370,H,0.11294641
6,370,H,-0.0022963008
6,370,H,0.082168646
6,370,H,0.14496784
6,370,H,0.18947051
6,370,H,0.07773917
6,370,H,0.16463776
6,370,H,0.023917958
6,370,H,0.102334164
6,370,H,0.094859816
6,370,H,0.08491584
6,371,H,-1.0
6,371,H,-1.0
6,371,H,-1.0
6,371,H,-1.0
6,371,H,-1.0
6,371,V,1.0
6,371,V,1.0
6,371,V,1.0
6,371,V,1.0
6,371,V,0.99994165
6,372,V,0.04292186
6,372,V,0.09765621
6,373,H,-0.48855266
6,373,H,-0.6768811
6,373,H,0.5017917
6,373,H,0.60915226
6,373,H,0.58485085
6,373,V,-0.1807083
6,373,V,-0.045731347
6,373,V,-0.0823293
6,373,V,-0.95227605
6,373,V,-0.9810297
6,373,V,-0.94924575
6,374,H,0.71443164
6,374,V,-0.9920819
6,374,V,-0.74911886
6,374,V,-0.750943
6,374,V,-0.7941223
6,375,H,0.9601962
6,375,H,0.9196361
6,375,H,0.97676915
6,375,H,0.7200177
6,375,H,0.98313844
6,375,H,0.75110817
6,375,H,0.6606341
6,375,H,0.9820619
6,375,H,0.5904491
6,375,V,-0.44810462
6,375,V,-0.97431785
6,375,V,-0.54584694
6,376,H,0.42978454
6,376,H,0.41883847
6,376,H,0.4070976
6,376,H,0.21128842
6,376,H,-0.12017135
6,376,H,-0.09379964
6,376,H,-0.1512499
6,376,H,-0.020857947
6,376,H,-0.12324318
6,376,H,-0.15009528
6,376,H,-0.12678567
6,376,H,-0.017305842
6,376,H,-0.44963613
6,376,H,-0.5497805
6,376,H,-0.58436203
6,376,H,-0.15862057
6,376,V,-0.22180144
6,376,V,-0.31153312
6,376,V,-0.2252561
6,376,V,-0.249406
6,376,V,-0.20138516
6,376,V,-0.11542674
6,376,V,0.03607437
6,376,V,0.029357417
6,376,V,0.0108598815
6,376,V,0.11827379
6,376,V,-0.18011859
6,376,V,0.05534141
6,376,V,0.014105298
6,376,V,0.04487311
6,376,V,0.14521973
6,376,V,-0.10818427
6,376,V,0.39661372
6,376,V,0.5335862
6,376,V,0.42553723
6,377,H,-0.5911697
6,377,H,-0.47911143
6,377,H,-0.3500798
6,377,H,-0.3665923
6,377,H,-0.084511794
6,377,H,-0.6281707
6,377,H,0.36744142
6,377,V,0.009103004
6,377,V,-0.20313878
6,378,H,0.36589494
6,378,H,0.38406336
6,378,H,0.4671652
6,378,H,0.3422868
6,378,V,0.56896174
6,379,H,-0.054612342
6,379,H,-0.042097483
6,379,H,-0.025044004
6,379,H,-0.015393381
6,379,H,-0.013014739
6,379,H,-0.08678565
6,379,H,-0.050964825
6,379,H,-0.009990437
6,379,H,-0.004865333
6,379,H,0.016548734
6,379,H,-0.25040457
6,379,H,-0.18804477
6,379,H,-0.20874739
6,379,H,-0.11523395
6,379,V,-0.0108100865
6,379,V,0.00041623783
6,379,V,0.16117033
6,379,V,0.008824915
6,379,V,-0.029676935
6,379,V,0.15307005
6,380,H,-0.3714821
6,380,H,-0.9863839
6,380,H,-0.9988374
6,380,H,-0.9989393
6,380,H,-0.4760251
6,380,H,-1.0
6,380,H,-0.6986564
6,380,H,-0.12166272
6,380,V,0.90687156
6,380,V,0.968929
6,380,V,0.99788284
6,380,V,1.0
6,380,V,0.9976683
6,380,V,1.0
6,380,V,0.79984605
6,380,V,0.9858716
6,380,V,0.9960231
6,380,V,0.6354917
6,380,V,1.0
6,380,V,1.0
6,381,H,0.5388293
6,381,H,0.4120233
6,381,H,0.46678272
6,381,H,0.38633382
6,382,H,1.0
6,382,H,1.0
6,382,H,1.0
6,382,V,-1.0
6,383,H,0.14490797
6,383,H,0.13202825
6,383,H,0.20603529
6,383,H,0.17321728
6,383,H,0.24700892
6,384,H,0.315499
6,384,H,0.5019905
6,384,H,0.551526
6,384,H,0.51577604
6,384,V,-0.56996757
6,384,V,-0.6328697
6,385,H,0.23051012
6,385,H,0.19287595
6,385,H,0.11902139
6,385,H,0.046540163
6,385,H,0.0494077
6,385,H,0.029997408
6,385,H,0.019667974
6,385,H,0.031015769
6,385,H,0.054849587
6,385,H,-0.12432843
6,385,H,-0.1033602
6,385,V,-0.17207865
6,385,V,-0.15958984
6,385,V,-0.1463572
6,385,V,-0.0696663
6,385,V,-0.046929646
6,385,V,-0.034169015
6,385,V,-0.04424233
6,385,V,-0.02893391
6,385,V,-0.02066577
6,385,V,0.039832845
6,385,V,0.050840795
6,385,V,0.08664186
6,386,H,-0.74488664
6,386,H,-0.79739743
6,386,V,-0.29001227
6,386,V,-0.5535183
6,386,V,-0.38605702
6,386,V,-0.2882973
6,386,V,-0.38457096
6,387,V,0.0063525513
6,387,V,-0.026053455
6,387,V,-0.053808138
6,387,V,-0.04421211
6,387,V,-0.022329574
6,387,V,0.009914148
6,387,V,-0.0037744134
6,387,V,0.012754178
6,387,V,-0.0055574677
6,387,V,0.024390602
6,387,V,0.010141713
6,387,V,0.003259108
6,387,V,0.028326577
6,387,V,0.0044740993
6,387,V,0.031539556
6,387,V,-0.01728425
6,387,V,-0.044486154
6,387,V,0.01309207
6,387,V,0.01070866
6,387,V,0.019143105
6,388,H,1.0
6,388,H,1.0
6,388,H,1.0
6,388,H,1.0
6,389,H,0.7337014
6,389,H,-0.9957537
6,389,H,0.7833471
6,389,H,-0.99953383
6,389,V,0.85768497
6,389,V,0.8683932
6,389,V,0.93770957
6,390,V,0.22568582
6,390,V,0.123206005
6,390,V,0.15762964
6,390,V,0.2010729
6,391,H,-0.8591217
6,391,H,-0.884771
6,391,H,-0.8626096
6,391,H,-0.9133699
6,391,V,-0.21236259
6,391,V,-0.08773078
6,391,V,-0.10571011
6,391,V,0.048606705
6,391,V,-0.0018418661
6,391,V,0.031824816
6,391,V,0.124087885
6,391,V,0.06380757
6,392,H,-0.33466694
6,392,H,-0.16768372
6,392,H,-0.081619956
6,392,V,0.49149162
6,392,V,0.5958063
6,392,V,0.58474886
6,392,V,0.5605193
6,392,V,0.05841364
6,392,V,0.30298826
6,392,V,0.52990985
6,392,V,0.34221476
6,392,V,0.5769691
6,392,V,0.12780812
6,392,V,0.40384123
6,392,V,0.51230013
6,392,V,0.37151435
6,392,V,0.5777437
6,392,V,0.2770571
6,392,V,0.5118993
6,392,V,0.49179614
6,392,V,0.9880872
6,393,H,0.031136984
6,393,H,-0.02879922
6,393,H,-0.050329454
6,393,H,-0.02076478
6,393,H,0.042625327
6,393,H,-0.045544803
6,393,H,-0.03142691
6,393,H,-0.052831687
6,393,H,-0.17676681
6,393,H,-0.19100268
6,393,H,-0.24823394
6,393,V,-0.16488391
6,393,V,0.039915714
6,393,V,0.04853804
6,393,V,0.045493245
6,393,V,0.007931342
6,394,H,-0.008607136
6,394,H,0.19382557
6,394,H,-0.20130917
6,394,H,-0.06844443
6,394,H,0.023221543
6,394,H,-0.08359013
6,394,H,-0.14984751
6,394,H,-0.0008870848
6,394,H,0.13665652
6,394,H,-0.047294535
6,394,H,-0.12555638
6,394,H,0.13794538
6,394,V,0.1759679
6,394,V,0.031988658
6,394,V,0.2047335
6,394,V,-0.08638681
6,394,V,0.24936658
6,394,V,-0.060470358
6,394,V,0.11156665
6,394,V,0.35201743
6,394,V,0.008397037
6,394,V,-0.27000505
6,394,V,0.28755036
6,394,V,0.2067893
6,394,V,-0.028554311
6,395,H,-0.4479421
6,395,H,-0.5895553
6,395,H,-0.47713685
6,395,H,-0.62170523
6,395,H,-0.16582642
6,395,H,-0.24528962
6,395,H,-0.14921899
6,395,H,-0.37407467
6,395,H,-0.28830782
6,395,H,-0.245695
6,395,H,-0.38413224
6,395,H,-0.291651
6,396,H,0.08155242
6,396,H,-0.02685111
6,396,H,0.039313048
6,396,H,-0.04646769
6,396,H,-0.09769084
6,396,H,-0.11517925
6,396,H,-0.12461823
6,396,H,0.10778869
6,396,H,-0.09417268
6,396,H,-0.08468359
6,396,H,-0.021118602
6,396,H,-0.036170907
6,397,H,-1.0
6,397,V,0.98894656
6,397,V,0.9362973
6,397,V,0.9193299
6,397,V,0.9289466
6,397,V,0.9536823
6,398,H,-0.06065001
6,398,H,-0.059629478
6,398,H,-0.023608845
6,398,H,-0.021790115
6,398,H,-0.3138905
6,398,V,-0.46492305
6,398,V,0.04774965
6,398,V,-0.02790551
6,398,V,0.09212603
6,398,V,0.031248398
6,398,V,0.20289291
6,398,V,0.17577817
6,398,V,0.22537646
6,399,V,0.047028247
6,399,V,0.24687354
6,399,V,0.34860122
6,399,V,0.13860357
6,400,H,0.8911407
6,400,V,-1.0
6,401,H,0.20337898
6,401,H,0.33462447
6,401,H,0.11896051
6,401,H,0.009848262
6,401,H,0.042992074
6,401,H,-0.01300609
6,401,H,-0.198453
6,401,H,0.0045467764
6,401,H,0.09837574
6,401,H,0.08600109
6,401,H,-0.0060254186
6,401,H,0.07800033
6,401,H,0.07861944
6,401,H,0.24143797
6,401,H,0.15289578
6,401,V,-0.04748097
6,401,V,-0.20514527
6,401,V,-0.03315117
6,401,V,0.20053284
6,401,V,-0.016130527
6,401,V,-0.31170392
6,401,V,0.052057885
6,401,V,0.27166277
6,401,V,0.03379105
6,401,V,-0.15951525
6,401,V,0.13016789
6,401,V,0.1423711
6,401,V,-0.36495593
6,402,H,-0.5597786
6,402,H,-0.17594332
6,402,H,-0.17882985
6,402,H,-0.4119699
6,402,H,-0.37034312
6,402,H,-0.383458
6,402,H,0.8200279
6,402,V,0.2942527
6,402,V,0.34923747
6,402,V,-0.7513188
6,402,V,-0.7417052
6,402,V,-0.77828753
6,402,V,-0.35901943
6,402,V,-0.7146794
6,402,V,0.10100813
6,403,H,1.0
6,403,H,-0.039148364
6,403,H,-0.6359358
6,403,H,-1.0
6,403,H,-1.0
6,403,H,-1.0
6,403,V,1.0
6,404,H,0.35008407
6,404,H,0.5659449
6,404,H,0.4230818
6,404,H,0.24993332
6,404,H,-0.034798883
6,404,H,-0.63805985
6,404,H,-0.14428125
6,404,H,0.1912449
6,404,V,0.37630653
6,404,V,0.5173699
6,404,V,0.5384729
6,404,V,0.37660715
6,404,V,0.55804574
6,404,V,0.53477013
6,404,V,0.53304243
6,404,V,0.39788392
6,404,V,0.5209304
6,404,V,0.761443
6,404,V,0.6524268
6,404,V,0.48267016
6,404,V,0.6154635
6,405,H,-0.9332802
6,405,H,-0.3837519
6,405,H,-0.4185943
6,405,H,-1.0
6,405,H,-1.0
6,405,V,0.47817647
6,405,V,0.7836923
6,405,V,0.99260193
6,405,V,-0.8533593
6,405,V,0.20425607
6,405,V,1.0
6,405,V,-0.8613775
6,405,V,0.2546247
6,405,V,0.9986389
6,405,V,0.85808057
6,406,H,0.98017865
6,406,V,-1.0
6,406,V,-0.9991299
6,406,V,-0.99794704
6,406,V,-0.9128163
6,407,H,1.0
6,407,H,-0.87139183
6,407,H,1.0
6,407,H,1.0
6,407,H,-0.6378486
6,407,V,-0.8779745
6,407,V,-0.8763849
6,407,V,-0.7926118
6,407,V,-0.85193914
6,408,V,0.40284172
6,408,V,0.431685
6,408,V,-0.4941229
6,408,V,-0.40911385
6,408,V,0.06524568
6,408,V,-0.4115903
6,408,V,-0.3428526
6,408,V,-0.18483321
6,409,H,-1.0
6,409,H,-0.9994499
6,409,H,-0.9996578
6,409,H,-0.9996222
6,409,V,1.0
6,409,V,1.0
6,409,V,1.0
6,409,V,1.0
6,410,H,0.9602914
6,410,H,0.9058747
6,410,H,0.98750925
6,410,H,1.0
6,410,H,0.99408317
6,410,H,0.9896287
6,410,H,0.9954995
6,410,H,1.0
6,410,H,1.0
6,411,V,-0.07066343
6,411,V,0.030497678
6,411,V,-0.058970485
6,411,V,-0.012237099
6,411,V,0.0626388
6,411,V,-0.10153928
6,411,V,0.05312149
6,411,V,-0.059397075
6,411,V,-0.15534426
6,411,V,0.007273901
6,411,V,0.032457624
6,411,V,0.14430705
6,411,V,-0.11426715
6,411,V,-0.061527926
6,411,V,-0.06852336
6,412,H,0.8379232
6,412,H,0.8544613
6,412,H,0.89932114
6,412,H,0.8438406
6,413,H,-0.17752182
6,413,H,-0.0026099198
6,413,H,-0.021401431
6,413,H,-0.24098533
6,413,H,-0.011799194
6,413,H,0.008070035
6,413,V,-0.7991614
6,413,V,-0.7360062
6,413,V,-0.79014856
6,413,V,-0.6974379
6,413,V,-0.19347793
6,413,V,-0.16516566
6,413,V,-0.1505125
6,413,V,-0.14691539
6,413,V,-0.1775141
6,413,V,-0.21713297
6,413,V,-0.15142131
6,413,V,-0.14471099
6,413,V,-0.15238328
6,413,V,-0.20692536
6,414,H,0.95711136
6,414,H,-0.9129321
6,414,H,0.9464343
6,414,H,-0.9458347
6,414,H,0.91812545
6,414,H,-0.9088868
6,414,H,0.8667778
6,414,H,-0.87150294
6,414,V,-0.98482907
6,414,V,0.9815541
6,414,V,-0.9625553
6,414,V,0.9659343
6,414,V,-0.95527947
6,414,V,0.994041
6,415,H,-0.9669539
6,415,H,-0.88994867
6,415,H,-0.8609735
6,415,H,-0.6418955
6,415,V,-0.90128803
6,415,V,-0.9756213
6,415,V,-0.9801981
6,415,V,-1.0
6,415,V,-1.0
6,415,V,-0.9799211
6,416,H,0.19901323
6,416,H,-0.38173497
6,416,H,-0.5992857
6,416,H,0.5274652
6,416,H,-0.66507596
6,416,H,0.5100964
6,416,H,-0.6823078
6,416,H,-0.8604331
6,416,V,-0.39466923
6,416,V,-0.7619106
6,416,V,-0.76996416
6,416,V,-0.46366063
6,417,H,-1.0
6,417,H,-1.0
6,417,H,-1.0
6,417,H,-1.0
6,417,V,1.0
6,417,V,1.0
6,417,V,1.0
6,417,V,1.0
6,418,H,0.41591245
6,418,H,0.48959723
6,418,V,-0.21637106
6,418,V,-0.16936885
6,418,V,0.2863113
6,418,V,0.36484027
6,420,H,-1.0
6,420,H,-1.0
6,420,H,-1.0
6,420,H,-1.0
6,420,V,-1.0
6,421,H,-0.024640337
6,421,H,0.13946535
6,421,H,0.11240392
6,421,V,0.34524363
6,421,V,0.53569907
6,421,V,0.75342935
6,421,V,0.68842435
6,421,V,0.7068826
6,421,V,0.34280276
6,421,V,0.21297674
6,422,H,0.025710834
6,422,H,0.025147842
6,422,H,0.007234229
6,422,H,0.06940912
6,422,H,0.032473233
6,422,H,0.00914269
6,422,H,-5.9796814e-05
6,422,H,0.036242686
6,422,H,-0.050671462
6,422,H,0.021768894
6,422,H,0.015512093
6,422,H,0.004857601
6,422,H,0.009091195
6,422,H,-0.050364733
6,422,H,-0.057567798
6,422,H,-0.048207626
6,422,H,-0.0665004
6,422,V,-0.061600532
6,422,V,-0.035832204
6,422,V,-0.036207005
6,422,V,0.027704768
6,422,V,-0.01029793
6,422,V,-0.024206985
6,422,V,-0.0013239904
6,422,V,-0.077410705
6,422,V,0.02870086
6,422,V,-0.003841464
6,422,V,-0.025716253
6,422,V,-0.004200795
6,422,V,-0.077133596
6,422,V,0.03502742
6,422,V,0.018235046
6,422,V,0.015538377
6,423,H,-0.07132606
6,423,H,-0.059168186
6,423,H,-0.0072809616
6,423,H,-0.018605422
6,423,H,-0.06082056
6,423,V,0.15932222
6,423,V,0.22486407
6,423,V,0.2708333
6,423,V,0.2389045
6,423,V,0.29101667
6,423,V,0.11940693
6,423,V,0.16875303
6,423,V,0.1869401
6,423,V,0.19032364
6,423,V,0.29905033
6,423,V,0.11402435
6,423,V,0.19091366
6,423,V,0.18784536
6,423,V,0.17203452
6,423,V,0.2909201
6,424,V,-0.64436406
6,424,V,-0.87687266
6,424,V,-0.8577992
6,424,V,-0.9056735
6,425,H,-0.19065359
6,425,H,-0.261398
6,425,V,-0.19456403
6,425,V,-0.20594905
6,425,V,-0.3730363
6,425,V,-0.45960867
6,425,V,-0.45107564
6,426,H,0.10802731
6,426,H,-0.3330878
6,426,H,-0.1386935
6,426,V,-0.14919324
6,426,V,0.00723899
6,426,V,0.08907999
6,427,H,-1.0
6,427,H,-1.0
6,427,H,-0.9998513
6,427,V,-1.0
6,427,V,-1.0
6,427,V,-1.0
6,427,V,-0.96812207
6,428,H,-0.63714844
6,428,H,-0.4930853
6,428,H,-0.49450463
6,428,H,-0.25070158
6,428,V,0.62768507
6,429,H,-0.99108285
6,429,H,-0.9816285
6,429,H,-0.98032814
6,429,H,-0.9665833
6,429,H,-0.96660864
6,429,V,-0.2228894
6,429,V,-0.08380724
6,429,V,-0.037651617
6,429,V,0.23183315
6,430,V,-0.90773296
6,430,V,-0.8314416
6,430,V,-0.811151
6,430,V,-0.79907405
6,431,H,0.703519
6,431,H,-0.10762099
6,431,H,0.23710535
6,431,H,-0.010689608
6,431,H,0.25747818
6,431,H,-0.055550594
6,431,V,0.4997117
6,431,V,0.5225563
6,432,H,-0.99733263
6,432,H,-0.9994606
6,432,H,-0.9962095
6,432,H,-0.99267703
6,432,V,1.0
6,432,V,1.0
6,432,V,1.0
6,432,V,1.0
6,433,H,1.0
6,433,H,1.0
6,433,H,1.0
6,433,V,0.5004752
6,433,V,0.5389208
6,433,V,0.52258044
6,433,V,0.7871492
6,434,H,-0.26240537
6,434,H,-0.16428272
6,434,H,-0.2677037
6,434,H,-0.097892575
6,434,H,-0.048680253
6,434,H,-0.032052197
6,434,H,-0.0063011125
6,434,H,-0.016866673
6,434,H,-0.07488062
6,434,H,-0.008401775
6,434,H,0.077490814
6,434,H,0.06257198
6,434,V,0.05388419
6,435,H,0.9966824
6,435,H,0.6382505
6,435,H,0.76698744
6,435,H,1.0
6,435,H,0.7920645
6,435,H,1.0
6,435,H,1.0
6,435,V,-0.40539834
6,435,V,-0.42847127
6,435,V,-0.45422512
6,435,V,-0.55558527
6,435,V,-0.44135013
6,435,V,-0.4696753
6,435,V,-0.5783083
6,435,V,-0.7560559
6,435,V,-0.44682565
6,435,V,-0.4964938
6,435,V,-0.45132524
6,435,V,-0.73188037
6,435,V,-0.69498986
6,435,V,-0.5271152
6,435,V,-0.5158965
6,435,V,-0.81417257
6,436,V,0.41761947
6,436,V,0.17456032
6,437,H,-0.12510273
6,437,H,0.19633958
6,437,H,-0.060779892
6,437,H,0.07143779
6,437,H,0.021600122
6,437,H,0.11958307
6,437,H,-0.052790385
6,437,H,0.035926644
6,437,H,0.07483542
6,437,H,0.13618466
6,437,V,0.15872549
6,437,V,0.023532609
6,437,V,0.095979854
6,437,V,0.06977629
6,437,V,0.08621341
6,437,V,0.11256992
6,437,V,0.07994486
6,438,H,-0.81995314
6,438,H,-0.08864968
6,438,H,0.02961691
6,438,H,-0.24488981
6,438,H,0.79096216
6,438,H,-0.048841234
6,438,V,0.4137254
6,438,V,0.36518654
6,438,V,0.19005434
6,438,V,0.36070314
6,438,V,0.8852797
6,439,H,-0.07258697
6,439,H,-0.13501072
6,439,H,-0.96570945
6,439,H,-0.11193229
6,439,H,0.09099976
6,439,H,0.023425076
6,439,H,0.067246735
6,439,H,0.07840629
6,439,H,0.11625888
6,439,V,0.855205
6,439,V,0.7918525
6,439,V,0.8661602
6,439,V,0.761777
6,439,V,0.8972968
6,439,V,0.81485337
6,440,V,-0.2542841
6,440,V,-0.22527356
6,440,V,-0.17508943
6,440,V,0.0063895704
6,440,V,0.01879751
6,440,V,-0.021076707
6,440,V,0.01373731
6,440,V,0.041403107
6,440,V,0.010658184
6,440,V,0.030029329
6,440,V,0.0876494
6,440,V,0.06289503
6,441,H,-0.4325197
6,441,H,-0.59439415
6,441,H,-0.0144209275
6,441,H,-0.0018003401
6,441,H,-0.09585783
6,441,H,0.7600756
6,441,H,0.20425141
6,441,H,0.22127298
6,441,V,0.96915233
6,442,H,0.22190419
6,442,H,0.14663297
6,442,H,-0.0019433715
6,442,H,0.0029865673
6,442,H,0.040227707
6,442,H,0.018973166
6,442,H,-0.14919846
6,442,H,-0.12414835
6,442,H,-0.2589112
6,442,V,0.12666547
6,442,V,0.022954052
6,442,V,-0.0147160515
6,442,V,-7.531826e-05
6,442,V,-0.05767902
6,442,V,0.11690028
6,442,V,-0.0065161414
6,442,V,-0.0145398285
6,442,V,-0.007248439
6,442,V,-0.09172483
6,443,H,-0.38981533
6,443,H,-0.13872764
6,443,H,0.2965765
6,443,H,0.107514486
6,443,H,0.3081604
6,443,H,-0.0010096747
6,443,H,0.21339954
6,443,H,0.2579691
6,443,H,0.27258325
6,443,V,-0.55499697
6,443,V,-0.9085529
6,443,V,-0.97404766
6,444,H,-0.21125707
6,444,H,-0.26949108
6,444,H,-0.24683434
6,444,H,-0.33415622
6,444,V,-0.9839471
6,445,H,0.09778935
6,445,H,-0.31165606
6,445,H,0.39883462
6,445,H,0.45878017
6,445,H,0.3580761
6,446,H,0.99941427
6,446,H,1.0
6,446,H,1.0
6,447,V,0.9048118
6,447,V,0.7119184
6,447,V,0.69892555
6,447,V,0.4774155
6,448,V,0.9810725
6,448,V,0.9676329
6,448,V,0.95799565
6,449,H,0.13909523
6,449,H,0.17891933
6,449,H,-0.090307854
6,449,V,-0.3949719
6,449,V,0.07419797
6,449,V,-0.10829635
6,449,V,-0.07056269
6,449,V,-0.07723708
6,449,V,-0.102040425
6,449,V,0.06990009
6,449,V,-0.09530359
6,449,V,-0.05789282
6,449,V,-0.082183175
6,449,V,-0.0922754
6,450,H,-1.0
6,450,H,-1.0
6,450,H,-1.0
6,450,H,-1.0
6,450,H,-0.9962633
6,450,H,0.9988554
6,450,H,1.0
6,450,H,1.0
6,450,H,1.0
6,450,H,1.0
6,451,H,-0.4000603
6,451,H,-0.07480747
6,451,H,-0.03951806
6,451,H,-0.28803912
6,451,H,-0.056689378
6,451,H,0.024155421
6,451,H,-0.26072416
6,451,H,0.18491733
6,451,H,-0.14874339
6,451,V,0.18657696
6,451,V,-0.110353276
6,451,V,-0.14958881
6,451,V,-0.098174036
6,451,V,-0.17772113
6,451,V,-0.13514651
6,451,V,-0.059626482
6,451,V,-0.2203661
6,451,V,0.04628632
6,451,V,-0.21799934
6,451,V,-0.13787656
6,451,V,-0.16382723
6,451,V,-0.26719132
6,451,V,0.0818356
6,451,V,-0.17183459
6,451,V,-0.3231755
6,452,H,0.13823274
6,452,H,0.1429627
6,452,H,0.13450651
6,452,V,0.29689223
6,452,V,0.30824128
6,452,V,0.20160416
6,452,V,-0.028060004
6,452,V,0.048141833
6,452,V,-0.11298406
6,452,V,-0.07288998
6,453,H,0.91577953
6,453,H,-0.8053197
6,453,H,0.9361232
6,453,H,-0.78323984
6,453,V,0.9547709
6,453,V,-0.95668566
6,453,V,0.95932955
6,453,V,-0.9637602
6,453,V,1.0
6,454,H,0.7288831
6,454,H,-0.08408809
6,454,H,0.03830722
6,454,H,-0.51863086
6,454,V,-0.7368824
6,454,V,-0.34439826
6,454,V,-0.413571
6,454,V,-0.30086628
6,455,H,0.3829241
6,455,H,0.10201671
6,455,H,0.09319514
6,455,H,0.037970793
6,455,H,-0.020487033
6,455,H,0.071279496
6,455,H,0.08363173
6,455,H,0.08567639
6,455,H,0.016300177
6,455,V,-0.0255632
6,455,V,-0.044834282
6,455,V,0.08238787
6,455,V,0.07119629
6,455,V,0.11257954
6,456,H,1.0
6,456,H,1.0
6,456,H,1.0
6,456,H,1.0
6,456,V,1.0
6,456,V,1.0
6,456,V,1.0
6,456,V,0.99646795
6,456,V,-1.0
6,456,V,-1.0
6,457,H,-0.25409088
6,457,H,-0.15512834
6,457,H,-0.14711644
6,457,H,-0.09464372
6,457,H,-0.23828517
6,457,V,0.0033435328
6,457,V,0.03976012
6,458,H,-1.0
6,458,H,-1.0
6,458,H,-1.0
6,458,H,1.0
6,458,V,1.0
6,458,V,1.0
6,458,V,0.9991844
6,458,V,-0.99292594
6,458,V,-1.0
6,458,V,-1.0
6,458,V,-1.0
6,459,V,-0.3811153
6,459,V,-0.46212545
6,459,V,-0.50355464
6,459,V,-0.38603872
6,459,V,-0.5360086
6,459,V,-0.36846557
6,459,V,-0.51549727
6,459,V,-0.46661243
6,459,V,-0.42454073
6,459,V,-0.42287612
6,459,V,-0.6939878
6,459,V,-0.4840649
6,460,H,0.20428477
6,460,H,0.12156214
6,460,H,0.09779933
6,460,H,0.0106936
6,460,H,0.025709344
6,460,H,-0.033396557
6,460,H,0.1842629
6,460,H,-0.023148084
6,460,V,-0.6340829
6,460,V,-0.48051497
6,460,V,-0.31842583
6,460,V,-0.4268967
6,461,H,-0.24452952
6,461,H,0.15027966
6,461,H,0.08552704
6,461,H,0.4267561
6,461,H,-0.29766017
6,461,H,0.081467226
6,461,H,0.13739675
6,461,H,0.5284193
6,461,H,0.71151835
6,461,V,-0.3542429
6,461,V,0.013730268
6,461,V,-0.038225822
6,461,V,0.21603437
6,461,V,-0.34790173
6,461,V,0.12990753
6,461,V,0.11263042
6,461,V,0.46507376
6,461,V,-0.3787648
6,461,V,0.13362764
6,461,V,0.08587993
6,461,V,0.49569798
6,461,V,-0.5200191
6,461,V,-0.07405741
6,461,V,-0.09203195
6,461,V,0.48585948
6,462,H,0.7153984
6,462,H,-0.43682986
6,462,H,0.7306128
6,462,H,-0.56713116
6,462,H,0.78101647
6,462,H,0.049029816
6,462,H,-0.5323856
6,462,H,0.64970255
6,462,H,-0.54817754
6,462,V,-0.8591255
6,462,V,-0.8997779
6,462,V,-0.9136061
6,463,H,-0.8051947
6,463,H,-0.70769846
6,463,H,-0.7079163
6,463,H,-0.40158886
6,463,H,-0.5285206
6,463,H,-0.6311586
6,463,H,-0.83710897
6,463,H,-0.65739465
6,463,H,-0.53092736
6,463,H,-0.69923294
6,463,H,-0.786967
6,463,H,-0.60609275
6,463,H,-0.93784153
6,463,H,-0.8595319
6,463,H,-0.6947257
6,463,V,-0.4326237
6,463,V,0.053573426
6,463,V,0.2955166
6,463,V,-0.066617884
6,463,V,0.12669988
6,463,V,0.16068588
6,463,V,-0.27194917
6,464,H,-0.1998419
6,464,H,-0.015937012
6,464,V,0.1936382
6,464,V,0.24491502
6,464,V,0.33882213
6,464,V,0.3397365
6,464,V,0.30197442
6,465,H,-0.0629908
6,465,H,0.043615643
6,465,H,0.049545858
6,465,H,-0.016580297
6,465,H,0.070304655
6,465,V,-0.11417285
6,465,V,-0.123947725
6,465,V,-0.1601577
6,465,V,-0.1466613
6,465,V,0.028676542
6,466,H,0.99344754
6,466,H,0.99980783
6,466,H,0.9999131
6,466,H,1.0
6,466,H,0.9043439
6,466,H,0.973772
6,466,H,0.99069124
6,466,H,1.0
6,466,H,0.9217719
6,466,H,0.9664339
6,466,H,0.9939183
6,466,H,1.0
6,466,H,0.94125134
6,466,H,0.96891624
6,466,H,0.9999979
6,466,V,-1.0
6,466,V,-1.0
6,466,V,-1.0
6,467,V,0.50814897
6,467,V,0.5945055
6,467,V,0.63755655
6,467,V,0.4755729
6,467,V,0.3596361
6,468,H,-0.24690282
6,468,H,-0.771589
6,468,H,0.14787275
6,468,V,0.30138373
6,468,V,0.29687312
6,468,V,0.105014786
6,468,V,0.7117454
6,468,V,0.20963228
6,468,V,0.77186733
6,468,V,0.8945865
6,469,H,0.8150391
6,469,H,0.525015
6,469,H,0.70222193
6,469,H,0.6285819
6,469,H,0.26477295
6,469,H,0.33000514
6,469,H,0.4336865
6,469,H,0.48560956
6,469,H,0.26603833
6,469,H,0.26149058
6,469,H,0.31340986
6,469,H,0.3522402
6,470,H,-0.08831052
6,470,H,-0.059579827
6,470,H,-0.08314281
6,470,V,-0.25034592
6,470,V,-0.113149196
6,470,V,-0.036621597
6,470,V,0.0304805
6,471,H,0.16036895
6,471,H,0.009810167
6,471,H,0.04624475
6,471,H,-0.010240298
6,471,H,-0.031607583
6,471,H,0.18547466
6,471,H,-0.005859967
6,471,H,0.038439244
6,471,H,0.010087276
6,471,H,-0.025568139
6,471,H,-0.58895975
6,471,V,-0.6188262
6,471,V,-0.67643124
6,471,V,-0.5534391
6,471,V,-0.4620523
6,471,V,0.16773829
6,471,V,0.003976005
6,471,V,0.029675351
6,471,V,-0.0026822584
6,471,V,-0.047289114
6,471,V,0.16452421
6,471,V,0.012267052
6,471,V,0.052461952
6,471,V,0.013524705
6,471,V,-0.046134975
6,471,V,0.34963378
6,471,V,0.41432488
6,471,V,0.370885
6,471,V,0.26554123
6,472,H,0.20664765
6,472,H,0.5267198
6,472,H,0.5677222
6,472,H,0.48497942
6,472,V,-0.806676
6,473,H,0.99638677
6,473,H,0.999241
6,473,H,0.99975234
6,473,H,0.99989384
6,473,H,0.9915768
6,473,V,-0.23299204
6,473,V,-0.13438569
6,473,V,-0.14725174
6,473,V,-0.14060058
6,473,V,-0.02845697
6,474,H,0.97299916
6,474,H,0.59917676
6,474,H,0.088864334
6,474,V,0.47041327
6,474,V,0.52069885
6,474,V,0.33215412
6,474,V,-0.041242365
6,474,V,0.95208853
6,474,V,0.13474733
6,474,V,0.07636705
6,474,V,-0.41612512
6,475,H,-0.4325586
6,475,H,-0.52060336
6,475,H,-0.5711939
6,475,H,-0.36184588
6,475,H,-1.0
6,475,H,-0.99694836
6,475,H,-1.0
6,476,H,-0.97395915
6,476,H,-0.8096282
6,476,H,-0.75127816
6,476,H,-0.8421398
6,476,H,-0.9629145
6,476,H,-0.9507158
6,476,H,-0.56635433
6,476,H,-0.20321383
6,476,H,-0.16066147
6,476,H,-0.3450367
6,476,V,-0.9969589
6,476,V,-1.0
6,477,H,0.9541675
6,477,H,0.064094
6,477,H,0.385631
6,477,H,0.14030299
6,477,H,0.09459489
6,477,V,0.20285258
6,477,V,0.38362592
6,477,V,0.48136953
6,477,V,0.5192191
6,477,V,0.19682477
6,477,V,0.39253762
6,477,V,0.4809193
6,477,V,0.52148825
6,477,V,0.5698569
6,477,V,0.6248194
6,477,V,0.7516561
6,477,V,0.8386177
6,478,H,0.94940895
6,478,H,0.7178516
6,478,H,0.6767751
6,478,H,0.44862694
6,478,V,-1.0
6,478,V,-1.0
6,478,V,-0.9999773
6,479,H,-0.9997095
6,479,H,-0.9977561
6,479,V,-1.0
6,479,V,-1.0
6,479,V,-1.0
6,479,V,-1.0
6,480,H,-0.45829287
6,480,H,-0.35603315
6,480,H,-0.36501887
6,480,H,0.94063497
6,480,H,-0.18253262
6,480,V,-0.30273774
6,480,V,-0.43837133
6,480,V,-0.42386317
6,480,V,-0.48283395
6,481,H,0.07791409
6,481,H,0.019665074
6,481,H,0.038119458
6,481,H,-0.00096089754
6,481,V,0.2383264
6,482,H,0.01887758
6,482,H,0.04822065
6,482,H,-0.10891506
6,482,V,-0.028533373
6,482,V,-0.011998607
6,482,V,-0.01822074
6,482,V,-7.004722e-05
6,482,V,-0.0005310397
6,482,V,-0.02125997
6,482,V,-0.015240592
6,483,H,-0.18225664
6,483,H,-0.12956084
6,483,H,-0.12595795
6,483,H,-0.119923644
6,483,H,-0.0020396505
6,483,H,-0.16578075
6,483,H,-0.15267313
6,483,H,-0.10791745
6,483,H,-0.1031334
6,483,H,0.04089554
6,483,H,-0.64904
6,483,H,-0.7061475
6,483,H,-0.6978892
6,483,V,-0.12328914
6,483,V,-0.1487408
6,483,V,-0.11445408
6,484,H,-0.99080235
6,484,H,-0.96527755
6,484,H,-0.9414681
6,484,V,0.8239885
6,484,V,0.8348566
6,484,V,0.6881411
6,484,V,0.68495363
6,485,H,0.20680547
6,485,H,0.2776654
6,485,H,0.23582423
6,485,H,0.033109475
6,485,H,-0.009778231
6,485,H,0.016592314
6,485,H,-0.005513358
6,485,H,0.028990507
6,485,H,0.052018672
6,485,H,-0.077174366
6,485,V,0.09052204
6,485,V,0.06489582
6,485,V,0.1108378
6,485,V,0.11703348
6,485,V,0.17646009
6,485,V,0.24241342
6,485,V,0.20210199
6,485,V,0.18618913
6,485,V,0.09714688
6,485,V,0.07091317
6,485,V,0.1796465
6,486,H,-0.22312804
6,486,H,-0.19156094
6,486,H,-0.20033029
6,486,H,-0.00019956006
6,486,H,-0.365459
6,486,H,-0.14778742
6,486,H,-0.12080162
6,486,H,-0.04891178
6,486,H,-1.0
6,486,H,-1.0
6,486,V,-0.01813618
6,486,V,0.029311595
6,486,V,0.007301034
6,486,V,0.17719953
6,486,V,0.17246714
6,486,V,0.017923344
6,486,V,1.0
6,487,H,0.84664994
6,487,H,-0.06747792
6,487,H,-0.20882285
6,487,H,-0.21606302
6,487,H,-0.07907813
6,487,H,-0.9494909
6,487,H,-0.97159547
6,487,V,-0.13517089
6,487,V,-0.37491086
6,487,V,0.0035234313
6,487,V,-0.14018717
6,487,V,-0.41723672
6,488,V,-1.0
6,489,H,0.027079916
6,489,H,-0.07560304
6,489,H,-0.19049984
6,489,H,-0.18241358
6,489,H,-0.2795038
6,489,V,0.09560722
6,489,V,0.005261058
6,489,V,-0.10802666
6,489,V,-0.041753985
6,489,V,-0.2843923
6,490,H,0.34416613
6,490,H,0.4881456
6,490,H,-0.044273477
6,490,H,0.1008072
6,490,H,0.036748923
6,490,H,0.1110332
6,490,H,-0.43014973
6,490,H,-0.20697632
6,490,H,-0.051347632
6,490,V,0.16078818
6,490,V,0.050132267
6,490,V,0.14932941
6,490,V,0.16129927
6,490,V,0.19379966
6,490,V,0.44760522
6,491,H,-0.028305782
6,491,H,-0.20359823
6,491,H,-0.02236559
6,491,H,-0.2056111
6,491,H,-0.07080099
6,491,H,-0.32797235
6,491,H,-0.415843
6,491,V,-0.9860012
6,491,V,-0.8660758
6,491,V,-0.6820343
6,491,V,-0.6697981
6,492,H,-0.116852194
6,492,H,0.0047113714
6,492,H,-0.09022657
6,492,H,-0.3817145
6,492,H,-0.08739959
6,492,H,-0.008436921
6,492,H,-0.060444582
6,492,H,-0.05155728
6,492,H,-0.06656854
6,492,H,0.0067993603
6,492,H,-0.1453835
6,492,H,-0.1989178
6,492,H,-0.13145976
6,492,H,0.025538936
6,493,V,0.29899067
6,493,V,0.28522158
6,493,V,0.32370466
6,493,V,8.2578576e-05
6,493,V,0.031444933
6,493,V,-8.580016e-05
6,493,V,0.03665676
6,493,V,0.032496095
6,493,V,0.010050773
6,493,V,-0.2194135
6,493,V,-0.18800442
6,493,V,-0.21531259
6,494,H,1.0
6,494,H,1.0
6,494,V,-1.0
6,495,V,-1.0
6,495,V,1.0
6,496,H,-0.5531378
6,496,H,-0.99921286
6,496,H,-0.9981207
6,496,H,-0.99995804
6,496,H,-1.0
6,496,V,0.9995888
6,496,V,0.9949232
6,496,V,0.9985366
6,497,H,-1.0
6,497,H,-1.0
6,497,H,-1.0
6,497,H,-1.0
6,497,V,-0.11973517
6,497,V,-0.27875364
6,497,V,-0.27657238
6,497,V,-0.17953771
6,498,H,-0.13746284
6,498,H,-0.03721135
6,498,H,0.14793947
6,498,H,0.021072753
6,499,H,0.32937887
6,499,H,0.070471406
6,499,H,0.035357524
6,499,H,0.045998324
6,499,H,0.04607175
6,499,H,0.0203704
6,499,H,0.031394362
6,499,H,0.016599242
6,499,H,0.018986275
6,499,V,0.011774481
6,499,V,0.026840787
6,499,V,0.017517956
6,499,V,0.05394816
6,499,V,0.00711634
6,499,V,-0.02716337
6,499,V,-0.02457399
7,0,H,0.365882
7,0,H,-0.094154164
7,0,H,0.04559364
7,0,H,-0.082473926
7,0,H,-0.012592306
7,0,H,-0.09272963
7,0,H,-0.009648954
7,0,H,-0.23088188
7,0,H,-0.23294926
7,0,H,-0.18157761
7,0,V,0.30782613
7,0,V,0.32148814
7,1,H,-0.5520621
7,1,H,-0.31290334
7,1,H,0.6804829
7,1,H,0.6989157
7,1,H,0.45255855
7,1,H,0.4604213
7,1,V,0.49229968
7,1,V,0.13140972
7,1,V,-0.35140693
7,1,V,-0.25983074
7,1,V,-1.0
7,1,V,-0.34823662
7,1,V,-0.85578173
7,1,V,-0.7156156
7,1,V,-0.3482505
7,2,H,-1.0
7,2,H,1.0
7,2,V,-1.0
7,3,V,0.19711629
7,3,V,0.21413016
7,3,V,0.35856345
7,3,V,0.29146156
7,3,V,0.41724348
7,3,V,0.22260128
7,3,V,-0.05092415
7,3,V,0.21225838
7,4,H,-0.09302803
7,4,H,-0.10778216
7,4,H,-0.0858185
7,4,H,-0.031015059
7,4,H,0.008481657
7,4,H,-0.038843162
7,4,H,-0.09195355
7,4,H,0.033628564
7,4,V,-0.1368026
7,4,V,-0.11097528
7,4,V,-0.20833656
7,4,V,-0.16196916
7,4,V,-0.24487878
7,5,H,-0.06347189
7,5,H,-0.13115573
7,5,H,-0.06852499
7,5,H,0.02854973
7,5,H,0.010101961
7,5,H,-0.121642016
7,5,H,-0.0759986
7,5,H,0.20678557
7,6,H,0.5754141
7,6,H,0.49360898
7,6,H,0.038403176
7,6,H,0.17278245
7,6,H,0.106209345
7,6,H,0.18638618
7,6,H,-0.3586264
7,6,H,-0.118305065
7,6,V,0.7297895
7,6,V,0.83934796
7,6,V,0.9224107
7,6,V,0.97822344
7,7,H,1.0
7,7,V,0.19480006
7,7,V,-0.14167194
7,7,V,-0.112495825
7,7,V,-0.12928076
7,8,H,0.57949114
7,8,H,0.21102606
7,8,H,0.27135292
7,8,H,0.24918243
7,8,H,0.4720458
7,8,H,0.27160183
7,9,H,0.34487775
7,9,H,0.3374986
7,9,H,0.34760147
7,9,H,0.3296103
7,9,H,0.36895666
7,9,V,-0.013355898
7,9,V,-0.077275485
7,9,V,-0.07341252
7,9,V,-0.092610516
7,10,H,0.06784202
7,10,H,0.10495424
7,10,H,-0.01765698
7,10,V,-0.026251508
7,10,V,0.05237047
7,10,V,-0.025988203
7,10,V,0.026628992
7,10,V,0.38094783
7,11,H,0.13832332
7,11,H,-0.067964844
7,11,H,0.015355996
7,11,H,-0.122829705
7,11,H,-0.059787247
7,11,H,0.20622604
7,11,H,-0.14094913
7,11,H,0.0057369974
7,11,H,0.08687367
7,12,H,0.083010234
7,12,H,0.2296373
7,12,H,0.39211187
7,12,H,0.10045874
7,12,H,0.4506892
7,12,H,-0.061733406
7,12,H,-0.0138619905
7,12,H,-0.015631692
7,12,H,-0.049181458
7,12,H,0.027912734
7,12,H,-0.01585033
7,12,H,-0.0665209
7,12,H,0.00499072
7,12,H,0.029585361
7,12,H,0.09135388
7,12,H,-0.37345374
7,12,H,-0.19126868
7,12,H,-0.23505807
7,12,H,-0.045362372
7,12,H,-0.052579876
7,13,H,0.46027154
7,13,H,0.20075913
7,13,H,0.6131559
7,13,H,0.678543
7,13,H,0.3030674
7,13,H,0.4546596
7,13,H,0.36659738
7,13,H,0.41697583
7,13,V,-0.22029565
7,14,H,0.23163648
7,14,H,-0.29188716
7,14,H,0.22218776
7,14,H,-0.34282535
7,14,H,0.27986413
7,14,H,-0.2631464
7,14,H,0.14540532
7,14,H,-0.25242427
7,14,V,0.091972396
7,14,V,-0.1305798
7,14,V,0.2961513
7,14,V,-0.16090515
7,14,V,0.291311
7,14,V,-0.122165225
7,14,V,0.26704156
7,14,V,-0.1043534
7,15,H,-0.06473716
7,15,H,-0.100231215
7,15,H,-0.07528222
7,15,H,-0.18192056
7,15,V,-0.95778126
7,15,V,-0.8347038
7,15,V,-0.82467246
7,16,H,-1.0
7,16,H,-1.0
7,16,H,-1.0
7,16,V,1.0
7,16,V,1.0
7,17,H,-1.0
7,17,H,0.99972427
7,17,H,1.0
7,17,H,1.0
7,17,V,-1.0
7,17,V,-1.0
7,17,V,-1.0
7,17,V,-1.0
7,18,H,-0.5355493
7,18,H,-0.5387218
7,18,H,-0.53378737
7,18,H,-0.7700514
7,18,V,-0.20210777
7,19,H,0.94492847
7,19,H,0.90679616
7,19,H,0.9856969
7,19,H,0.6737112
7,19,H,0.67229486
7,19,H,0.39221466
7,19,H,0.8957796
7,19,H,0.65356743
7,19,H,0.48239756
7,19,H,0.54868823
7,19,H,0.8185556
7,20,H,0.29368585
7,20,H,0.3315542
7,20,H,0.3118529
7,20,H,0.32687798
7,20,H,-0.10476017
7,20,H,-0.021846695
7,20,H,0.022309259
7,20,H,-0.018163407
7,20,H,0.09059564
7,20,H,-0.11916653
7,20,H,-0.0026437212
7,20,H,-0.03714127
7,20,H,-0.0073934323
7,20,H,0.09463415
7,20,H,-0.09453288
7,20,H,-0.09113735
7,20,H,-0.12159131
7,20,H,-0.12771973
7,20,H,-0.0067736665
7,21,H,-0.17208482
7,21,H,-0.16730267
7,21,H,-0.19493331
7,21,H,-0.15185396
7,21,H,-0.14219643
7,22,H,-1.0
7,22,H,-1.0
7,22,H,-1.0
7,22,H,-1.0
7,22,V,1.0
7,22,V,1.0
7,22,V,1.0
7,22,V,1.0
7,23,H,-0.12522264
7,23,H,-0.102829605
7,23,H,-0.17502512
7,23,H,-0.21504833
7,23,H,0.029457226
7,23,H,-0.038430933
7,23,H,-0.21703586
7,23,H,-0.045331333
7,23,H,0.12083205
7,23,H,-0.17626221
7,23,H,-0.08259045
7,23,H,-0.119905144
7,23,H,0.06510506
7,23,H,0.079711616
7,23,H,0.030174525
7,23,H,0.08259342
7,24,H,0.5108919
7,24,H,-0.11364506
7,24,H,-0.082766406
7,24,H,-0.1251431
7,24,H,-0.096705645
7,24,H,-0.08782709
7,24,H,-0.061355084
7,24,H,-0.071450904
7,24,H,-0.056966975
7,24,H,-0.06813437
7,24,H,-0.24107918
7,24,H,-0.15657347
7,24,H,-0.12109232
7,24,V,-0.06438492
7,24,V,-0.07294884
7,24,V,-0.05920008
7,24,V,0.5309758
7,24,V,-0.04327307
7,24,V,-0.012717007
7,24,V,0.035630293
7,24,V,0.4602735
7,24,V,-0.041508935
7,24,V,0.0005163003
7,24,V,-0.026585383
7,24,V,0.45396653
7,24,V,0.0119244205
7,24,V,0.005260903
7,24,V,0.087174185
7,25,H,0.99992985
7,25,H,1.0
7,25,H,1.0
7,25,H,0.99505466
7,25,H,0.98063487
7,25,V,0.048840825
7,25,V,-0.6738131
7,25,V,-0.99987495
7,25,V,-0.9503933
7,25,V,-1.0
7,26,H,0.81136364
7,26,H,0.9342854
7,26,H,0.89009804
7,26,H,0.8890427
7,26,V,0.95422626
7,26,V,0.91556257
7,26,V,0.7748117
7,27,H,-0.10056324
7,27,H,-0.22477499
7,27,H,0.054052383
7,27,H,-0.18528605
7,27,H,0.06705565
7,27,H,-0.39438877
7,28,H,0.22000416
7,28,H,0.21456544
7,28,H,0.4357425
7,28,H,0.67894906
7,28,H,0.61853856
7,28,H,0.6896445
7,28,H,0.73371613
7,28,H,0.6428492
7,28,H,0.6296389
7,28,H,0.7692508
7,28,H,0.78613967
7,28,H,0.7608428
7,29,H,0.40850097
7,29,H,-0.14520307
7,29,H,0.1961496
7,29,H,-0.2757822
7,29,H,0.13488649
7,29,H,-0.18376277
7,29,H,-0.17921579
7,29,H,-0.3330187
7,29,H,-0.14180435
7,29,H,-0.3052383
7,29,H,-0.31081867
7,29,H,-0.34117568
7,29,V,0.13516288
7,29,V,0.054371975
7,29,V,-0.2615691
7,29,V,0.5520834
7,29,V,0.5465737
7,29,V,-0.08998857
7,29,V,-0.14088543
7,29,V,0.69368523
7,29,V,0.15115306
7,29,V,-0.22929633
7,29,V,0.216933
7,29,V,0.51297486
7,29,V,0.11571446
7,29,V,0.34697825
7,29,V,0.14535375
7,29,V,0.43533942
7,30,H,0.0759296
7,30,H,0.1376394
7,30,H,0.12964787
7,30,H,0.12207784
7,30,H,-0.029445123
7,30,H,-0.041223995
7,30,H,0.019591289
7,30,H,-0.01435793
7,30,H,0.11236912
7,30,H,-0.046700448
7,30,H,-0.03133852
7,30,H,-0.031499736
7,30,H,0.00827336
7,30,H,0.15488312
7,30,H,-0.16063832
7,30,H,-0.043835636
7,30,H,-0.015676716
7,30,H,-0.0021099425
7,30,V,-0.111074336
7,30,V,0.024458416
7,30,V,0.005527385
7,30,V,-0.052208267
7,30,V,-0.05686007
7,30,V,0.10441827
7,30,V,0.06728682
7,30,V,0.08184883
7,30,V,-0.03578678
7,30,V,0.0787719
7,30,V,0.073714264
7,30,V,0.085036196
7,30,V,0.061431877
7,30,V,0.16506071
7,30,V,0.13851444
7,31,H,-0.6150061
7,31,V,-0.7756389
7,31,V,-0.091512054
7,31,V,-0.040698435
7,31,V,-0.7311352
7,31,V,-0.09511648
7,31,V,-0.029424299
7,31,V,-0.5650769
7,31,V,-0.120105006
7,31,V,-0.12057362
7,31,V,0.070182554
7,31,V,0.3360784
7,32,V,0.4256864
7,32,V,0.4798455
7,32,V,0.11753219
7,32,V,0.11903827
7,33,H,-0.5838481
7,33,H,-0.13994023
7,33,H,-0.6647406
7,33,H,-0.7214461
7,33,H,-0.24143212
7,33,H,-0.10392307
7,33,V,0.9997147
7,33,V,0.999538
7,33,V,0.99687445
7,33,V,0.9831185
7,34,H,-0.9246359
7,34,H,-0.9101301
7,34,H,-0.62799543
7,34,V,-0.39818
7,34,V,-0.057589553
7,34,V,-0.08856759
7,34,V,-0.23685233
7,35,H,-0.98520535
7,35,H,-0.8240881
7,35,H,-0.9016978
7,35,H,-0.89151746
7,35,H,-0.9992037
7,35,H,-0.952939
7,35,H,-0.9982917
7,35,H,-0.9941171
7,35,H,-1.0
7,35,H,-0.92036986
7,35,H,-0.9962828
7,35,H,-0.9845673
7,35,H,-0.98714125
7,35,H,-0.90169483
7,35,H,-0.98987025
7,35,V,0.7718486
7,36,H,0.5832366
7,36,H,0.5369246
7,36,H,0.43870902
7,36,H,0.44640586
7,36,V,-0.7573567
7,36,V,-0.55366135
7,36,V,-0.44092572
7,36,V,-0.10567344
7,36,V,-0.40231165
7,36,V,-0.10296433
7,36,V,-0.31042445
7,36,V,0.09665454
7,37,H,-0.068145774
7,37,H,-0.16358148
7,37,H,-0.52728474
7,37,H,-0.3231007
7,37,H,-0.34327486
7,37,H,-0.43418303
7,37,H,-0.42098343
7,37,H,-0.32484156
7,37,H,-0.68861425
7,37,H,-0.5612001
7,37,V,-0.110129625
7,37,V,-0.13528456
7,37,V,-0.20933495
7,37,V,-0.10239092
7,37,V,-0.1122364
7,37,V,-0.1596848
7,37,V,-0.040268928
7,37,V,-0.018434357
7,37,V,0.103032775
7,38,H,-0.365231
7,38,H,-0.8426886
7,38,H,-0.887683
7,38,V,0.026618062
7,38,V,-0.067820355
7,38,V,-0.061898813
7,38,V,0.033043396
7,39,H,0.51471585
7,39,H,-0.06749886
7,39,H,0.19132179
7,39,H,-0.03921401
7,39,H,-0.20168409
7,39,H,0.20590807
7,39,H,-0.080505475
7,39,H,-0.18614727
7,39,H,0.037418816
7,39,H,-0.34927306
7,39,H,-0.40781835
7,39,V,0.12008083
7,40,H,-1.0
7,40,H,-1.0
7,40,H,-1.0
7,40,H,-0.9997149
7,40,H,1.0
7,40,H,1.0
7,40,H,1.0
7,40,H,1.0
7,40,H,0.9966241
7,40,V,-1.0
7,40,V,-1.0
7,40,V,-1.0
7,40,V,-1.0
7,41,H,-0.8671003
7,41,H,-0.9581595
7,41,H,-0.94559175
7,42,V,0.16376385
7,42,V,0.13298243
7,42,V,-0.33825412
7,42,V,-0.8862621
7,42,V,-0.88369983
7,43,H,-0.89797544
7,43,H,-0.82443637
7,43,H,-0.8427782
7,43,V,0.31107196
7,43,V,0.4354954
7,43,V,-0.8722342
7,43,V,-0.8758181
7,43,V,-0.7618859
7,43,V,-0.9659376
7,44,H,-1.0
7,44,H,-1.0
7,44,H,-1.0
7,44,H,-1.0
7,44,H,-1.0
7,45,H,-0.27489838
7,45,H,-0.30019176
7,45,H,-0.30653507
7,45,H,0.040843405
7,45,H,-0.0049891607
7,45,H,0.30200344
7,45,H,0.26722756
7,45,H,0.2692144
7,46,H,0.9999272
7,47,H,-0.75688547
7,47,H,0.37638035
7,47,V,-1.0
7,47,V,0.19944513
7,47,V,-1.0
7,47,V,0.31941575
7,48,V,1.0
7,49,H,0.3944684
7,49,H,0.2463791
7,49,H,0.17425728
7,49,H,0.10945364
7,49,H,0.09523956
7,49,H,0.15192725
7,49,V,0.12092418
7,49,V,0.097886026
7,49,V,0.12591572
7,49,V,0.14021416
7,49,V,0.13689667
7,49,V,0.105773635
7,49,V,0.11949049
7,49,V,0.14717567
7,49,V,0.3227432
7,49,V,0.24369581
7,49,V,0.4754498
7,50,H,-1.0
7,51,H,0.31775996
7,51,H,0.22930321
7,51,H,0.22649752
7,51,H,0.05061231
7,51,H,0.030498492
7,51,H,0.03417824
7,51,H,0.086614996
7,51,H,-0.11119659
7,51,H,-0.13475879
7,51,V,-0.45775378
7,51,V,-0.55321044
7,51,V,-0.5847528
7,51,V,-0.5770162
7,51,V,-0.07569706
7,51,V,-0.10217875
7,51,V,-0.09525803
7,51,V,-0.18211204
7,51,V,-0.07660642
7,51,V,-0.09278255
7,51,V,-0.10823169
7,51,V,-0.22811547
7,52,H,-0.027179426
7,52,H,0.1307549
7,52,H,0.06939868
7,52,H,0.10900373
7,52,H,0.16575445
7,52,H,0.10056823
7,53,H,-0.2030432
7,53,H,-0.25672203
7,53,H,-0.3680862
7,53,H,-0.32783145
7,53,H,-0.029963909
7,53,H,-0.026569927
7,53,H,-0.13710327
7,53,H,-0.037075434
7,53,H,-0.091531195
7,53,H,-0.11656497
7,53,H,-0.06913691
7,53,H,-0.033541672
7,53,H,-0.019314967
7,53,H,0.010219819
7,53,H,0.0072569386
7,53,H,-0.09441202
7,53,V,0.021888753
7,53,V,0.02578286
7,53,V,0.064100005
7,53,V,0.079131275
7,53,V,-0.08189835
7,53,V,-0.09187144
7,53,V,-0.031914532
7,53,V,0.006236355
7,53,V,-0.105049446
7,53,V,-0.07725779
7,53,V,-0.03706948
7,53,V,-0.04278817
7,53,V,-0.0077242
7,53,V,-0.0632991
7,53,V,-0.19293247
7,53,V,-0.09142839
7,53,V,-0.100142695
7,53,V,-0.09736824
7,53,V,-0.24338229
7,54,H,0.23090218
7,54,H,0.22773044
7,54,H,-0.038506873
7,54,H,-0.016817313
7,54,H,-0.052851267
7,54,H,-0.052237403
7,54,H,-0.013157278
7,54,H,-0.066313915
7,54,H,-0.30868775
7,54,V,-0.50343806
7,54,V,-0.48135215
7,54,V,-0.10230116
7,54,V,-0.084172964
7,54,V,-0.08401657
7,54,V,-0.084653705
7,54,V,-0.07489631
7,54,V,-0.08795932
7,55,H,-0.4150098
7,55,H,-0.09087856
7,55,H,-0.15230249
7,55,H,-0.09479684
7,55,H,-0.06628883
7,55,H,-0.03398188
7,55,H,-0.05756528
7,55,H,-0.13754568
7,55,H,0.10883912
7,55,H,-0.13453737
7,55,H,-0.1512735
7,55,H,-0.06896416
7,55,H,-0.017642638
7,55,H,-0.07022152
7,55,H,-0.25488046
7,55,H,-0.36257887
7,55,H,0.15020384
7,55,V,0.1681201
7,55,V,0.24682254
7,55,V,0.22609657
7,55,V,0.1785106
7,55,V,0.15973881
7,55,V,-0.13130046
7,55,V,0.027413802
7,55,V,0.06335422
7,55,V,-0.0070527988
7,55,V,-0.031589672
7,55,V,0.10414794
7,55,V,0.08533376
7,55,V,0.044908315
7,55,V,0.0067136777
7,55,V,-0.34989917
7,55,V,-0.010062182
7,55,V,0.33890352
7,55,V,0.1791654
7,55,V,0.0052594463
7,56,H,-0.05554672
7,56,H,-0.10117475
7,56,H,0.07035845
7,56,H,-0.012752833
7,56,H,0.117261775
7,56,H,0.070298985
7,56,H,0.02079083
7,56,H,0.11751983
7,56,H,0.19725348
7,56,H,0.29801643
7,56,V,-0.7575132
7,56,V,-0.84289885
7,56,V,-0.8674483
7,56,V,-0.8458126
7,56,V,-0.385906
7,56,V,-0.8127576
7,56,V,-0.8008733
7,56,V,-0.874844
7,56,V,-0.8679713
7,56,V,-0.39896488
7,56,V,-0.9706704
7,56,V,-0.53090465
7,57,H,-0.050164223
7,57,H,-0.033969883
7,57,H,-0.07716968
7,57,H,0.0023704176
7,57,H,-0.008564751
7,57,H,0.0060701785
7,57,H,-0.0127119385
7,57,H,0.0037288584
7,57,H,0.016949974
7,57,H,0.07130807
7,57,H,0.08103212
7,57,H,0.10076899
7,57,V,0.055440135
7,57,V,0.069775574
7,57,V,0.08511802
7,57,V,-0.010371914
7,57,V,0.026066758
7,57,V,0.008855495
7,57,V,0.0074625607
7,57,V,0.043850943
7,57,V,0.002263238
7,57,V,-0.04984419
7,57,V,0.0080018705
7,57,V,0.0024251174
7,58,H,0.00589482
7,58,H,0.008231351
7,58,H,-0.013483934
7,58,H,-0.023762887
7,58,H,-0.016386468
7,58,H,-0.03489792
7,58,H,-0.023281202
7,58,H,-0.053134225
7,58,H,-0.015172475
7,58,H,-0.007315549
7,58,H,-0.034337267
7,58,H,0.0008537403
7,58,H,0.005357291
7,58,H,0.026778935
7,58,H,0.011398929
7,58,H,-0.039544668
7,59,H,-1.0
7,59,H,-1.0
7,59,H,-1.0
7,59,H,-1.0
7,59,V,-1.0
7,59,V,-1.0
7,59,V,-1.0
7,59,V,-1.0
7,60,H,-1.0
7,60,H,-1.0
7,60,H,-1.0
7,60,H,-1.0
7,60,V,-1.0
7,60,V,-1.0
7,60,V,-1.0
7,60,V,-1.0
7,61,V,-0.08727724
7,62,V,0.9124431
7,62,V,-0.6544394
7,62,V,-0.08146277
7,63,V,-0.865262
7,63,V,-0.99428576
7,63,V,-0.99193895
7,63,V,-0.99963355
7,64,H,-0.09677589
7,64,H,-0.13705899
7,64,H,-0.13661297
7,64,H,-0.27223316
7,65,H,-0.45597994
7,65,H,-0.41110936
7,65,H,-0.3705969
7,65,H,-0.019163292
7,65,V,0.9508993
7,66,H,0.3704024
7,66,H,0.27485543
7,66,H,-0.019221341
7,66,H,0.13019747
7,66,H,0.03870908
7,66,H,0.0814682
7,66,H,-0.30285135
7,66,H,-0.035305686
7,66,V,0.9895854
7,66,V,0.9413541
7,66,V,0.94272333
7,66,V,0.9566587
7,66,V,0.9818855
7,67,H,0.99609095
7,67,H,0.99144536
7,67,V,-1.0
7,67,V,-1.0
7,67,V,-1.0
7,67,V,-1.0
7,67,V,-1.0
7,67,V,-1.0
7,67,V,-1.0
7,67,V,-1.0
7,67,V,-1.0
7,67,V,-1.0
7,67,V,-1.0
7,67,V,-1.0
7,67,V,-1.0
7,67,V,-0.9987963
7,68,H,0.96622354
7,68,H,0.69423586
7,68,H,0.54404396
7,68,H,0.64399403
7,68,H,0.993047
7,68,H,0.60927343
7,68,H,0.52977455
7,68,H,0.5431096
7,68,H,0.9975711
7,68,H,0.5397717
7,68,H,0.5137118
7,68,H,0.4684561
7,68,H,0.99297124
7,68,H,0.56931794
7,68,H,0.56608176
7,68,H,0.517949
7,68,V,-0.5283877
7,68,V,-0.45364806
7,68,V,-0.39501747
7,68,V,-0.8315798
7,68,V,-0.5567991
7,68,V,-0.35867235
7,68,V,-0.8780793
7,68,V,-0.57576585
7,68,V,-0.53402966
7,68,V,-0.4959089
7,68,V,-0.9303756
7,68,V,-0.34108585
7,68,V,-0.7400712
7,68,V,-0.5695227
7,68,V,-0.942218
7,69,H,-0.019105393
7,69,H,0.049766403
7,69,H,0.07555543
7,69,H,0.033584565
7,69,V,0.22806716
7,69,V,-0.004257748
7,69,V,0.22203763
7,69,V,0.25203636
7,70,H,0.121619225
7,70,H,-0.1456718
7,70,H,-0.048647463
7,70,H,-0.06411359
7,70,H,0.17221496
7,70,H,0.025388677
7,70,H,-0.09396981
7,70,H,-0.051824287
7,70,H,0.12933235
7,70,H,0.10554099
7,70,V,-0.092534855
7,70,V,-0.42873853
7,70,V,0.18444575
7,70,V,-0.06608509
7,70,V,-0.010204722
7,70,V,-0.14568031
7,70,V,0.07805662
7,70,V,0.058066763
7,70,V,0.062214892
7,70,V,-0.094286114
7,70,V,0.05001776
7,71,H,-0.8689172
7,71,H,-0.50482726
7,72,H,-0.4068897
7,72,H,-0.21674486
7,72,H,-0.33217517
7,72,H,-0.39292407
7,72,H,-0.28009224
7,72,H,-0.26815575
7,72,H,-0.7507621
7,72,H,-0.45186958
7,72,V,-0.35178262
7,72,V,-0.122197755
7,72,V,-0.052136943
7,73,H,0.13484846
7,73,H,0.07334696
7,73,H,0.063017234
7,73,H,0.37104806
7,73,H,0.21019012
7,73,H,0.27222085
7,73,H,0.32495067
7,73,H,-0.0058592465
7,73,V,0.19663578
7,73,V,0.28275543
7,73,V,0.14697282
7,74,H,-0.15730155
7,74,H,-0.09506789
7,74,H,-0.069132596
7,74,H,-0.039356407
7,74,H,-0.044346992
7,74,H,-0.144051
7,74,H,-0.06912623
7,74,H,-0.046922185
7,74,H,-0.03699759
7,74,H,-0.031491604
7,74,H,-0.37178373
7,74,H,-0.30353314
7,74,H,-0.3287623
7,74,V,0.004563955
7,74,V,0.016133316
7,74,V,0.021907238
7,74,V,0.03545053
7,74,V,0.011127505
7,74,V,0.003754804
7,74,V,0.002971544
7,74,V,0.032673415
7,74,V,0.18160963
7,74,V,0.2035994
7,74,V,0.2217251
7,75,H,-0.8862993
7,75,H,-0.9998796
7,75,H,-0.9997894
7,75,H,-0.99640304
7,76,H,1.0
7,76,H,1.0
7,76,H,1.0
7,76,H,1.0
7,76,V,0.6805479
7,76,V,-0.55743825
7,76,V,-0.799705
7,76,V,-0.6368538
7,76,V,-0.8947132
7,77,H,-0.28114226
7,77,H,-0.6907736
7,77,H,-0.45144376
7,77,H,-0.4114199
7,77,H,-0.5888892
7,78,H,0.84925926
7,78,H,0.45074448
7,78,H,0.99995786
7,78,H,0.99969167
7,78,H,0.99977463
7,78,H,1.0
7,78,H,1.0
7,78,V,0.91628724
7,79,H,-1.0
7,79,H,-1.0
7,79,H,-1.0
7,79,H,-1.0
7,80,H,0.021875212
7,81,H,0.25592986
7,81,H,0.2685104
7,81,H,0.29562408
7,81,H,0.11805714
7,81,H,0.08071166
7,81,H,0.061780825
7,81,H,0.18530291
7,81,H,0.15014437
7,81,H,0.060726117
7,81,H,0.090448484
7,81,H,0.14319877
7,81,V,-0.12369369
7,81,V,-0.15309882
7,81,V,-0.09449602
7,81,V,-0.098943956
7,81,V,-0.07509064
7,81,V,-0.09643094
7,82,H,-0.9156541
7,82,H,-0.7966331
7,82,V,-0.6554264
7,82,V,-0.38289228
7,82,V,-0.27320287
7,82,V,-0.13298182
7,83,H,-1.0
7,83,H,-1.0
7,83,H,-1.0
7,83,H,-0.9987739
7,83,V,0.73554015
7,83,V,1.0
7,83,V,0.9997896
7,83,V,1.0
7,83,V,0.9963557
7,83,V,0.46070555
7,83,V,0.99655694
7,83,V,1.0
7,83,V,1.0
7,83,V,0.5154208
7,83,V,0.9986641
7,83,V,0.9982896
7,83,V,0.4514422
7,83,V,0.85731274
7,83,V,0.9915881
7,84,H,0.96835023
7,84,H,0.94728035
7,84,H,0.87409395
7,84,H,0.95621324
7,84,V,0.003374518
7,84,V,0.15997727
7,84,V,0.14708775
7,84,V,0.34765694
7,85,V,-0.1295382
7,85,V,0.1255488
7,85,V,0.020276245
7,85,V,0.20780279
7,86,H,-0.08296879
7,86,H,0.16210543
7,86,H,0.14333908
7,86,H,0.17188644
7,86,H,0.4454192
7,86,H,0.0857596
7,86,H,0.1091961
7,86,V,-0.35118136
7,87,H,-0.049304005
7,87,H,-0.019120565
7,87,H,0.053507194
7,87,H,-0.124626786
7,87,V,-0.15436208
7,87,V,-0.03379075
7,87,V,-0.049983397
7,87,V,0.054269236
7,88,H,1.0
7,88,H,1.0
7,88,H,1.0
7,88,V,-1.0
7,88,V,-1.0
7,88,V,-1.0
7,88,V,-1.0
7,90,H,-0.34798872
7,90,H,-0.11288507
7,90,H,-0.13715957
7,90,H,-0.07364125
7,90,V,-0.9757535
7,90,V,-0.6038956
7,90,V,-0.70488596
7,90,V,-0.50091654
7,91,H,-0.069286205
7,91,H,0.026164
7,91,H,-0.2997665
7,91,H,-0.22894163
7,91,H,-0.10015818
7,91,H,-0.2095435
7,91,H,-0.40933156
7,91,H,-0.023511471
7,91,H,-0.15184149
7,91,H,-0.22975028
7,91,H,-0.37535304
7,91,H,-0.608303
7,91,H,-0.506474
7,92,V,-1.0
7,92,V,1.0
7,94,H,0.56644017
7,94,H,0.110453345
7,94,H,0.5401458
7,94,H,-0.0024063396
7,94,H,-0.0058212182
7,94,H,0.007544949
7,94,H,0.23361078
7,94,H,0.31322852
7,94,H,0.3287757
7,94,H,0.092666544
7,94,H,0.38779047
7,94,H,0.60647196
7,94,V,0.32654235
7,94,V,0.04193077
7,94,V,0.45512182
7,94,V,0.42171434
7,94,V,0.085944004
7,94,V,0.32716218
7,94,V,0.76441073
7,94,V,0.17431344
7,94,V,0.64747435
7,94,V,-0.09103154
7,94,V,0.3196548
7,94,V,0.4062212
7,95,H,0.5054241
7,95,H,-0.39166218
7,95,H,0.9471232
7,95,H,0.94375736
7,95,V,0.60429645
7,95,V,-0.53381616
7,95,V,-0.93380934
7,95,V,-0.96384037
7,95,V,-0.8299226
7,95,V,-0.9694914
7,96,H,0.87479204
7,96,H,0.84551454
7,96,V,-0.9812244
7,96,V,-0.99342024
7,96,V,-0.96505165
7,96,V,-0.958495
7,97,V,0.3707193
7,97,V,0.825027
7,97,V,0.37372342
7,97,V,0.74076736
7,97,V,0.31668416
7,97,V,0.6398636
7,98,H,-1.0
7,98,H,-1.0
7,98,H,-1.0
7,98,H,-1.0
7,98,V,-0.5442463
7,98,V,-0.60109276
7,98,V,-0.62221307
7,98,V,-0.5420163
7,99,V,0.071122475
7,99,V,-0.015434841
7,99,V,0.027436333
7,99,V,-0.124253415
7,99,V,0.012681372
7,99,V,0.071289554
7,99,V,0.036888134
7,99,V,-0.2788286
7,100,H,-1.0
7,100,H,-1.0
7,100,H,-1.0
7,100,H,-1.0
7,100,H,-1.0
7,100,H,-1.0
7,100,V,-0.9994117
7,100,V,-0.94140106
7,100,V,-0.82761925
7,100,V,-0.814173
7,101,H,-0.97123814
7,101,H,-0.95803076
7,101,H,-0.9526309
7,101,H,-0.95818305
7,101,V,-0.25310582
7,101,V,-0.22940694
7,101,V,-0.22700553
7,101,V,-0.254546
7,102,H,-0.2850478
7,102,H,-0.41622087
7,102,H,-0.4085437
7,102,H,-0.415382
7,102,H,-0.38169923
7,103,H,-0.34576857
7,103,H,-0.62228596
7,103,H,-0.81485957
7,103,H,-0.6629063
7,103,H,-0.3150611
7,103,H,0.7208551
7,103,H,0.7816515
7,103,H,0.9223308
7,103,H,0.8924725
7,103,H,0.5124702
7,103,V,0.305941
7,103,V,0.72380614
7,103,V,0.56381243
7,103,V,-0.638622
7,103,V,-0.8504644
7,104,H,-0.9996825
7,104,H,-0.9919681
7,104,H,-0.028124453
7,104,H,-0.9950843
7,104,H,-1.0
7,104,V,-1.0
7,104,V,-1.0
7,104,V,-1.0
7,104,V,-1.0
7,105,H,-0.9687009
7,105,H,-0.971667
7,105,H,-0.9736749
7,105,V,-0.26433387
7,106,H,-1.0
7,106,V,0.6981716
7,106,V,1.0
7,106,V,1.0
7,106,V,1.0
7,106,V,1.0
7,107,H,1.0
7,107,H,1.0
7,107,V,-0.16244331
7,107,V,-0.13239907
7,107,V,-0.14502932
7,107,V,-0.8465994
7,107,V,-0.25984088
7,107,V,-0.09055642
7,107,V,-0.88263255
7,107,V,-0.35857472
7,107,V,-0.19233765
7,107,V,-0.2495811
7,107,V,-0.9060575
7,107,V,0.6686539
7,107,V,-0.035541657
7,107,V,-0.3394116
7,107,V,-0.10783575
7,108,H,-0.002937019
7,108,H,0.0022420888
7,108,H,-0.003139373
7,108,H,0.25683814
7,108,H,0.20127232
7,108,H,-0.45676756
7,109,V,1.0
7,109,V,1.0
7,109,V,-0.9880565
7,109,V,1.0
7,109,V,-0.98858285
7,109,V,1.0
7,109,V,-0.9908738
7,110,V,0.97983277
7,110,V,0.6681636
7,110,V,0.9745043
7,110,V,0.9473687
7,110,V,0.9345565
7,111,H,-1.0
7,111,H,-0.97500485
7,111,V,-1.0
7,112,H,0.99136746
7,112,V,-0.72777236
7,112,V,-0.77119166
7,112,V,-0.930302
7,113,H,0.22028416
7,113,H,0.27418083
7,113,H,0.34826612
7,113,H,0.15501164
7,113,V,-0.87053347
7,113,V,-0.87027097
7,113,V,-0.83254206
7,114,H,-1.0
7,114,V,-1.0
7,114,V,-1.0
7,114,V,-1.0
7,114,V,-1.0
7,114,V,-1.0
7,115,H,0.0052200407
7,115,V,0.8943794
7,115,V,-0.9965533
7,116,H,-1.0
7,116,H,-1.0
7,116,H,-1.0
7,116,H,-1.0
7,116,V,0.51589715
7,116,V,0.64808244
7,116,V,0.49124706
7,116,V,-0.07500279
7,116,V,-0.6553799
7,116,V,-0.36276817
7,117,H,-0.64415985
7,117,H,0.14828722
7,117,V,0.56814134
7,117,V,0.6423597
7,117,V,0.623078
7,117,V,0.39694843
7,117,V,0.1296603
7,117,V,-0.030627396
7,118,H,0.011660697
7,118,H,0.07450525
7,118,H,0.038917556
7,118,H,0.06257639
7,118,H,-0.03936472
7,118,H,0.018845724
7,118,H,0.06826704
7,118,H,0.048287455
7,118,H,0.07457762
7,118,H,-0.035303947
7,118,V,-0.046842698
7,118,V,-0.06466917
7,119,H,-1.0
7,119,H,-1.0
7,119,H,-0.9963495
7,120,H,0.09514881
7,120,H,0.21742915
7,120,H,0.101697974
7,120,H,0.2541785
7,120,H,0.084150106
7,120,H,-0.028030047
7,120,H,0.076373875
7,120,H,-0.013895047
7,120,H,-0.44602522
7,120,H,-0.62857795
7,120,V,0.09039785
7,120,V,0.41272053
7,120,V,-0.08083419
7,120,V,0.32355827
7,121,V,0.04020362
7,121,V,0.0013816807
7,121,V,0.07054412
7,121,V,-0.08555033
7,121,V,0.11928371
7,121,V,0.046798356
7,121,V,0.11039528
7,121,V,0.107581
7,121,V,0.07881023
7,122,H,1.0
7,122,H,0.8295266
7,122,H,1.0
7,122,H,-0.4293947
7,122,H,1.0
7,122,H,1.0
7,122,V,-1.0
7,123,H,-0.08594764
7,123,H,-0.03823465
7,123,H,-0.031056417
7,123,H,-0.06482058
7,123,H,-0.0204734
7,123,H,-0.008671158
7,123,H,-0.3274317
7,123,V,0.027275203
7,123,V,0.030017115
7,123,V,0.036952212
7,123,V,-0.008372078
7,123,V,0.112741634
7,123,V,0.21265295
7,124,H,-0.0062575294
7,124,H,0.014567244
7,124,H,-0.016711613
7,124,H,0.10494117
7,124,H,-0.023019183
7,124,H,0.06959091
7,124,H,-0.10654429
7,124,H,-0.026057435
7,124,V,-0.032427087
7,124,V,0.07390539
7,124,V,0.045041412
7,124,V,0.029909823
7,124,V,0.10180056
7,124,V,0.07090822
7,124,V,0.09280616
7,124,V,0.079208486
7,124,V,0.07083481
7,124,V,0.0949139
7,125,H,-0.4916578
7,125,H,-0.29499415
7,125,H,-0.39323863
7,125,H,-0.71855146
7,125,H,-0.23576096
7,125,H,-0.3643913
7,125,H,-0.5677708
7,126,H,0.18138306
7,126,H,-0.025760563
7,126,H,0.20767514
7,126,H,0.2551311
7,126,H,0.124305986
7,126,V,0.01846459
7,126,V,0.12233718
7,126,V,0.09704834
7,126,V,0.08117534
7,127,V,-0.088407576
7,127,V,-0.01829267
7,127,V,0.0048861965
7,127,V,-0.03317836
7,127,V,0.024481865
7,127,V,0.08859098
7,128,H,0.30294475
7,128,H,0.11455164
7,128,H,-0.01457269
7,128,H,-0.0023151478
7,128,H,-0.13621977
7,128,H,0.29349947
7,128,H,0.017560076
7,128,H,-0.009478369
7,128,H,-0.025001839
7,128,H,-0.15084931
7,128,H,0.2673175
7,128,H,-0.022165824
7,128,H,0.0025668116
7,128,H,-0.0040114247
7,128,H,-0.13057426
7,128,H,0.17368716
7,128,H,-0.12462978
7,128,H,-0.13087067
7,128,H,-0.13178122
7,128,H,-0.20448545
7,128,V,-0.029182466
7,128,V,0.008382729
7,128,V,-0.00186487
7,128,V,-0.23382486
7,128,V,0.36880857
7,128,V,0.088838615
7,128,V,0.09639009
7,128,V,0.08307709
7,128,V,-0.23541422
7,128,V,0.33385846
7,128,V,0.10635453
7,128,V,0.11810445
7,128,V,0.09444611
7,128,V,-0.22264647
7,128,V,0.30819586
7,128,V,0.11707317
7,128,V,0.17099178
7,128,V,0.1605797
7,128,V,-0.08960167
7,129,H,-0.2191147
7,129,H,-0.22043265
7,129,H,-0.20920914
7,129,H,-0.30237448
7,129,H,-0.2142974
7,129,H,0.033074033
7,129,H,0.05161468
7,129,H,0.2144621
7,129,H,0.30840033
7,129,H,0.3349866
7,129,V,0.1161262
7,129,V,0.11240663
7,129,V,0.12850994
7,130,H,0.978768
7,130,H,-0.41878876
7,130,V,0.97208065
7,130,V,0.29884666
7,130,V,-0.33677965
7,130,V,-0.34057292
7,130,V,-0.9083515
7,131,V,-0.18715653
7,131,V,-0.060811378
7,131,V,-0.052702673
7,131,V,0.009668942
7,131,V,0.1021862
7,132,H,0.73647517
7,132,H,0.1870915
7,132,H,0.5224315
7,132,H,0.53119355
7,132,H,0.46459228
7,133,H,-0.023771686
7,133,H,-0.045417983
7,133,H,-0.021999216
7,133,H,0.007551971
7,133,H,-0.023113359
7,133,H,-0.0046324763
7,133,H,-0.027258987
7,133,H,-0.031243695
7,133,H,-0.17653497
7,133,H,-0.21363324
7,133,V,-0.36589977
7,133,V,0.029580142
7,133,V,0.015273457
7,133,V,0.004083179
7,133,V,0.006223455
7,133,V,0.025414517
7,133,V,0.020397024
7,133,V,0.036799002
7,133,V,-0.0071267476
7,133,V,0.33484903
7,134,H,0.54821134
7,134,H,-0.3971801
7,134,H,-0.22993916
7,134,H,-0.43945238
7,134,H,0.7095625
7,134,H,-0.21327844
7,134,H,-0.25030297
7,134,H,-0.21880469
7,134,H,0.77737874
7,134,H,-0.24168178
7,134,H,-0.24964
7,134,H,-0.2047857
7,134,H,0.7634067
7,134,H,0.06332525
7,134,H,0.08988751
7,134,H,0.1963771
7,134,V,1.0
7,134,V,0.9991803
7,134,V,0.94296604
7,135,H,-0.5299197
7,135,H,-0.6467097
7,135,H,-0.6032258
7,135,H,-0.34193504
7,135,V,-1.0
7,135,V,-1.0
7,135,V,-1.0
7,135,V,-1.0
7,135,V,-1.0
7,136,H,0.091185205
7,136,H,0.22236133
7,136,V,0.70560503
7,136,V,0.8489419
7,136,V,0.8235592
7,137,V,1.0
7,138,H,-0.97004044
7,138,H,-0.069632225
7,138,V,-0.88769615
7,139,V,-0.01628135
7,139,V,0.08470734
7,139,V,-0.19834079
7,139,V,0.032215137
7,139,V,-0.06260149
7,139,V,0.035164643
7,139,V,0.09504825
7,139,V,-0.0358658
7,140,H,-0.023369417
7,140,H,-0.04307431
7,140,H,-0.03826769
7,140,H,0.0068421983
7,140,H,-0.05208988
7,140,H,-0.013227927
7,140,H,-0.044953503
7,140,H,-0.004939849
7,140,H,-0.031018514
7,140,H,-0.035104554
7,140,V,-0.0012405406
7,140,V,-0.0017145396
7,140,V,-0.08503173
7,140,V,0.0088630635
7,140,V,-0.0019542295
7,140,V,-0.09368717
7,141,H,-0.5048064
7,141,H,-0.019499939
7,141,H,-0.13448605
7,141,H,-0.21841797
7,141,H,0.47760996
7,141,H,0.2797483
7,141,H,-0.07888814
7,141,H,0.3630303
7,141,H,-0.32691345
7,141,H,0.52430546
7,141,V,-1.0
7,141,V,-1.0
7,141,V,-0.9685223
7,141,V,-0.9619066
7,141,V,-0.95539147
7,141,V,-0.95471835
7,142,H,0.9398333
7,142,H,0.8829845
7,142,H,0.9124766
7,142,H,0.91718745
7,142,V,-0.066501044
7,142,V,-0.026465328
7,142,V,-0.011711221
7,142,V,-0.037732646
7,142,V,0.009275678
7,142,V,0.04927584
7,143,V,-0.8560663
7,143,V,-0.6246401
7,143,V,-0.7403922
7,143,V,-0.6565948
7,143,V,-0.7305327
7,144,H,1.0
7,144,V,0.9769698
7,144,V,0.9818201
7,144,V,0.97012275
7,144,V,0.24458672
7,145,V,-0.3333607
7,145,V,1.0
7,145,V,1.0
7,145,V,1.0
7,146,H,0.6775291
7,146,H,-0.16393909
7,146,H,0.11491768
7,146,H,0.33863023
7,146,H,0.6722912
7,146,H,0.073177665
7,146,H,0.14255203
7,146,H,0.27226862
7,146,H,-0.26096994
7,146,H,0.17911887
7,146,H,0.010126169
7,146,H,0.008710783
7,146,H,0.63194996
7,146,H,0.15930647
7,146,H,0.35640323
7,146,H,-0.17451212
7,146,H,-0.69968873
7,146,V,0.455959
7,147,V,-1.0
7,147,V,-1.0
7,147,V,-1.0
7,147,V,-0.79623646
7,147,V,1.0
7,148,H,-0.4688914
7,148,H,-0.402588
7,148,H,-0.64043915
7,148,H,-0.42376438
7,148,H,-0.479448
7,149,H,-1.0
7,149,H,-1.0
7,149,H,-1.0
7,149,H,-1.0
7,149,H,-1.0
7,149,H,-1.0
7,150,V,0.09219933
7,150,V,0.19440687
7,150,V,0.14822802
7,150,V,0.023439184
7,150,V,0.2569898
7,150,V,0.09417335
7,150,V,0.06747266
7,150,V,0.52149034
7,150,V,0.13165525
7,151,H,-1.0
7,151,H,-1.0
7,151,H,-1.0
7,151,H,-1.0
7,151,V,1.0
7,151,V,1.0
7,151,V,1.0
7,151,V,1.0
7,152,V,0.12348632
7,152,V,0.20925772
7,152,V,0.2818164
7,152,V,0.27062723
7,152,V,0.3485804
7,152,V,0.6517285
7,153,H,0.9999435
7,153,V,-0.09344189
7,153,V,-0.25506574
7,153,V,-0.24534473
7,153,V,-0.27098376
7,154,H,-1.0
7,154,V,0.9629214
7,154,V,0.98962903
7,154,V,1.0
7,154,V,-1.0
7,155,V,0.1795027
7,155,V,0.099096045
7,155,V,0.107252054
7,155,V,0.2062809
7,155,V,0.00484944
7,155,V,0.062037975
7,155,V,0.0967262
7,155,V,0.1578866
7,155,V,0.034982543
7,155,V,0.14724654
7,155,V,0.03237503
7,155,V,0.17953128
7,155,V,-0.05038539
7,155,V,0.037047047
7,155,V,0.1256392
7,155,V,0.06211151
7,156,H,1.0
7,156,H,1.0
7,156,H,1.0
7,156,H,1.0
7,156,H,1.0
7,156,V,1.0
7,156,V,-1.0
7,156,V,-1.0
7,157,V,0.3172592
7,157,V,0.23583725
7,157,V,0.22678618
7,157,V,0.45246294
7,157,V,0.583583
7,157,V,0.42571688
7,157,V,0.48515543
7,157,V,0.7120879
7,157,V,0.4516682
7,157,V,0.4742314
7,157,V,0.43650365
7,157,V,0.5286314
7,157,V,0.7681095
7,157,V,0.7733491
7,158,V,-0.67115355
7,158,V,-0.3298701
7,158,V,-0.3742759
7,158,V,-0.3026823
7,158,V,-0.43775824
7,158,V,-0.017953368
7,158,V,0.027134443
7,158,V,-0.03186999
7,158,V,-0.45564637
7,158,V,0.0037867841
7,158,V,0.076264806
7,158,V,-0.0015165326
7,158,V,-0.21458708
7,158,V,0.44894552
7,158,V,0.5076705
7,159,V,-0.039930336
7,159,V,-0.031235233
7,159,V,-0.14687061
7,159,V,-0.17140333
7,159,V,-0.032408983
7,159,V,-0.14298709
7,159,V,-0.15013674
7,160,H,-0.12858115
7,160,H,0.16428915
7,160,H,0.09941643
7,160,H,0.12941968
7,160,H,0.093039714
7,160,V,-0.42629468
7,160,V,-0.48483154
7,160,V,-0.4881862
7,161,H,-0.17461221
7,161,H,-0.18829262
7,161,H,-0.216862
7,161,H,-0.2345026
7,161,H,-0.15013355
7,161,V,0.05853718
7,161,V,-0.0077440497
7,161,V,-0.008859929
7,161,V,-0.11827313
7,162,H,-0.74022204
7,162,H,-0.7608416
7,162,H,-0.31132814
7,162,H,-0.38223454
7,162,H,-0.40840742
7,162,H,-0.5553696
7,162,V,0.1706871
7,162,V,-0.02671978
7,162,V,0.1307
7,162,V,0.5300531
7,162,V,0.043361865
7,162,V,0.061356038
7,163,H,0.51098394
7,163,H,0.3076436
7,163,H,0.133399
7,163,H,-0.049153857
7,163,H,-0.0669708
7,163,H,-0.0487019
7,163,H,-0.08350154
7,163,H,-0.031992227
7,163,H,-0.0434658
7,163,V,-0.12484263
7,163,V,-0.044754572
7,163,V,-0.038279787
7,163,V,-0.12085356
7,163,V,-0.026768794
7,163,V,-0.049056344
7,163,V,-0.04883321
7,163,V,0.09278027
7,163,V,0.11981855
7,164,H,-0.07009159
7,164,H,0.62311035
7,164,H,0.57889086
7,164,H,0.6689452
7,164,V,-0.53066766
7,164,V,-1.0
7,164,V,-1.0
7,164,V,-1.0
7,165,V,-0.8904437
7,165,V,-0.8572084
7,165,V,-0.8692051
7,165,V,-0.8322921
7,166,H,-0.14183879
7,166,H,0.015044558
7,166,H,0.010735764
7,166,H,0.0066599115
7,166,H,-0.16387129
7,166,H,-0.017356006
7,166,H,0.025889115
7,166,H,0.040636096
7,166,V,-0.7353415
7,166,V,-0.6932142
7,166,V,-0.045886632
7,166,V,0.05481161
7,166,V,0.10643877
7,166,V,0.01204919
7,166,V,0.0820624
7,166,V,0.01910802
7,167,H,-0.11944315
7,167,H,-0.26275977
7,167,H,-0.13746023
7,167,H,-0.21176495
7,167,H,-0.1356189
7,167,H,0.058458712
7,167,H,0.023332354
7,167,H,0.09694811
7,167,H,0.04902679
7,167,H,0.009561586
7,167,H,0.14880382
7,167,H,0.04976482
7,167,H,0.10263699
7,167,H,0.03606995
7,167,H,0.072487615
7,167,H,0.30172113
7,167,H,0.22062147
7,167,H,0.2870762
7,167,H,0.30988288
7,167,H,0.2870167
7,167,V,0.23725913
7,167,V,0.4395146
7,167,V,0.31728408
7,167,V,0.25697124
7,167,V,0.255136
7,167,V,0.088175625
7,167,V,0.12405204
7,167,V,0.2669726
7,167,V,0.15252514
7,167,V,0.094457336
7,167,V,0.11858884
7,167,V,0.20532717
7,167,V,0.33397654
7,167,V,0.14005847
7,167,V,-0.023639211
7,167,V,-0.023052236
7,167,V,0.101780064
7,167,V,0.16039231
7,167,V,-0.019126646
7,168,H,0.028606094
7,168,H,-0.096708156
7,168,H,0.16636635
7,168,H,0.06902925
7,168,H,-0.01725859
7,168,H,0.0650142
7,168,H,0.101450875
7,168,H,0.011456346
7,168,H,-0.044356354
7,168,H,-0.12378296
7,168,H,0.05439781
7,168,H,0.09264644
7,168,H,-0.061235074
7,169,H,0.015589079
7,169,H,0.25870493
7,169,H,0.30095002
7,169,V,0.2291465
7,169,V,-0.10328118
7,169,V,-0.60224706
7,170,H,-0.15650061
7,170,H,-0.2759145
7,170,H,-0.09234175
7,170,H,0.014322648
7,170,H,0.14454924
7,170,H,0.30769396
7,170,H,0.15119778
7,170,H,0.38457885
7,170,H,0.43147698
7,170,H,0.3292722
7,170,H,0.33012122
7,170,V,-0.2031769
7,170,V,-0.3112119
7,170,V,-0.31922033
7,170,V,-0.33409423
7,171,H,0.97060156
7,171,H,1.0
7,171,H,1.0
7,171,H,0.9996056
7,171,V,-0.16516158
7,171,V,1.0
7,171,V,-0.7431824
7,171,V,0.99982786
7,171,V,-0.70662767
7,171,V,0.9943964
7,171,V,-0.76080346
7,172,V,0.020496948
7,172,V,0.060828213
7,172,V,0.12696993
7,172,V,0.14992993
7,172,V,0.015742678
7,172,V,0.07391939
7,173,H,-0.99783474
7,174,H,0.06585107
7,174,H,0.023276133
7,174,H,0.15115365
7,174,H,0.04534791
7,174,H,0.0545554
7,174,H,0.12537359
7,174,V,0.0031531567
7,174,V,-0.001769771
7,174,V,0.030100549
7,174,V,0.035582658
7,174,V,0.14503336
7,175,H,-0.99936604
7,175,H,-1.0
7,175,H,-0.99645776
7,175,H,-1.0
7,175,H,-1.0
7,175,H,-0.99649835
7,175,H,-1.0
7,175,H,-1.0
7,175,H,-1.0
7,175,H,-0.9992307
7,175,H,-0.9995458
7,175,H,-1.0
7,176,H,1.0
7,176,H,1.0
7,176,H,1.0
7,176,H,1.0
7,176,H,1.0
7,176,V,-1.0
7,176,V,-1.0
7,176,V,-1.0
7,176,V,-1.0
7,176,V,-1.0
7,177,H,0.2606455
7,177,H,0.12372684
7,177,V,0.09366482
7,177,V,0.3024775
7,177,V,-0.06624069
7,177,V,-0.02317083
7,177,V,0.12113306
7,178,V,-0.30261853
7,178,V,-0.20285915
7,178,V,-0.23431657
7,178,V,-0.12426059
7,178,V,-0.21843551
7,178,V,-0.14861973
7,178,V,-0.033785254
7,178,V,-0.011681319
7,178,V,-0.19115768
7,178,V,-0.14392194
7,178,V,-0.053920396
7,178,V,-0.10675975
7,178,V,-0.059373304
7,178,V,-0.10852276
7,178,V,-0.009992034
7,178,V,0.11259955
7,178,V,0.12472812
7,179,H,1.0
7,179,H,1.0
7,179,H,1.0
7,179,H,1.0
7,179,V,1.0
7,179,V,1.0
7,179,V,1.0
7,179,V,1.0
7,180,H,0.42704394
7,180,H,-0.007929334
7,180,H,-0.10378429
7,180,H,0.002040082
7,180,H,-0.40792328
7,180,H,0.38409346
7,180,H,-0.06952853
7,180,H,-0.06695436
7,180,H,-0.03781698
7,180,H,-0.41747054
7,180,H,0.40497407
7,180,H,-0.7244636
7,181,H,-0.018919209
7,181,H,-0.0029340333
7,181,H,-0.052761465
7,181,H,-0.018700032
7,181,H,0.032476906
7,181,H,-0.018974634
7,181,H,0.0037736758
7,181,H,0.02272641
7,181,V,-0.14121096
7,181,V,-0.1490017
7,181,V,-0.18881598
7,181,V,-0.13267812
7,181,V,-0.20331985
7,182,H,-0.97741395
7,182,H,0.9971227
7,182,H,-0.9944286
7,182,H,-0.1074565
7,182,H,0.9233005
7,182,H,-0.9944706
7,182,H,-0.08124635
7,182,H,0.8710012
7,182,H,-1.0
7,182,V,-0.97048944
7,182,V,0.7983752
7,182,V,-0.9520433
7,182,V,0.95864826
7,182,V,-0.94197327
7,182,V,0.9340819
7,182,V,0.98052764
7,183,H,-0.4140395
7,183,H,-0.37406674
7,183,V,-0.41775978
7,183,V,-0.08663906
7,183,V,-0.033225246
7,183,V,-0.011575722
7,183,V,0.2264899
7,183,V,0.32826978
7,184,H,-0.01789221
7,184,H,0.038152866
7,184,H,0.06504057
7,184,H,0.006790597
7,184,V,-0.04721418
7,184,V,0.013924207
7,184,V,-0.037298016
7,184,V,-0.046789024
7,184,V,-0.049811453
7,184,V,-0.023755992
7,184,V,-0.034569867
7,184,V,-0.06411205
7,184,V,-0.039229143
7,184,V,0.014806851
7,184,V,-0.01958854
7,185,H,0.28044516
7,185,H,-0.20482422
7,185,H,-0.015151255
7,185,H,-0.10045511
7,185,H,-0.4123889
7,185,H,0.06180071
7,185,H,0.092262
7,185,H,-0.26401222
7,185,H,-0.2526989
7,185,H,-0.67177474
7,185,H,-0.5697295
7,185,H,-0.60520387
7,185,V,-0.0154463295
7,186,H,-1.0
7,186,H,-1.0
7,186,H,-1.0
7,186,H,-1.0
7,186,V,1.0
7,186,V,1.0
7,186,V,1.0
7,186,V,1.0
7,187,H,-1.0
7,187,H,-1.0
7,187,V,-1.0
7,187,V,-1.0
7,188,H,0.020201031
7,188,H,0.29502624
7,188,H,-0.07875156
7,188,H,0.0383725
7,188,H,-0.11731202
7,188,H,-0.020315558
7,188,H,-0.08868058
7,188,H,-0.11416094
7,188,V,-0.3113949
7,188,V,-0.40495515
7,188,V,-0.5245759
7,188,V,-0.52241004
7,189,H,0.7658816
7,189,H,0.73876595
7,189,H,0.5715524
7,189,H,0.63234174
7,189,H,0.4272266
7,189,H,0.56817764
7,189,H,0.29425532
7,189,H,0.2461901
7,189,V,0.4623099
7,189,V,0.011414859
7,189,V,0.23398377
7,189,V,0.28974953
7,190,H,-0.9999455
7,190,H,-1.0
7,190,H,-1.0
7,190,H,-1.0
7,190,V,-1.0
7,190,V,-1.0
7,190,V,-1.0
7,190,V,-1.0
7,191,H,0.2527296
7,191,H,0.29780927
7,191,H,0.27513063
7,191,V,-0.29380086
7,192,H,-1.0
7,192,H,-1.0
7,192,H,-1.0
7,192,V,-0.63711697
7,192,V,-0.8935477
7,192,V,-0.87875074
7,193,V,0.055722784
7,193,V,-0.008697285
7,193,V,0.0216658
7,193,V,0.06051553
7,193,V,0.09845151
7,193,V,0.055373184
7,193,V,0.0136641795
7,193,V,0.0050350786
7,193,V,0.0199469
7,193,V,0.08488664
7,194,H,-0.098227955
7,194,H,-0.050679844
7,194,H,-0.10175635
7,194,H,-0.044888366
7,194,H,-0.3010008
7,194,H,-0.23913442
7,194,V,0.08058476
7,194,V,0.048523176
7,194,V,0.0482346
7,194,V,0.06347404
7,194,V,0.3663505
7,194,V,0.19292884
7,194,V,0.20922992
7,195,H,0.030798282
7,195,H,0.06249387
7,195,H,0.032371163
7,195,H,0.020818735
7,195,H,0.037956096
7,195,H,0.048759587
7,195,V,-0.024364829
7,195,V,-0.04720521
7,195,V,-0.08494947
7,195,V,-0.058398083
7,195,V,-0.009649543
7,195,V,-0.018905558
7,195,V,-0.06956676
7,195,V,-0.0986972
7,195,V,-0.05046383
7,195,V,-0.019879498
7,196,H,0.9700876
7,196,H,0.95600927
7,196,H,0.71779966
7,196,V,-0.024568206
7,196,V,-0.0011477404
7,196,V,0.09985628
7,196,V,-0.00039550997
7,196,V,0.088587865
7,196,V,0.10928232
7,196,V,0.3205695
7,197,H,1.0
7,197,H,1.0
7,197,H,1.0
7,197,H,1.0
7,197,V,1.0
7,197,V,1.0
7,197,V,1.0
7,197,V,1.0
7,198,H,1.0
7,198,H,0.99816036
7,198,H,0.9978352
7,198,H,0.9989018
7,198,H,1.0
7,198,H,0.9976632
7,198,H,1.0
7,198,H,1.0
7,198,H,0.9944391
7,198,H,1.0
7,198,H,1.0
7,198,H,1.0
7,198,H,1.0
7,199,H,-0.9872125
7,199,H,-0.9685737
7,199,H,-0.9789041
7,199,V,-0.5768874
7,199,V,-0.87966025
7,199,V,-0.8390618
7,200,H,-0.36703855
7,200,H,-0.12213317
7,200,H,-0.22675106
7,200,H,-0.39630514
7,200,H,-0.1514458
7,200,H,-0.2233675
7,200,H,-0.5399857
7,200,H,-0.50438577
7,200,V,-0.56346583
7,200,V,-0.52500117
7,200,V,-0.1226778
7,200,V,-0.04002265
7,200,V,-0.15353179
7,200,V,-0.030297935
7,201,V,-0.3302652
7,201,V,-0.24141945
7,201,V,-0.24752186
7,201,V,-0.27342054
7,202,H,0.36431774
7,202,H,0.7919977
7,203,H,1.0
7,203,H,1.0
7,203,H,1.0
7,203,H,1.0
7,203,H,1.0
7,203,H,0.99030715
7,203,H,1.0
7,203,H,1.0
7,203,H,0.989803
7,203,H,0.9966543
7,203,H,0.9949412
7,204,H,-0.47183058
7,204,H,-0.060681805
7,204,H,-0.062218882
7,204,H,-0.049126018
7,204,H,0.06908754
7,204,V,0.12103356
7,204,V,0.14552927
7,204,V,0.14514866
7,204,V,0.28285635
7,205,V,0.12593903
7,205,V,0.14288807
7,205,V,0.66953385
7,205,V,-0.656595
7,206,V,0.042867415
7,206,V,0.01983367
7,206,V,0.02635886
7,206,V,0.051350735
7,207,H,-0.34237802
7,207,H,0.28072834
7,207,H,0.70481306
7,207,H,-0.51219344
7,207,H,-0.05958647
7,207,H,0.063039295
7,207,H,0.030804008
7,207,H,0.35895473
7,207,H,-0.48587137
7,207,H,-0.0035278162
7,207,H,0.020815438
7,207,H,-0.011083975
7,207,H,0.46192777
7,207,H,0.38973436
7,207,V,-0.7431072
7,207,V,0.23215358
7,207,V,-0.53822243
7,207,V,0.41069442
7,207,V,-0.48743868
7,207,V,0.4332816
7,207,V,-0.33422378
7,207,V,-0.0019711254
7,207,V,0.106826566
7,207,V,0.4522798
7,208,H,0.9697288
7,208,H,-0.67157227
7,208,H,0.3173197
7,208,H,0.3184274
7,208,H,-1.0
7,208,H,-1.0
7,208,V,-1.0
7,208,V,0.57015115
7,208,V,0.284329
7,208,V,1.0
7,208,V,0.98319757
7,209,H,-1.0
7,209,H,-1.0
7,209,H,-1.0
7,209,H,-1.0
7,209,V,-1.0
7,209,V,1.0
7,209,V,-1.0
7,209,V,1.0
7,209,V,-1.0
7,209,V,1.0
7,209,V,-1.0
7,209,V,1.0
7,210,H,-0.26697546
7,210,H,-0.09372739
7,210,H,-0.13357458
7,210,H,-0.18562973
7,210,V,-1.0
7,210,V,-0.9997545
7,210,V,-0.9982069
7,211,H,-1.0
7,211,H,-1.0
7,211,H,-1.0
7,211,H,-1.0
7,211,H,-1.0
7,211,H,0.99964803
7,211,H,1.0
7,211,H,0.99984103
7,211,V,1.0
7,211,V,0.99893975
7,211,V,1.0
7,211,V,1.0
7,211,V,0.9998374
7,211,V,-1.0
7,211,V,-0.99922866
7,211,V,-1.0
7,211,V,-1.0
7,212,H,-0.185368
7,212,H,0.34217435
7,212,H,0.26770228
7,212,H,0.2172888
7,212,V,0.44629818
7,212,V,-0.3114027
7,213,H,-0.27412882
7,213,H,-0.14011508
7,213,H,-0.4066796
7,213,H,-0.1846893
7,213,H,-0.103640206
7,213,H,-0.2520732
7,213,H,-0.11264009
7,213,H,-0.005789282
7,213,H,0.013948286
7,213,H,-0.047231343
7,213,H,0.20214145
7,213,V,0.24358582
7,213,V,0.10182708
7,213,V,0.271958
7,213,V,-0.09932819
7,213,V,0.21786605
7,213,V,0.09179866
7,213,V,0.30700028
7,213,V,-0.35228246
7,213,V,0.07559986
7,213,V,0.043316305
7,213,V,-0.0430799
7,214,H,-0.43139777
7,214,H,-0.91229475
7,214,H,-0.8830327
7,214,H,-0.9784577
7,214,H,0.82359976
7,214,V,1.0
7,215,V,0.1795758
7,215,V,0.08856936
7,215,V,-0.0815055
7,215,V,-0.008365692
7,215,V,-0.0658254
7,215,V,-0.07415251
7,215,V,0.29506707
7,215,V,-0.29112083
7,215,V,-0.47231275
7,216,H,-0.013442325
7,217,H,0.22354625
7,217,H,0.15136887
7,217,H,0.11786234
7,217,V,0.06413466
7,217,V,0.1533458
7,217,V,0.11034193
7,218,H,0.07686016
7,218,H,0.04215804
7,218,H,0.063211456
7,218,H,0.09589811
7,218,H,0.10408513
7,218,H,-0.008488858
7,218,H,-0.08648448
7,218,H,0.011860085
7,218,H,-0.00826765
7,218,V,-0.17599115
7,218,V,-0.204347
7,218,V,-0.13985069
7,218,V,-0.15925236
7,218,V,-0.16148388
7,218,V,-0.1078734
7,218,V,0.091102175
7,219,V,-0.32204834
7,219,V,-0.22440751
7,219,V,-0.17859155
7,220,H,0.09684973
7,220,H,0.052013807
7,220,H,0.100099765
7,220,H,-0.041510835
7,220,V,0.35592297
7,220,V,-0.18417522
7,220,V,0.32321054
7,220,V,-0.016999817
7,220,V,-0.17758983
7,220,V,0.27408236
7,220,V,-0.109934926
7,221,H,-0.9889353
7,221,H,-0.9929609
7,221,H,-0.99498725
7,221,H,-0.9538702
7,221,V,-0.31290692
7,222,H,-0.2623828
7,222,H,-0.14970228
7,222,H,-0.09107946
7,222,V,-0.31295988
7,222,V,0.023048125
7,222,V,-0.14503707
7,222,V,-0.11266794
7,222,V,-0.4885925
7,222,V,-0.2849771
7,222,V,-0.13784482
7,222,V,-0.46840262
7,222,V,-0.11461041
7,222,V,-0.09125202
7,222,V,-0.2385314
7,222,V,-0.37001082
7,222,V,-0.007498862
7,223,H,-0.9431778
7,223,H,-0.95377946
7,223,H,0.46212795
7,223,H,0.95736796
7,223,V,0.9858022
7,223,V,1.0
7,223,V,1.0
7,223,V,1.0
7,223,V,1.0
7,224,V,0.9601181
7,224,V,1.0
7,224,V,1.0
7,224,V,0.99969685
7,224,V,0.981735
7,224,V,-0.99566877
7,224,V,-1.0
7,224,V,-1.0
7,225,V,0.012382859
7,225,V,0.29092717
7,225,V,-0.5889302
7,226,H,-0.6905083
7,226,H,0.40221092
7,226,V,0.9961273
7,227,H,-0.9976294
7,227,H,-0.9920597
7,227,H,-0.9979501
7,227,V,0.0093744015
7,227,V,0.56518424
7,227,V,0.673539
7,228,H,-0.61513007
7,228,H,0.3094945
7,228,H,-0.7354218
7,228,H,0.2967325
7,228,H,-0.80933386
7,228,H,-0.050646555
7,228,H,-0.5159032
7,228,V,-0.66244924
7,228,V,-0.6744783
7,228,V,-0.6078445
7,229,V,-0.2654192
7,229,V,-0.36623007
7,229,V,-0.3329666
7,229,V,-0.28423795
7,230,V,0.54754204
7,230,V,0.11165641
7,230,V,0.10315557
7,230,V,-0.26729998
7,231,H,1.0
7,231,H,1.0
7,231,H,1.0
7,231,V,1.0
7,231,V,1.0
7,231,V,1.0
7,232,H,-0.32932955
7,232,H,0.23999521
7,232,H,-0.45197886
7,232,H,-0.4459841
7,232,H,-0.28903404
7,232,V,-0.24277377
7,232,V,0.24305366
7,232,V,-0.62118083
7,232,V,0.16010447
7,232,V,-0.6770812
7,233,H,0.99534595
7,233,H,1.0
7,233,H,1.0
7,234,H,0.24376477
7,234,H,0.582238
7,234,H,0.24998976
7,234,H,0.503566
7,234,V,0.97018635
7,234,V,0.708939
7,234,V,0.6807386
7,234,V,0.08915001
7,234,V,0.6004579
7,234,V,0.100256175
7,234,V,0.7116468
7,234,V,0.5640002
7,234,V,0.32769194
7,235,H,0.7435241
7,235,H,0.86294055
7,235,H,0.5354338
7,235,V,-0.923895
7,235,V,-0.75270885
7,235,V,-0.7227971
7,235,V,-0.62072235
7,236,H,-0.5894406
7,236,H,-0.5750827
7,236,H,-0.46436214
7,236,V,-0.22782339
7,236,V,-0.015022739
7,236,V,-0.13143437
7,236,V,0.07871954
7,236,V,0.010200484
7,236,V,0.19332182
7,236,V,0.23800133
7,237,H,-0.97633284
7,237,H,0.419173
7,238,H,-0.83979666
7,238,H,-0.7859099
7,238,H,-0.7779373
7,238,H,-0.88673633
7,239,V,-0.18406622
7,239,V,-0.058131177
7,239,V,-0.084864415
7,239,V,0.035081867
7,239,V,-0.054469258
7,239,V,0.09829005
7,239,V,-0.0419333
7,239,V,-0.11850072
7,239,V,0.010641079
7,239,V,0.2911257
7,239,V,-0.0731527
7,239,V,0.013695133
7,240,H,0.22066638
7,240,H,0.21732116
7,240,H,0.2558586
7,240,H,0.24913085
7,240,H,0.09189989
7,240,V,0.28058544
7,240,V,0.13176568
7,240,V,-0.035714023
7,240,V,0.06549981
7,240,V,-0.03368981
7,240,V,-0.090987496
7,240,V,-0.18810233
7,241,H,-0.040564522
7,241,H,0.07366704
7,241,H,-0.012107775
7,241,H,0.04666341
7,241,H,0.025923613
7,241,V,-0.043043032
7,241,V,-0.028891705
7,241,V,-0.093852185
7,241,V,0.062450368
7,241,V,-0.09887416
7,241,V,0.039333083
7,241,V,-0.07580443
7,241,V,0.17338362
7,242,H,-0.96221894
7,242,H,-0.9700056
7,242,H,-0.9600968
7,242,H,-0.96445334
7,242,V,1.0
7,242,V,1.0
7,242,V,1.0
7,242,V,1.0
7,243,H,0.11049815
7,243,H,-0.017991865
7,243,H,-0.009432626
7,243,H,-0.021637214
7,243,V,0.6412799
7,243,V,0.7633448
7,243,V,0.774852
7,243,V,0.8196649
7,243,V,0.9093392
7,244,V,0.16587892
7,244,V,0.15059255
7,244,V,0.14504007
7,244,V,0.2796366
7,245,H,0.83553547
7,245,H,0.8414704
7,245,H,0.86825764
7,245,H,0.8095311
7,246,H,0.6829359
7,246,H,0.44693327
7,246,H,0.36107463
7,246,H,0.2089285
7,246,H,0.41404483
7,246,H,0.33723184
7,246,H,0.21089931
7,246,H,0.41622043
7,247,H,0.45362478
7,247,H,0.4502926
7,247,H,0.42946935
7,247,H,0.31474292
7,248,V,0.03127028
7,248,V,0.15780008
7,248,V,0.25149265
7,248,V,0.1937874
7,248,V,0.38294992
7,248,V,0.41665944
7,248,V,0.53420544
7,248,V,0.6893367
7,248,V,0.14271343
7,248,V,0.3102547
7,248,V,0.50246084
7,248,V,0.4001444
7,248,V,0.53600425
7,248,V,0.28905445
7,248,V,0.5914187
7,248,V,0.5793617
7,248,V,0.65325314
7,249,V,0.1804689
7,249,V,0.21176398
7,249,V,0.20694219
7,249,V,0.77824384
7,250,V,0.28949115
7,250,V,-0.3869223
7,250,V,-0.46533763
7,250,V,-0.40395194
7,250,V,0.38796982
7,250,V,-0.5303744
7,250,V,0.32238597
7,250,V,-0.49812734
7,250,V,0.1340655
7,250,V,-0.32670662
7,250,V,-0.5814477
7,250,V,-0.39784518
7,251,H,1.0
7,251,H,1.0
7,251,H,1.0
7,251,H,1.0
7,251,V,0.5785528
7,251,V,0.6176965
7,251,V,0.63471484
7,251,V,0.6722275
7,252,H,0.018840894
7,252,H,-0.343186
7,252,H,-0.027427007
7,252,H,-0.3508285
7,252,H,-0.017028244
7,252,H,-0.02419483
7,252,H,0.09726512
7,252,H,0.042353444
7,252,H,-0.101902634
7,252,V,0.5445571
7,252,V,-0.29538628
7,252,V,-0.10162637
7,252,V,0.049297106
7,252,V,-0.40038583
7,253,H,0.8873528
7,253,H,0.33020246
7,253,H,0.2564036
7,253,H,0.049566958
7,253,H,0.2652211
7,253,H,0.13175003
7,253,H,-0.19063044
7,253,V,0.2501944
7,253,V,0.24149196
7,254,H,0.99366826
7,254,H,0.8699937
7,254,H,0.8754471
7,255,H,0.97476596
7,255,H,-1.0
7,255,H,1.0
7,255,H,-1.0
7,255,H,1.0
7,255,H,-1.0
7,255,H,1.0
7,255,H,-0.9863224
7,255,V,1.0
7,255,V,1.0
7,255,V,-0.9994784
7,255,V,1.0
7,255,V,0.9960458
7,255,V,-0.99894416
7,256,V,0.6044722
7,256,V,-0.0020486156
7,256,V,-0.041224618
7,256,V,0.01393369
7,256,V,-0.29096723
7,257,H,-0.6626142
7,257,V,-0.13265723
7,257,V,-0.2973484
7,257,V,-0.4195788
7,257,V,-0.32224342
7,257,V,-0.42286685
7,258,H,0.43633267
7,258,H,0.37666726
7,258,H,-0.1292469
7,258,H,0.3013774
7,258,V,0.11759084
7,258,V,0.19143477
7,258,V,0.520252
7,259,H,0.43387285
7,259,H,0.99745595
7,259,H,0.99692476
7,259,H,0.9900909
7,259,V,-0.90024984
7,259,V,-1.0
7,259,V,-1.0
7,259,V,-1.0
7,260,H,-0.34071767
7,260,H,-0.13428791
7,260,H,-0.035228573
7,261,H,0.28632563
7,261,H,-0.21316142
7,261,H,0.2997586
7,261,H,-0.1672075
7,261,H,0.31539017
7,261,H,-0.13183497
7,261,H,0.23422527
7,261,H,-0.3775731
7,262,H,1.0
7,262,H,0.9081907
7,262,H,0.9498934
7,262,H,0.9820195
7,262,H,0.9964428
7,262,H,1.0
7,262,H,1.0
7,262,H,1.0
7,262,H,1.0
7,262,H,1.0
7,262,H,1.0
7,262,V,0.96727383
7,262,V,0.99050236
7,262,V,0.999573
7,262,V,0.885796
7,263,H,0.99979556
7,263,H,1.0
7,263,H,1.0
7,263,H,1.0
7,263,V,1.0
7,263,V,1.0
7,263,V,1.0
7,263,V,0.9948187
7,264,H,-1.0
7,264,V,-1.0
7,264,V,-1.0
7,264,V,-1.0
7,264,V,-1.0
7,264,V,-1.0
7,265,V,-0.999674
7,266,H,-1.0
7,266,V,0.039289907
7,266,V,0.050934173
7,266,V,-0.95578706
7,266,V,-0.9761791
7,266,V,-0.9627029
7,266,V,-0.9947685
7,267,H,-0.12964159
7,267,H,-0.04437851
7,267,H,-0.1689283
7,267,V,-0.5991322
7,267,V,-0.20240417
7,267,V,-0.22915332
7,267,V,0.3878506
7,268,H,0.9746937
7,268,H,0.98568845
7,268,H,0.9840343
7,268,H,0.9721755
7,268,V,-1.0
7,268,V,-1.0
7,268,V,-0.9999508
7,268,V,-0.99980694
7,269,H,0.21781996
7,269,H,0.14712211
7,269,H,0.34643373
7,269,H,0.21422641
7,269,H,0.23088765
7,269,V,-0.26084882
7,269,V,-0.164537
7,269,V,-0.13722174
7,269,V,-0.020128699
7,269,V,0.021904595
7,269,V,0.10082599
7,269,V,-0.038246423
7,269,V,0.0726018
7,269,V,0.10440255
7,269,V,-0.015534729
7,270,V,-0.8922259
7,270,V,-0.77723473
7,270,V,-0.74643904
7,271,H,-1.0
7,271,H,-1.0
7,271,H,-1.0
7,271,H,-1.0
7,271,V,-0.101973265
7,271,V,-0.48140445
7,271,V,-0.3800314
7,271,V,-0.6232526
7,272,H,-0.1731208
7,272,V,-0.17706236
7,272,V,-0.33612168
7,272,V,-0.31290928
7,272,V,-0.18490085
7,273,H,1.0
7,273,H,1.0
7,273,H,1.0
7,273,H,1.0
7,273,H,1.0
7,273,H,0.9817025
7,273,H,0.8168499
7,273,H,1.0
7,273,H,0.9862014
7,273,H,0.6810972
7,273,V,0.9706686
7,273,V,1.0
7,273,V,1.0
7,274,H,-0.031513333
7,274,H,-0.011341391
7,274,H,0.0056721424
7,274,H,-0.029074583
7,274,H,-0.004225466
7,274,H,0.004828548
7,274,H,-0.31346613
7,274,V,-0.28212446
7,274,V,-0.0037798912
7,274,V,0.009196105
7,274,V,0.014445739
7,274,V,0.018233055
7,274,V,0.015090821
7,274,V,-0.00023792796
7,275,H,0.08512281
7,275,H,0.13566417
7,275,H,0.06109352
7,275,H,0.42633224
7,275,H,-0.36258528
7,275,H,-0.05182974
7,275,H,-0.049927596
7,275,H,-0.021276576
7,275,H,0.16814269
7,275,H,-0.33788854
7,275,H,-0.049614366
7,275,H,-0.040396597
7,275,H,-0.0348005
7,275,H,0.18157059
7,275,H,-0.5070997
7,275,H,-0.1390127
7,275,H,-0.1207977
7,275,H,-0.08314223
7,275,H,0.041696273
7,275,V,-0.51946986
7,275,V,-0.19690467
7,275,V,-0.010096796
7,275,V,-0.26151142
7,275,V,0.026480867
7,275,V,0.036592443
7,275,V,0.024330456
7,275,V,0.19780737
7,275,V,-0.22546771
7,275,V,0.02752005
7,275,V,0.04897387
7,275,V,0.03395723
7,275,V,0.18312524
7,275,V,0.115700185
7,275,V,0.16462213
7,275,V,0.18435368
7,275,V,0.40468508
7,276,H,-0.9978975
7,276,H,-1.0
7,276,H,-0.8431728
7,276,H,-0.84465706
7,276,H,-1.0
7,276,V,-0.19016925
7,276,V,-0.35543162
7,276,V,0.36268348
7,276,V,-0.29377824
7,276,V,-0.24928415
7,276,V,0.39528686
7,276,V,-0.38210943
7,276,V,0.07461071
7,276,V,0.24337114
7,276,V,0.045724116
7,277,H,0.5440051
7,277,H,0.4692519
7,277,H,0.5609606
7,277,H,0.45215684
7,277,H,0.47489563
7,277,H,0.41819075
7,277,H,0.34945777
7,277,V,1.0
7,277,V,1.0
7,277,V,1.0
7,278,H,-1.0
7,278,V,-1.0
7,278,V,-1.0
7,278,V,-1.0
7,278,V,-1.0
7,278,V,-1.0
7,278,V,-1.0
7,278,V,-1.0
7,278,V,-1.0
7,278,V,-1.0
7,278,V,-1.0
7,278,V,-1.0
7,278,V,-1.0
7,278,V,-1.0
7,278,V,-1.0
7,279,V,0.10638761
7,279,V,-0.08858322
7,279,V,-0.079136625
7,279,V,-0.20015155
7,280,V,-0.10503088
7,280,V,-0.042330388
7,280,V,-0.02244971
7,280,V,-0.039485347
7,280,V,0.1822694
7,280,V,-0.10437767
7,280,V,-0.0262913
7,280,V,0.0027766193
7,280,V,-0.024998188
7,280,V,0.20671247
7,281,H,-0.11140327
7,281,H,-0.20840874
7,281,H,-0.21101138
7,281,H,-0.0039131837
7,282,H,0.9929166
7,282,H,0.9775763
7,282,H,0.9845837
7,282,H,0.995746
7,282,V,-0.94044244
7,282,V,-0.9709315
7,282,V,-0.957848
7,282,V,-0.9299356
7,283,H,-1.0
7,283,H,-1.0
7,283,H,-1.0
7,283,H,0.9505642
7,283,H,1.0
7,283,H,1.0
7,283,H,1.0
7,283,V,1.0
7,283,V,1.0
7,283,V,1.0
7,283,V,1.0
7,284,V,0.14022417
7,284,V,0.20728277
7,284,V,0.3064869
7,284,V,0.0916453
7,284,V,0.10030444
7,284,V,0.2600829
7,284,V,0.078083985
7,284,V,-0.012246705
7,284,V,0.26492617
7,284,V,-0.032276336
7,284,V,-0.029570218
7,284,V,-0.06019002
7,284,V,0.2940026
7,285,H,0.16442388
7,285,H,0.08715473
7,285,H,0.0698348
7,285,H,0.05252709
7,285,H,4.171058e-05
7,285,H,0.08237999
7,285,H,0.026328176
7,285,H,0.049309377
7,285,H,0.026050577
7,285,H,0.029444845
7,285,H,0.07910399
7,285,H,0.03524046
7,285,H,0.03383566
7,285,H,0.048649248
7,285,H,0.044095453
7,285,H,0.05240445
7,285,H,0.05275099
7,285,H,0.057717845
7,285,H,0.054278206
7,285,H,0.004461956
7,286,H,-0.9797319
7,286,H,-0.9996913
7,286,H,-0.99860775
7,286,H,-0.99995315
7,286,H,-0.9980986
7,286,V,-0.44533122
7,286,V,-0.14200896
7,286,V,-0.15839769
7,286,V,0.009394667
7,287,H,-0.6145835
7,287,H,-0.59002906
7,287,H,-0.6000866
7,287,H,-0.44954175
7,287,V,-0.7439719
7,287,V,-0.98282766
7,287,V,-0.9818853
7,288,H,0.42235863
7,288,H,-0.094242744
7,288,H,-0.18248829
7,288,H,-0.31993818
7,288,H,0.62366384
7,288,H,-0.044389397
7,288,H,-0.16696331
7,288,H,-0.09262476
7,288,H,0.6623572
7,288,H,-0.16925061
7,288,H,-0.10308774
7,288,H,-0.024725823
7,288,H,-0.090935156
7,288,H,-0.14555566
7,288,H,-0.021533096
7,288,V,0.9999215
7,288,V,0.90564805
7,288,V,0.89283365
7,288,V,0.9866024
7,288,V,1.0
7,288,V,1.0
7,288,V,1.0
7,289,H,0.34618038
7,289,H,0.045433644
7,289,H,-0.16147296
7,289,H,0.091740295
7,289,H,-0.60454035
7,289,H,-0.11081921
7,289,V,-0.32424802
7,289,V,-0.15289901
7,289,V,0.22971822
7,289,V,-0.107990116
7,289,V,0.27138832
7,290,V,0.027111795
7,290,V,-0.010844523
7,290,V,0.079652764
7,290,V,0.04466681
7,290,V,0.17032027
7,290,V,0.09861715
7,290,V,0.24200052
7,290,V,0.113870755
7,290,V,0.14134993
7,290,V,0.28546616
7,291,H,-0.41244262
7,291,V,0.32726362
7,291,V,0.29906476
7,291,V,0.3019861
7,292,H,0.7117618
7,292,H,0.79885113
7,292,H,0.87191516
7,292,H,0.47501478
7,292,H,0.93647385
7,292,H,0.5232447
7,292,H,0.90630794
7,292,H,0.47967327
7,292,H,0.9201174
7,292,H,0.90695196
7,292,H,0.51475435
7,292,V,-0.8907467
7,292,V,-0.8545072
7,292,V,-0.82842165
7,292,V,-0.8601714
7,293,H,0.987072
7,293,H,1.0
7,293,H,0.9991834
7,293,H,0.9975054
7,293,H,0.99145234
7,293,V,0.45141834
7,293,V,0.26070905
7,293,V,-0.1792125
7,293,V,0.60321444
7,293,V,0.42503604
7,293,V,0.36802205
7,293,V,-0.16228837
7,293,V,0.52964276
7,293,V,0.52015287
7,293,V,0.40736118
7,293,V,0.49662164
7,293,V,0.5231714
7,294,H,0.99997616
7,294,H,0.98629344
7,294,H,1.0
7,294,H,1.0
7,294,V,1.0
7,295,V,-1.0
7,295,V,-1.0
7,296,H,0.3779415
7,296,H,0.21653517
7,296,H,0.72845703
7,296,H,0.79223835
7,296,H,0.87965643
7,296,H,0.78569216
7,296,H,0.74290335
7,296,H,0.78898793
7,296,H,0.6452389
7,296,H,0.7224
7,296,V,-0.44031927
7,296,V,-0.34581733
7,296,V,-0.5383139
7,296,V,-0.58761287
7,297,H,-1.0
7,297,H,-1.0
7,297,H,-1.0
7,297,H,-1.0
7,297,H,-0.9818045
7,297,V,0.9728361
7,297,V,1.0
7,298,H,-0.468156
7,298,H,-0.6893205
7,298,H,-0.6753739
7,298,H,-0.5975698
7,298,H,-0.5612723
7,298,H,-0.74328494
7,298,H,-0.7209792
7,298,H,-0.71028835
7,298,H,-0.55770123
7,298,H,-0.6653484
7,298,H,-0.7470516
7,298,H,-0.64518416
7,298,H,-0.78253305
7,298,H,-0.7876782
7,298,V,0.4631891
7,298,V,0.44986823
7,299,V,1.0
7,299,V,1.0
7,299,V,1.0
7,299,V,1.0
7,299,V,1.0
7,299,V,1.0
7,299,V,1.0
7,299,V,1.0
7,299,V,1.0
7,299,V,1.0
7,299,V,1.0
7,299,V,1.0
7,300,H,-1.0
7,300,H,0.87651426
7,301,V,-0.44195917
7,301,V,0.031295005
7,301,V,-0.053375557
7,301,V,-0.43384594
7,301,V,-0.039242763
7,301,V,-0.8976659
7,301,V,-0.793389
7,301,V,-0.49784988
7,302,V,0.113997675
7,302,V,0.13710646
7,302,V,0.11789861
7,302,V,0.11620904
7,302,V,0.1742187
7,302,V,0.3025801
7,302,V,0.10753434
7,302,V,0.22259566
7,302,V,0.23540653
7,302,V,0.23151878
7,302,V,0.40253252
7,302,V,0.042867877
7,302,V,0.2405469
7,302,V,0.2094788
7,303,V,0.5626965
7,303,V,0.56257415
7,303,V,0.52713066
7,304,H,-0.48329335
7,304,H,-0.5123475
7,304,H,-0.48801938
7,304,H,-0.17974193
7,304,V,0.9989553
7,304,V,0.99991286
7,304,V,1.0
7,304,V,0.9977465
7,305,H,1.0
7,305,V,0.34991655
7,305,V,0.28124842
7,305,V,0.26406297
7,305,V,0.29498464
7,305,V,0.30288106
7,305,V,0.12558559
7,305,V,0.26270074
7,305,V,0.0421769
7,305,V,0.33946055
7,305,V,0.19738658
7,305,V,0.21381003
7,305,V,0.2035997
7,305,V,0.23712626
7,305,V,-0.13683023
7,305,V,0.1265038
7,305,V,0.052214675
7,306,H,0.9936713
7,306,H,0.9974956
7,306,H,0.98327607
7,306,H,0.99740684
7,306,H,0.9901641
7,306,H,0.99945253
7,306,H,0.98866755
7,306,H,0.96770644
7,306,H,1.0
7,306,V,0.79035974
7,307,H,-0.02485237
7,307,H,-0.12203759
7,307,H,-0.13417828
7,307,H,-0.0730556
7,308,H,-0.96822715
7,308,H,-1.0
7,308,H,-1.0
7,308,H,-1.0
7,308,H,-0.8770217
7,308,H,0.12909117
7,309,H,0.53586817
7,309,H,0.51168305
7,309,H,0.41035748
7,309,H,0.36788407
7,309,H,0.22168092
7,309,H,0.32869357
7,309,H,0.426634
7,309,H,0.2556074
7,309,H,0.3246364
7,309,H,0.31405696
7,309,H,0.33487305
7,309,H,0.30092853
7,309,H,0.38612723
7,309,V,0.8888656
7,309,V,0.77177006
7,309,V,0.83607566
7,309,V,0.75575554
7,309,V,0.986804
7,309,V,0.9074143
7,309,V,0.7874621
7,309,V,0.8286365
7,309,V,0.79844207
7,309,V,0.9949437
7,309,V,0.9529672
7,309,V,0.58497685
7,309,V,0.7225733
7,309,V,0.68702096
7,309,V,0.9545783
7,310,H,0.7189301
7,310,H,0.70340955
7,310,H,0.3997274
7,310,H,0.9883671
7,310,H,0.48019308
7,310,H,0.12985682
7,310,H,0.8882141
7,310,H,0.29592746
7,310,H,0.3002771
7,310,H,0.7871842
7,310,H,-0.1883936
7,310,V,-0.99474996
7,310,V,-1.0
7,310,V,0.08199955
7,310,V,-0.15672746
7,310,V,0.87808615
7,310,V,0.14133184
7,310,V,0.04337494
7,310,V,0.76953316
7,310,V,0.3142549
7,310,V,0.98558515
7,311,H,-0.28947237
7,311,H,-0.23895021
7,311,H,-0.22341011
7,311,H,-0.42961204
7,311,H,-0.018442402
7,311,H,-0.31511298
7,311,H,-0.029742785
7,311,H,-0.27944928
7,312,H,0.013362028
7,312,H,0.048570275
7,312,H,0.037363738
7,312,H,-0.023563271
7,312,H,0.024308292
7,312,H,0.06494677
7,312,H,-0.14696598
7,312,H,-0.115436405
7,312,H,-0.1727601
7,312,V,-0.24699377
7,312,V,-0.21676005
7,312,V,-0.05064271
7,312,V,0.17102236
7,312,V,0.14623274
7,312,V,0.18914242
7,312,V,0.19582209
7,312,V,0.15747757
7,312,V,0.18792133
7,313,H,0.06511761
7,313,H,0.01702309
7,313,H,0.08464163
7,313,H,0.015939917
7,313,H,0.06918377
7,313,H,0.06387955
7,313,H,-0.01140921
7,313,H,-0.030412171
7,313,V,-0.08647076
7,313,V,-0.08825749
7,313,V,0.059225243
7,313,V,0.026707355
7,313,V,0.09231773
7,313,V,0.028420141
7,313,V,0.20035782
7,313,V,0.22722319
7,314,H,-0.26833445
7,314,H,-0.47365794
7,314,H,-0.16080993
7,314,H,-0.65031445
7,314,H,0.35583115
7,314,H,0.24349806
7,314,H,-0.5985336
7,315,H,-0.13911152
7,315,H,-0.15521634
7,315,H,-0.112340234
7,315,H,-0.3531895
7,315,H,-0.14521769
7,315,V,0.14188635
7,315,V,0.054834623
7,315,V,0.043851163
7,315,V,-0.008914896
7,315,V,-0.01886871
7,315,V,-0.0051133945
7,315,V,0.0034469645
7,315,V,-0.027337613
7,315,V,-0.0028496003
7,315,V,-0.0010396617
7,316,H,0.9996971
7,316,V,-0.9705687
7,317,V,-0.33732316
7,317,V,-0.12553886
7,317,V,-0.18130435
7,317,V,-0.041705657
7,318,H,0.047919128
7,318,H,0.040599737
7,318,H,-0.03678066
7,318,H,0.06490688
7,318,H,0.018025225
7,318,H,0.029142624
7,318,H,-0.024821032
7,318,H,0.085980564
7,318,V,-0.14789382
7,318,V,-0.065914094
7,318,V,-0.08515232
7,318,V,-0.026093604
7,318,V,-0.028605068
7,319,H,0.083186
7,319,H,0.13138732
7,319,H,0.13376999
7,319,H,0.19767416
7,319,V,0.26060492
7,319,V,0.21777971
7,319,V,0.23742309
7,319,V,0.20493542
7,319,V,0.10504746
7,320,H,-1.0
7,320,V,-0.927039
7,320,V,-0.16999008
7,320,V,-0.92020136
7,320,V,0.3577543
7,320,V,-0.9200071
7,320,V,0.31498402
7,320,V,0.9890668
7,321,H,0.015058932
7,321,H,0.052133556
7,321,H,0.0923158
7,321,H,-0.020711342
7,321,V,0.39862698
7,321,V,0.51670146
7,321,V,0.50351536
7,321,V,0.7812191
7,322,H,0.98864716
7,323,H,-0.3899957
7,323,H,0.4534518
7,323,H,0.42834345
7,323,H,-0.15178761
7,323,V,-0.9953872
7,323,V,-0.9945355
7,323,V,-0.9885654
7,323,V,-1.0
7,323,V,-0.99760485
7,324,H,1.0
7,324,H,1.0
7,324,H,1.0
7,324,H,1.0
7,325,H,-0.9993276
7,325,H,-0.99835944
7,325,H,-0.99620026
7,325,H,0.14247262
7,325,H,0.14580959
7,325,H,0.20259087
7,325,H,0.17492048
7,325,H,-0.57891434
7,325,V,0.36068
7,325,V,0.4183561
7,325,V,0.5606022
7,325,V,-0.1457295
7,325,V,-0.90276307
7,325,V,-0.9101062
7,325,V,-0.9623044
7,325,V,-0.98773587
7,325,V,-0.9755471
7,326,H,0.7737006
7,326,H,0.22127606
7,326,H,0.34187752
7,326,H,0.07154797
7,326,H,0.9584034
7,326,H,0.25501528
7,326,H,0.94886994
7,326,H,0.22954857
7,326,H,0.96031797
7,326,H,0.2444053
7,326,V,0.42136884
7,326,V,0.3505732
7,326,V,0.2060332
7,326,V,0.21377434
7,326,V,0.3210895
7,326,V,0.4316665
7,327,H,0.19871671
7,327,H,0.15399559
7,327,H,0.25519565
7,327,H,0.121126495
7,327,H,0.119872354
7,327,H,0.07631904
7,327,V,-0.12238801
7,327,V,-0.20991172
7,327,V,-0.2951573
7,327,V,0.027250705
7,327,V,-0.13662697
7,327,V,-0.029570354
7,327,V,-0.19939736
7,327,V,0.14769372
7,328,H,0.43076178
7,328,H,0.2021207
7,328,H,0.4662006
7,328,H,0.27472523
7,328,V,0.032648575
7,328,V,-0.011833581
7,328,V,-0.17280853
7,328,V,0.0665531
7,328,V,0.06784641
7,328,V,0.122144096
7,329,V,0.17890808
7,329,V,0.18420479
7,329,V,0.1807499
7,329,V,0.16431557
7,329,V,0.27496365
7,329,V,0.013701204
7,329,V,0.005057313
7,329,V,-0.02274828
7,329,V,-0.047858983
7,329,V,0.107685246
7,329,V,0.0043940553
7,329,V,-0.01314924
7,329,V,-0.020461207
7,329,V,-0.010365204
7,329,V,0.11343052
7,329,V,-0.13824123
7,329,V,-0.18929762
7,329,V,-0.14161126
7,329,V,-0.15293057
7,329,V,-0.15503232
7,330,H,0.11385409
7,330,H,0.35252267
7,330,H,0.21282569
7,330,H,0.35229808
7,330,V,0.75734127
7,331,V,-0.108429775
7,331,V,-0.09848809
7,331,V,0.024298899
7,331,V,0.35801142
7,332,V,-0.4022426
7,332,V,-0.87180144
7,332,V,-0.8135621
7,333,H,1.0
7,333,H,1.0
7,333,H,0.9554018
7,333,V,-0.9943737
7,333,V,-0.2592712
7,333,V,0.5237566
7,333,V,-0.99075234
7,333,V,-0.36066326
7,333,V,0.6747748
7,333,V,-0.9874657
7,333,V,-0.3241035
7,333,V,0.5574427
7,333,V,-0.50713366
7,333,V,0.47400025
7,334,H,-0.9233711
7,334,H,-0.5930355
7,334,H,-0.38818517
7,334,H,-0.3721571
7,335,H,-0.9880144
7,335,H,-0.9958157
7,335,H,-0.9466412
7,335,H,0.4450572
7,335,V,0.33645135
7,335,V,0.52991605
7,335,V,0.5350075
7,335,V,-0.9984215
7,335,V,-0.8040447
7,335,V,-0.9611119
7,335,V,-0.9222463
7,336,H,0.41402242
7,336,H,0.42353874
7,337,H,0.9998261
7,337,H,-1.0
7,337,H,0.99926025
7,337,H,-1.0
7,337,H,1.0
7,337,H,-0.9970138
7,337,H,1.0
7,337,V,-1.0
7,337,V,0.99038893
7,337,V,-1.0
7,337,V,0.99056405
7,337,V,-1.0
7,337,V,0.98315454
7,337,V,-1.0
7,337,V,0.96411175
7,338,H,0.5206122
7,338,H,0.03791938
7,338,H,0.08448032
7,338,H,-1.7067328e-05
7,338,H,-0.0027966537
7,338,H,0.10329408
7,338,V,-0.16434002
7,338,V,-0.2117953
7,338,V,-0.1821741
7,338,V,0.08690918
7,338,V,-0.003413414
7,338,V,-0.05041121
7,338,V,-0.00040417962
7,338,V,0.18442386
7,338,V,-0.2860697
7,338,V,0.057186328
7,338,V,0.1575391
7,339,H,0.26369047
7,339,H,0.08128335
7,339,H,0.13499732
7,339,H,0.029117545
7,340,H,1.0
7,340,H,-1.0
7,340,H,1.0
7,340,H,-1.0
7,340,H,1.0
7,340,H,-1.0
7,340,H,-1.0
7,340,V,1.0
7,340,V,-1.0
7,340,V,1.0
7,340,V,-1.0
7,340,V,1.0
7,340,V,-1.0
7,340,V,1.0
7,340,V,-1.0
7,341,H,-0.7646617
7,341,H,-0.7645305
7,341,H,-0.71706724
7,341,H,-0.94121027
7,341,H,-0.92031455
7,341,H,-0.9108329
7,341,V,0.5100035
7,341,V,0.35419604
7,341,V,0.36534062
7,341,V,0.5525684
7,341,V,0.33798304
7,341,V,0.30887532
7,341,V,0.04072631
7,341,V,-0.46563986
7,341,V,-0.4554096
7,341,V,-0.5191916
7,342,H,0.016454216
7,342,H,-0.23318037
7,342,H,-0.19194314
7,342,H,-0.22666012
7,342,H,0.0200588
7,342,H,-0.22911742
7,342,H,-0.23714785
7,342,H,-0.19906425
7,342,V,-0.49085033
7,342,V,-0.2533428
7,342,V,-0.27592242
7,342,V,-0.14073983
7,343,V,0.06095892
7,343,V,0.09801895
7,343,V,-0.014071733
7,343,V,0.18970348
7,343,V,-0.45356128
7,343,V,0.14115451
7,343,V,-0.3746879
7,343,V,0.19337335
7,343,V,-0.35813263
7,344,H,-0.6133713
7,344,H,-0.1947316
7,344,H,-0.037424847
7,344,H,-0.06445622
7,344,H,-0.21318318
7,344,H,-0.87359685
7,344,H,-0.19491602
7,344,H,0.03935821
7,344,H,-0.1580344
7,344,H,-0.3059517
7,344,H,-0.8753981
7,344,H,-0.10817148
7,344,H,-0.18961962
7,344,H,0.03410471
7,344,H,-0.26408252
7,344,H,-0.45867035
7,344,H,-0.107281916
7,344,H,-0.25322056
7,344,H,-0.23494217
7,344,H,-0.35641557
7,344,V,-0.112049356
7,344,V,0.22656676
7,344,V,0.18042341
7,344,V,0.29116276
7,344,V,-0.047852345
7,344,V,0.13146874
7,344,V,0.01444782
7,344,V,-0.11611369
7,344,V,0.23415756
7,344,V,0.14974897
7,344,V,-0.06555825
7,344,V,0.3118685
7,344,V,0.3085766
7,345,H,0.001991083
7,345,H,-0.081371255
7,345,H,-0.004152953
7,345,H,-0.1996835
7,345,V,0.07209326
7,345,V,0.006698416
7,345,V,0.06277084
7,346,H,-0.047878228
7,346,H,-0.06816168
7,346,H,-0.053249594
7,346,H,-0.002560319
7,346,H,-0.12482002
7,346,H,-0.12977122
7,346,H,-0.39599288
7,346,V,-0.41965625
7,346,V,-0.23865025
7,346,V,-0.0027118255
7,346,V,-0.25603387
7,346,V,-0.12452221
7,346,V,-0.23734744
7,346,V,-0.15674955
7,346,V,-0.33713675
7,346,V,-0.1323291
7,346,V,-0.24609958
7,346,V,-0.10115382
7,347,H,1.0
7,347,H,1.0
7,347,H,1.0
7,347,H,1.0
7,347,H,1.0
7,347,V,1.0
7,347,V,1.0
7,347,V,-1.0
7,348,V,0.93192226
7,348,V,1.0
7,348,V,1.0
7,348,V,1.0
7,348,V,0.9919198
7,349,H,0.44151387
7,349,H,-0.03777182
7,349,H,-0.56231475
7,349,H,-0.05929272
7,349,H,-0.032222807
7,349,H,-0.5345034
7,349,H,-0.33945173
7,349,H,-0.7452843
7,349,V,0.70459986
7,349,V,-0.28029293
7,349,V,-0.20306775
7,349,V,-0.17240229
7,349,V,0.6363832
7,349,V,-0.22724834
7,349,V,-0.19148491
7,349,V,-0.2672884
7,349,V,0.5202092
7,349,V,0.06822109
7,349,V,-0.007062591
7,349,V,0.039995003
7,350,H,-0.11463861
7,350,H,-0.2088788
7,350,H,0.2906481
7,350,H,-0.57806873
7,350,H,0.21806322
7,350,H,-0.27932876
7,350,H,0.35177407
7,350,V,0.10227289
7,350,V,0.7047999
7,350,V,-0.34119764
7,350,V,-0.26264128
7,350,V,-0.030253775
7,350,V,0.085228115
7,351,H,0.119181976
7,351,H,0.14566284
7,351,H,-0.01746886
7,351,H,-0.0062179007
7,351,H,-0.06763485
7,351,H,-0.010224082
7,351,H,-0.07259457
7,351,H,-0.072969116
7,351,V,0.0025066638
7,351,V,-0.02556722
7,351,V,-0.04169644
7,351,V,-0.020965189
7,351,V,-0.079803385
7,351,V,-0.009495833
7,351,V,0.20597993
7,351,V,0.111346506
7,351,V,0.090982445
7,352,H,0.9387977
7,352,V,-0.38570598
7,352,V,-0.38737988
7,352,V,-0.5900655
7,353,H,-0.9874072
7,353,H,-0.8022262
7,354,V,0.585622
7,354,V,0.83401656
7,354,V,0.7634158
7,354,V,0.67668337
7,354,V,0.7194146
7,354,V,0.07145926
7,355,H,-1.0
7,355,H,-1.0
7,355,H,-1.0
7,355,V,-1.0
7,355,V,-1.0
7,356,V,-0.67493063
7,357,V,-0.15867323
7,357,V,-0.2059066
7,357,V,-0.18835914
7,357,V,-0.26631984
7,358,V,-0.90381354
7,358,V,-0.993088
7,358,V,-0.98715794
7,358,V,-0.98875815
7,359,H,-1.0
7,359,H,-0.99744266
7,359,H,-1.0
7,360,H,-0.20771307
7,360,H,0.0010309637
7,360,H,-0.38220397
7,360,H,0.22543143
7,360,H,-0.2874872
7,360,H,-0.18209985
7,360,H,-0.29567918
7,360,H,-0.053031024
7,360,H,-0.3438817
7,360,H,-0.21569651
7,360,H,-0.10729036
7,360,H,0.12153899
7,360,H,-0.30833316
7,360,H,-0.33806148
7,360,H,-0.12591101
7,360,V,0.10799783
7,360,V,0.3948124
7,360,V,0.24711601
7,360,V,0.4541862
7,360,V,0.15659301
7,360,V,0.15990464
7,360,V,0.48016095
7,360,V,0.3670732
7,360,V,0.15505815
7,360,V,0.3393973
7,360,V,0.54701525
7,360,V,0.3102505
7,360,V,0.25748214
7,360,V,0.02727895
7,360,V,0.30607334
7,360,V,0.35385883
7,361,H,0.80455744
7,361,H,0.83948207
7,361,H,0.8427341
7,361,H,0.8321466
7,361,V,0.06511579
7,361,V,-0.011819579
7,361,V,0.013351744
7,361,V,-0.0077897995
7,361,V,-0.09236079
7,361,V,-0.010230586
7,361,V,0.099464856
7,362,H,-0.5095443
7,362,H,-0.78855276
7,362,H,-0.83031946
7,362,H,0.17409027
7,362,V,0.54382265
7,362,V,0.26713637
7,362,V,0.3415036
7,362,V,0.22279058
7,362,V,-0.024144255
7,362,V,-0.06921855
7,362,V,-0.27177602
7,362,V,-0.29429325
7,362,V,-0.5190213
7,362,V,-0.31571415
7,363,H,-0.4665115
7,363,H,-0.18578818
7,363,H,-0.67587304
7,363,H,-0.7989764
7,363,H,-0.53277725
7,363,H,-0.7624654
7,363,H,-0.29838324
7,363,H,-0.656403
7,363,H,-0.71707416
7,363,H,-0.5408277
7,363,H,-0.70180535
7,363,H,0.012023253
7,363,H,-0.56997395
7,363,H,-0.44922847
7,363,H,-0.42829806
7,363,H,-0.7214197
7,363,V,-0.20268504
7,363,V,-0.07401691
7,363,V,0.015760558
7,363,V,0.1682116
7,363,V,0.025414493
7,363,V,-0.034604263
7,363,V,-0.42307708
7,363,V,-0.22567922
7,364,H,0.6593921
7,364,H,0.25535512
7,364,H,0.39530343
7,364,H,0.054263867
7,364,H,0.60482955
7,364,H,0.019220704
7,364,H,0.09792654
7,364,H,0.0014773897
7,364,H,0.6459979
7,364,H,-0.022338877
7,364,H,0.094549865
7,364,H,0.23593044
7,364,H,0.05451462
7,364,H,0.063620165
7,364,H,0.28526008
7,364,V,0.031281628
7,364,V,0.055779483
7,364,V,-0.099896684
7,364,V,0.070929624
7,364,V,0.22122604
7,364,V,-0.069660515
7,364,V,0.27313885
7,364,V,-0.053794175
7,364,V,0.22104011
7,364,V,0.12416032
7,364,V,0.3875505
7,364,V,0.03172508
7,364,V,0.50375587
7,364,V,-0.21168017
7,364,V,0.37879574
7,364,V,0.2828219
7,365,V,0.18365371
7,365,V,0.1915133
7,365,V,0.2982791
7,365,V,-0.43104875
7,365,V,0.8767714
7,365,V,-0.13634542
7,365,V,-0.011895505
7,365,V,0.15678462
7,365,V,-0.77640706
7,365,V,0.8171474
7,365,V,-0.057071075
7,365,V,0.0021972365
7,365,V,-0.0321313
7,365,V,-0.74750555
7,365,V,0.37052956
7,365,V,-0.11099271
7,365,V,-0.2678539
7,365,V,-0.18089446
7,365,V,-0.79117876
7,366,H,-1.0
7,366,H,-1.0
7,366,H,-1.0
7,366,H,-0.9990955
7,366,V,0.75308496
7,366,V,0.6085078
7,366,V,0.08318091
7,366,V,0.41430914
7,367,H,-0.071032055
7,367,H,-0.040534366
7,367,H,-0.10468798
7,367,V,-0.00873815
7,367,V,-0.045171257
7,367,V,-0.024156945
7,367,V,-0.031905584
7,367,V,0.03547385
7,367,V,-0.0056716837
7,367,V,-0.024412517
7,367,V,-0.03329194
7,367,V,-0.037139557
7,367,V,0.020815799
7,368,V,-0.45968428
7,368,V,-0.24494995
7,368,V,-0.19679034
7,368,V,-0.06551257
7,368,V,-0.49187195
7,368,V,-0.30840954
7,368,V,-0.17068979
7,368,V,-0.19183671
7,369,H,-0.39306906
7,369,H,-0.40436813
7,369,H,-0.4007645
7,369,H,-0.021143239
7,369,H,0.18603958
7,369,H,0.46822718
7,369,H,0.2711915
7,369,H,0.47411364
7,369,H,0.42841336
7,369,H,0.5879011
7,369,H,0.5312346
7,369,H,0.60883325
7,370,H,-0.09896967
7,370,H,0.015401341
7,370,H,-0.0777823
7,370,H,0.00019049806
7,370,H,-0.08954583
7,370,H,-0.061491385
7,370,H,-0.10098406
7,370,H,-0.0035599414
7,370,V,0.16528313
7,370,V,0.16782264
7,370,V,0.1757697
7,370,V,0.15869163
7,370,V,0.14462037
7,371,V,-0.117386214
7,371,V,-0.10814126
7,371,V,-0.16223705
7,371,V,-0.16608968
7,372,V,0.15482926
7,372,V,-0.23481113
7,372,V,-0.086153746
7,372,V,-0.19509774
7,373,H,-0.07060811
7,373,H,-0.050503537
7,373,H,0.05882267
7,373,H,0.018809456
7,373,H,0.0009178799
7,373,H,0.03253233
7,373,H,0.07224262
7,373,H,0.035421956
7,373,V,0.16759814
7,373,V,0.17070818
7,373,V,0.19167787
7,373,V,0.13388792
7,373,V,0.106655605
7,373,V,0.11757015
7,374,H,0.15834753
7,374,H,0.10767056
7,374,H,0.12150277
7,374,H,-0.017978644
7,374,H,-0.022075232
7,374,H,0.011092584
7,374,H,0.00081358943
7,374,H,0.006105321
7,374,H,0.018921807
7,374,V,-0.13734205
7,374,V,-0.19939616
7,374,V,-0.05595616
7,374,V,-0.091219105
7,374,V,-0.047661908
7,374,V,-0.11292134
7,374,V,-0.00432558
7,374,V,-0.025293514
7,375,H,-1.0
7,375,H,-0.997929
7,375,H,1.0
7,375,H,-0.9965251
7,375,H,1.0
7,375,H,-1.0
7,375,H,1.0
7,375,V,0.22661825
7,375,V,0.996874
7,375,V,1.0
7,375,V,-0.58624744
7,375,V,0.99431634
7,375,V,-0.8283533
7,376,H,0.08540472
7,376,H,0.13290155
7,376,H,0.12174117
7,376,H,0.13940959
7,376,H,0.07690566
7,376,H,-0.044248123
7,376,H,0.03436628
7,376,H,0.12911014
7,376,H,-0.02221343
7,376,V,-0.10232165
7,376,V,-0.07258377
7,376,V,-0.023947813
7,376,V,-0.016281562
7,376,V,-0.01688507
7,376,V,0.0056058625
7,376,V,-0.04320434
7,376,V,0.092545696
7,377,H,0.118124396
7,377,H,-0.12030162
7,377,V,0.044675708
7,377,V,0.08565802
7,377,V,0.05992545
7,377,V,0.046463467
7,378,H,-0.8450513
7,378,H,-0.5476662
7,378,H,-0.6240287
7,378,H,-0.24117813
7,378,H,-0.32976326
7,378,H,-0.5856647
7,378,H,-0.4308987
7,378,H,-0.55564135
7,378,H,-0.26672283
7,378,H,-0.3080092
7,378,H,-0.30801702
7,378,V,0.003931687
7,378,V,0.26111114
7,378,V,0.28084704
7,378,V,-0.005811081
7,378,V,-0.010582511
7,378,V,-0.061054017
7,378,V,0.03821437
7,378,V,-0.033416703
7,378,V,0.044194423
7,378,V,-0.19699934
7,378,V,-0.20401652
7,379,V,-0.8219349
7,379,V,-0.9999205
7,379,V,-0.99527234
7,379,V,-0.99887353
7,379,V,-0.99726313
7,379,V,-0.64624184
7,379,V,-0.9661603
7,379,V,-0.99995303
7,379,V,-0.6443069
7,379,V,-0.9718266
7,380,H,0.61656857
7,380,V,-0.66016126
7,380,V,-0.7323947
7,380,V,-0.66650325
7,380,V,-0.72876185
7,380,V,-0.84174556
7,381,H,-0.049893986
7,381,H,-0.18806951
7,381,H,-0.104195096
7,381,H,-0.23289095
7,381,V,-0.5253912
7,381,V,-0.6056355
7,381,V,-0.624785
7,381,V,-0.696285
7,381,V,-0.5005502
7,381,V,-0.50084156
7,381,V,-0.43539652
7,382,V,-0.022144195
7,382,V,-0.07132816
7,382,V,-0.062530346
7,382,V,-0.009674684
7,383,H,-0.1462884
7,383,H,-0.019357678
7,383,H,0.040785067
7,383,H,0.30862257
7,383,V,-1.0
7,384,V,0.35375848
7,384,V,0.3080378
7,384,V,0.35546017
7,384,V,0.31991923
7,384,V,0.38604143
7,384,V,0.34136418
7,384,V,0.45609668
7,384,V,0.74904263
7,384,V,0.47187683
7,385,H,0.3678327
7,385,H,0.36743194
7,385,H,0.4014148
7,385,V,-1.0
7,385,V,-1.0
7,385,V,-0.21521957
7,385,V,-0.04149698
7,385,V,-0.18146352
7,385,V,0.04883021
7,385,V,0.100985415
7,385,V,-0.17472586
7,386,H,0.38231248
7,386,H,0.31171304
7,386,H,-0.10759896
7,386,H,-0.12180059
7,386,V,-0.5552814
7,386,V,-0.7601441
7,386,V,-0.9839416
7,386,V,-0.27059487
7,386,V,-0.2779822
7,386,V,-0.49529207
7,386,V,-0.29387122
7,386,V,-0.30011484
7,386,V,-0.45890817
7,387,H,1.0
7,387,H,1.0
7,387,H,1.0
7,387,H,1.0
7,387,V,1.0
7,387,V,1.0
7,387,V,1.0
7,388,H,0.15817577
7,388,H,0.17212811
7,388,H,0.15271379
7,388,H,0.127682
7,388,H,0.14293711
7,388,H,0.07888345
7,388,H,0.0084238835
7,388,V,-0.091300964
7,388,V,-0.053272426
7,388,V,0.033699512
7,388,V,-0.12210636
7,388,V,-0.040117543
7,388,V,0.028102707
7,388,V,0.33464283
7,389,H,-0.07498247
7,389,H,-0.092281096
7,389,H,-0.054944344
7,389,H,0.092033066
7,389,H,-0.08502849
7,389,H,-0.06483533
7,389,H,-0.08369346
7,389,H,0.109618925
7,389,V,-0.5615799
7,389,V,-0.024889851
7,389,V,0.01912119
7,389,V,0.04465511
7,389,V,0.010647553
7,389,V,-0.008654844
7,389,V,0.028219193
7,389,V,-0.022279179
7,389,V,0.020190552
7,389,V,0.526906
7,390,H,1.0
7,390,H,1.0
7,390,H,1.0
7,390,H,1.0
7,390,V,1.0
7,390,V,1.0
7,390,V,1.0
7,390,V,1.0
7,391,H,-0.08455266
7,391,H,-0.03424819
7,391,H,-0.06758204
7,391,H,-0.07775552
7,392,H,-0.47661558
7,392,H,-0.35880512
7,392,H,-0.4319474
7,392,H,-0.3559154
7,392,H,-0.39952177
7,392,H,-0.24532413
7,392,H,-0.23975815
7,392,H,-0.2709413
7,392,V,-0.25815007
7,392,V,-0.013801789
7,392,V,-0.09441192
7,392,V,0.08670457
7,392,V,0.034322854
7,392,V,-0.02205469
7,392,V,0.056010656
7,392,V,0.12031817
7,393,H,-0.0010596659
7,393,H,0.016311131
7,393,H,0.0043953033
7,393,H,0.0075395918
7,393,H,-0.063605286
7,393,H,-0.076151885
7,393,V,0.06927382
7,393,V,0.02938943
7,393,V,0.24588567
7,393,V,0.0427505
7,393,V,0.06142448
7,393,V,0.23733345
7,393,V,0.19879192
7,393,V,0.18129478
7,393,V,0.5177989
7,394,V,0.98848575
7,394,V,1.0
7,394,V,1.0
7,395,H,0.6381152
7,395,H,0.8526386
7,395,H,0.800184
7,395,H,0.79480857
7,395,V,-0.99564064
7,395,V,-0.9895121
7,395,V,-0.9398485
7,395,V,-0.6775342
7,396,H,0.46432507
7,396,H,0.10792082
7,396,H,0.11863705
7,396,V,-0.5259691
7,396,V,-0.28453755
7,396,V,0.03849812
7,396,V,0.094107874
7,396,V,0.03824065
7,396,V,0.09150596
7,397,V,0.3635259
7,397,V,0.68102384
7,397,V,0.5583715
7,397,V,0.643482
7,397,V,0.8238445
7,397,V,0.6205157
7,397,V,0.5971687
7,397,V,0.7246267
7,397,V,0.6454526
7,397,V,0.8977264
7,398,H,-0.15613699
7,398,H,0.04190458
7,398,H,0.03926719
7,398,H,0.06265331
7,398,H,0.22393754
7,398,H,-0.12991506
7,398,H,0.0822661
7,398,H,0.057962768
7,398,H,0.04664108
7,398,H,0.1922989
7,398,H,-0.34296486
7,398,V,-0.06078599
7,398,V,-0.026083037
7,399,H,-0.45017302
7,399,H,-0.57122827
7,399,H,-0.26407698
7,399,H,-0.15930383
7,399,H,-0.57898855
7,399,H,-0.13233182
7,399,H,-0.25444442
7,399,H,-0.25991437
7,399,H,-0.45400196
7,399,H,-0.51928014
7,399,H,-0.55455714
7,399,H,-0.64603806
7,399,V,-0.748997
7,399,V,-0.7862834
7,399,V,-0.6593627
7,399,V,-0.5931938
7,399,V,-0.6796295
7,399,V,-0.41270795
7,399,V,-0.6509145
7,399,V,-0.6534411
7,399,V,-0.57353455
7,399,V,-0.31378368
7,400,H,0.2796171
7,400,H,0.31177697
7,400,H,0.30650577
7,400,H,0.35136726
7,400,H,0.21760792
7,401,H,-0.29287776
7,401,H,-0.50905716
7,401,H,-0.42160863
7,401,H,-0.6138179
7,401,H,0.11384807
7,401,H,0.07373384
7,401,H,-0.46058416
7,401,H,-0.087654576
7,401,H,-0.429767
7,401,H,0.34409007
7,401,H,0.34007424
7,401,H,-0.39506724
7,401,V,0.99625444
7,401,V,1.0
7,401,V,1.0
7,401,V,0.2526041
7,401,V,1.0
7,401,V,0.9452289
7,401,V,1.0
7,401,V,0.08970586
7,401,V,0.9719196
7,401,V,1.0
7,401,V,0.15429957
7,401,V,1.0
7,401,V,0.99321616
7,401,V,1.0
7,401,V,1.0
7,401,V,0.6277268
7,402,H,0.24944685
7,402,V,0.3201935
7,403,H,0.09527674
7,403,H,0.7629793
7,403,H,0.7502766
7,403,H,0.81040716
7,403,V,1.0
7,403,V,1.0
7,403,V,1.0
7,403,V,1.0
7,404,V,-0.18174753
7,404,V,0.030180575
7,404,V,-0.07342816
7,404,V,-0.030917153
7,404,V,-0.5349761
7,404,V,-0.18703641
7,404,V,-0.19165272
7,404,V,-0.1972326
7,404,V,-0.5148228
7,404,V,-0.18628007
7,404,V,-0.08789902
7,404,V,-0.22819582
7,404,V,-0.5883269
7,404,V,-0.2050569
7,404,V,-0.19651063
7,404,V,-0.09298387
7,405,H,-0.018530592
7,405,H,-0.36418793
7,405,H,-0.2965053
7,405,H,-1.0
7,405,H,-1.0
7,405,V,0.74979705
7,405,V,0.8790245
7,405,V,0.6099456
7,406,H,0.14190444
7,406,H,0.14391726
7,406,H,0.1008927
7,406,H,0.17485219
7,406,H,0.16948305
7,406,H,0.11478399
7,406,H,0.12592721
7,406,H,0.14482987
7,406,V,-0.16856736
7,406,V,-0.06601014
7,406,V,0.02928081
7,406,V,-0.0136105595
7,406,V,0.0098780235
7,406,V,-0.030869016
7,406,V,0.14536455
7,406,V,0.08951744
7,407,H,0.5885118
7,407,H,0.53409135
7,407,H,0.34859326
7,407,V,0.5190575
7,407,V,0.7177024
7,407,V,0.07705393
7,407,V,-0.18736868
7,407,V,-0.17691669
7,407,V,0.09293442
7,408,H,-0.9717317
7,408,H,-1.0
7,408,H,-0.99973464
7,408,H,-0.9995719
7,408,H,-1.0
7,408,V,1.0
7,408,V,1.0
7,408,V,1.0
7,408,V,1.0
7,409,H,-0.9316906
7,409,H,-0.9339159
7,409,H,-0.9309549
7,409,H,-0.8215367
7,409,V,-1.0
7,409,V,-0.9892289
7,409,V,-0.9673239
7,409,V,-0.9756031
7,409,V,-0.9645714
7,410,V,-0.0064664227
7,410,V,0.4772292
7,410,V,0.49518737
7,410,V,0.66979563
7,411,H,-0.2673679
7,411,H,-0.37310457
7,411,H,-0.05520281
7,411,H,-0.12750275
7,411,H,-0.011497333
7,411,H,-0.029114818
7,411,H,0.059882633
7,412,H,0.7070671
7,412,H,0.47431198
7,412,H,0.31876862
7,412,H,0.5354786
7,412,H,0.66695964
7,412,H,0.11970876
7,412,H,-0.0014508289
7,412,H,0.1182373
7,412,H,-0.70314
7,412,H,0.6302475
7,412,H,0.09591052
7,412,H,0.08872307
7,412,H,0.035204105
7,412,H,-0.68917894
7,412,H,0.55641776
7,412,H,-0.3226822
7,412,H,-0.2267426
7,412,H,-0.3650624
7,412,H,-0.7948236
7,412,V,0.65160084
7,412,V,-0.37362608
7,412,V,-0.33048043
7,412,V,-0.3992727
7,412,V,-0.787941
7,412,V,0.82138884
7,412,V,-0.011554539
7,412,V,0.0011960218
7,412,V,0.077671975
7,412,V,-0.69767433
7,412,V,0.7669878
7,412,V,-1.6974003e-05
7,412,V,-0.020190392
7,412,V,0.013727306
7,412,V,-0.6438026
7,412,V,0.78225034
7,412,V,0.32982698
7,412,V,0.21614252
7,412,V,0.20161147
7,412,V,-0.57775015
7,413,H,-0.71765107
7,413,H,-0.74220455
7,413,H,-0.55649716
7,413,H,-0.950316
7,413,H,0.956415
7,413,H,0.7677153
7,413,V,0.9981389
7,413,V,0.8433237
7,413,V,0.92702276
7,413,V,0.86681104
7,413,V,0.32475507
7,413,V,-0.9924696
7,414,H,-0.060456745
7,414,H,0.18767536
7,414,H,0.13248721
7,414,H,0.25184703
7,414,H,-0.0020485446
7,414,H,0.12898225
7,414,H,0.18281373
7,414,H,0.19781265
7,414,V,-0.02611026
7,414,V,-0.07669532
7,414,V,0.012405988
7,414,V,0.041388493
7,414,V,0.04327906
7,414,V,-0.021920905
7,415,H,0.6057176
7,415,H,0.91122305
7,415,H,0.9320043
7,415,H,0.9250165
7,415,V,0.3816957
7,415,V,-0.19076256
7,416,H,0.9130461
7,416,H,0.5129945
7,416,H,0.28687936
7,416,H,0.48712566
7,416,H,0.253309
7,416,V,-0.5419398
7,416,V,-0.4817634
7,416,V,-0.5478511
7,416,V,-0.70544666
7,416,V,-0.22378309
7,416,V,-0.21928439
7,416,V,-0.2060096
7,416,V,-0.23363928
7,416,V,-0.19348206
7,416,V,-0.2636352
7,417,H,0.5594358
7,417,H,-0.6759555
7,417,H,-0.66951513
7,417,H,-0.6096065
7,417,H,0.9491752
7,417,H,0.9078759
7,417,H,0.64792705
7,417,H,0.7207631
7,417,H,0.7467353
7,417,V,0.9386992
7,417,V,-0.36118463
7,417,V,0.9526266
7,417,V,0.9438426
7,417,V,0.6211994
7,417,V,-0.5693449
7,417,V,-0.4825757
7,417,V,-0.41402775
7,417,V,-0.8845732
7,418,H,0.4998054
7,418,H,0.014206512
7,418,H,-0.06059826
7,418,H,0.19126841
7,418,H,-0.071585484
7,418,H,0.54298747
7,418,H,0.012000163
7,418,H,0.042269915
7,418,H,0.041314524
7,418,H,-0.013054137
7,418,V,0.14876984
7,418,V,-0.44518298
7,418,V,0.117509134
7,418,V,0.16819693
7,418,V,0.5385673
7,418,V,-0.34921297
7,418,V,0.2051109
7,418,V,0.17432263
7,418,V,-0.32633197
7,418,V,-0.10197735
7,418,V,-0.065095
7,418,V,-0.301074
7,419,H,0.09138117
7,419,H,0.020116463
7,419,H,0.05319065
7,419,H,0.040930934
7,419,V,0.16077487
7,419,V,0.04452404
7,419,V,0.039477542
7,419,V,0.07134282
7,419,V,0.044119176
7,419,V,0.14515665
7,419,V,0.072348036
7,419,V,0.041864593
7,419,V,0.046587724
7,419,V,0.03125819
7,420,H,0.13324901
7,420,H,0.05078039
7,420,H,0.029828744
7,420,H,0.11112689
7,420,H,0.051813062
7,420,H,0.07817472
7,420,V,-0.12133315
7,420,V,-0.059934687
7,420,V,-0.082187645
7,420,V,0.0002808242
7,420,V,0.025536645
7,420,V,0.058680706
7,420,V,0.042718638
7,420,V,0.03796186
7,420,V,0.0336948
7,420,V,0.028554007
7,421,H,1.0
7,421,H,0.9973134
7,421,H,0.9987099
7,421,H,1.0
7,421,H,0.99965256
7,421,H,0.9970437
7,421,H,0.99658453
7,421,V,1.0
7,421,V,1.0
7,421,V,1.0
7,421,V,1.0
7,421,V,1.0
7,421,V,1.0
7,421,V,1.0
7,421,V,1.0
7,421,V,1.0
7,421,V,1.0
7,422,H,0.09037454
7,422,H,0.6149608
7,422,H,0.60749143
7,422,H,0.6002073
7,422,H,0.65664905
7,422,V,-0.3482984
7,422,V,-0.4114552
7,422,V,-0.4169986
7,422,V,-0.046450313
7,422,V,-0.13084479
7,422,V,0.24061154
7,423,H,-0.3571701
7,423,H,-0.28631702
7,423,V,0.35514653
7,423,V,0.4933858
7,424,H,-1.0
7,424,H,-1.0
7,424,H,-1.0
7,424,H,-1.0
7,424,V,1.0
7,424,V,1.0
7,424,V,1.0
7,424,V,1.0
7,424,V,0.9888259
7,425,H,-0.40669316
7,425,H,-0.15948579
7,425,H,-0.17543985
7,425,H,-0.19234303
7,425,H,-0.19140118
7,425,V,-0.19393873
7,425,V,-0.08698541
7,425,V,-0.5121451
7,425,V,-0.08739902
7,425,V,0.24062638
7,425,V,-0.4611732
7,425,V,0.019782618
7,425,V,0.23887451
7,425,V,0.14601623
7,425,V,0.42078266
7,426,H,0.40936473
7,426,H,0.06693783
7,426,H,0.07510182
7,426,H,-0.07527885
7,427,H,-0.2473908
7,427,H,-0.24146606
7,427,H,-0.22573186
7,427,H,-0.36870286
7,428,H,0.5556389
7,428,V,0.18510602
7,428,V,0.025061525
7,428,V,0.19563426
7,428,V,0.19909605
7,428,V,-0.18927172
7,428,V,0.15832618
7,428,V,0.15244643
7,428,V,0.24035968
7,428,V,0.14670984
7,428,V,-0.1520985
7,429,V,-0.32115468
7,429,V,-0.3217534
7,429,V,-0.65556556
7,429,V,0.119354494
7,429,V,-0.5051584
7,429,V,-0.5640174
7,429,V,-0.32500443
7,429,V,-0.6099212
7,429,V,-0.23807709
7,429,V,-0.4673364
7,429,V,-0.26608297
7,429,V,-0.4664844
7,430,V,-0.3420465
7,430,V,0.031344023
7,430,V,0.010789233
7,430,V,0.008055374
7,430,V,-0.031006634
7,430,V,0.02877851
7,430,V,0.023689965
7,430,V,0.010960233
7,430,V,0.0063359994
7,430,V,0.0010630857
7,430,V,0.028890204
7,430,V,0.1464349
7,430,V,0.20458058
7,430,V,0.25798333
7,430,V,0.22990648
7,430,V,0.29126462
7,431,H,-0.31872377
7,431,H,-0.12261217
7,431,H,-0.23561122
7,431,H,-0.24066749
7,431,H,0.04991858
7,431,H,-0.43221134
7,431,H,-0.23029001
7,431,H,-0.29594868
7,431,H,-0.2650719
7,431,H,-0.089303486
7,431,H,-0.9036584
7,431,V,-0.98979914
7,431,V,-0.8721173
7,431,V,0.043446988
7,431,V,0.16833985
7,431,V,0.09185296
7,431,V,-0.03519008
7,431,V,-0.11567133
7,431,V,-7.10001e-05
7,431,V,0.20638965
7,431,V,0.085046194
7,431,V,0.09955868
7,431,V,-0.074360736
7,431,V,0.97890586
7,432,H,1.0
7,432,H,1.0
7,432,H,1.0
7,432,H,0.6766321
7,432,H,0.9613737
7,432,H,0.9774006
7,432,H,0.6984497
7,432,H,0.6929285
7,432,V,-0.27240855
7,432,V,0.13868587
7,432,V,0.3726387
7,432,V,0.16489743
7,432,V,0.4872434
7,432,V,0.3398727
7,432,V,0.25090793
7,432,V,0.47665012
7,432,V,0.6272303
7,432,V,0.423777
7,432,V,0.3960767
7,432,V,0.626225
7,433,H,-1.0
7,433,H,-1.0
7,433,H,-1.0
7,433,H,-1.0
7,433,V,0.8711849
7,433,V,0.93022406
7,433,V,0.9306279
7,433,V,0.89696175
7,434,H,-0.21274416
7,434,H,-0.37170792
7,434,H,0.024228815
7,434,H,0.17577894
7,434,H,-0.06875185
7,434,H,0.17114294
7,434,H,0.07168152
7,434,H,-0.12959705
7,434,H,-0.11444451
7,434,H,-0.037812404
7,434,H,0.06182645
7,434,H,-0.20043871
7,434,H,-0.029771399
7,434,V,0.004169865
7,434,V,0.16434142
7,434,V,0.24246337
7,434,V,0.011463005
7,434,V,0.029459614
7,434,V,-0.08034625
7,434,V,-0.11031155
7,434,V,-0.10808932
7,434,V,0.3404891
7,434,V,-0.32280073
7,434,V,-0.1257381
7,435,H,-0.8010691
7,435,H,-0.76402515
7,435,H,-0.99404335
7,435,V,0.55435264
7,435,V,0.553419
7,435,V,0.4931145
7,435,V,-0.5692252
7,435,V,0.1159738
7,435,V,0.27155274
7,435,V,0.20888707
7,435,V,-0.9199272
7,435,V,0.23986693
7,435,V,0.33486122
7,435,V,0.13974977
7,435,V,-0.8815046
7,435,V,0.49995598
7,435,V,0.4488893
7,435,V,-0.7639931
7,436,H,0.21777003
7,436,H,0.17690574
7,436,H,0.04370367
7,436,H,0.016869359
7,436,H,0.08289111
7,436,H,0.045370534
7,436,H,0.046196215
7,436,H,0.047071233
7,436,H,-0.022477714
7,436,V,-0.16699617
7,436,V,-0.07791243
7,436,V,-0.11176901
7,436,V,-0.018787617
7,436,V,-0.033660714
7,436,V,-0.007469343
7,436,V,0.032263305
7,436,V,-0.011341798
7,436,V,-0.0056882794
7,436,V,-0.00953421
7,437,H,0.060625035
7,437,H,-0.005668974
7,437,H,-0.14508449
7,437,H,0.1308393
7,437,H,-0.20842096
7,437,H,-0.16092648
7,437,H,-0.28099647
7,437,H,-0.32564336
7,437,H,-0.20990941
7,437,H,-0.16587752
7,437,H,-0.24712956
7,437,H,-0.24910773
7,437,H,-0.22304867
7,437,H,-0.17174104
7,437,H,-0.21587195
7,437,H,-0.34789094
7,437,H,-0.22943182
7,437,H,-0.09109043
7,438,H,-0.8295054
7,438,H,-0.7427388
7,438,H,-0.29853156
7,438,H,0.10889434
7,438,H,0.13574034
7,438,H,0.47913933
7,438,V,0.41959658
7,438,V,0.14750767
7,438,V,0.1109184
7,438,V,-0.69221556
7,438,V,-0.35787454
7,439,H,0.4835699
7,439,H,0.27140337
7,439,H,0.3273216
7,439,H,0.10076066
7,439,H,-0.037260905
7,440,H,0.9957901
7,440,H,0.97820276
7,440,H,0.95413715
7,440,H,0.40451896
7,440,H,0.7474371
7,440,H,0.9611184
7,440,H,0.42885917
7,440,H,0.4747297
7,440,H,0.2132663
7,440,V,-0.9993083
7,441,H,0.5815408
7,441,H,0.16665977
7,441,H,0.2909561
7,441,V,-0.7715495
7,441,V,-0.84562707
7,441,V,-0.19836915
7,441,V,-0.16049828
7,441,V,-0.38492885
7,441,V,-0.32440764
7,441,V,0.30676335
7,441,V,-0.49018916
7,441,V,-0.24540567
7,441,V,-0.42743802
7,441,V,-0.33417082
7,441,V,0.017339451
7,442,H,0.63552785
7,442,H,0.041044425
7,442,H,0.08478148
7,442,H,-0.16296738
7,442,H,0.00013227196
7,442,V,-0.061906736
7,442,V,0.2704456
7,442,V,-0.0051923036
7,443,H,-0.9638705
7,443,H,-0.03203908
7,443,H,0.1325583
7,443,H,-0.033679813
7,443,H,0.8973283
7,443,H,-0.9153133
7,443,H,-0.0067150155
7,443,H,0.17443061
7,443,H,0.92628264
7,443,H,-0.88193476
7,443,H,0.046136916
7,443,H,0.04734595
7,443,H,0.15609765
7,443,H,0.9189478
7,443,H,-0.8281008
7,443,H,0.118261546
7,443,H,0.10484676
7,443,H,0.17806946
7,443,H,0.9220663
7,443,V,-0.7507425
7,443,V,0.5821924
7,443,V,0.5081239
7,443,V,0.5453085
7,443,V,0.99527824
7,443,V,0.29739577
7,443,V,0.9994268
7,443,V,0.39264864
7,443,V,1.0
7,443,V,0.37805
7,443,V,0.36385167
7,443,V,0.98692656
7,444,H,-0.04749047
7,444,H,0.072184615
7,444,H,0.028267538
7,444,H,-0.05634415
7,444,V,-0.28760576
7,444,V,-0.23228548
7,444,V,-0.28981528
7,444,V,-0.16799049
7,445,H,0.32485256
7,445,H,0.61401755
7,445,H,-0.13804087
7,445,H,0.22903669
7,445,H,-0.17154229
7,445,H,-0.39768955
7,445,H,0.24419954
7,445,H,-0.74388814
7,445,V,-0.98446465
7,445,V,-0.9962434
7,445,V,-1.0
7,445,V,-0.9983571
7,445,V,-0.6764935
7,445,V,-0.7828702
7,445,V,-0.20967461
7,446,H,-0.93782383
7,446,H,-0.8765362
7,446,H,-0.7942154
7,446,H,-0.7545837
7,446,V,-0.14264743
7,446,V,-0.2521345
7,446,V,-0.0069126305
7,446,V,-0.3006516
7,446,V,0.3593528
7,446,V,-0.09051824
7,447,H,-1.0
7,447,H,-1.0
7,447,H,-1.0
7,447,V,-1.0
7,447,V,-1.0
7,447,V,-1.0
7,447,V,1.0
7,448,H,0.054242667
7,448,V,0.32969254
7,448,V,0.4162785
7,448,V,0.36489367
7,448,V,0.38706547
7,448,V,0.2714185
7,448,V,0.23277642
7,448,V,0.34152067
7,448,V,0.322464
7,448,V,0.26169935
7,448,V,0.2023733
7,448,V,0.43855405
7,448,V,0.33384275
7,448,V,0.25463936
7,449,H,-0.9904869
7,449,H,-0.9339982
7,449,H,-0.9351098
7,449,H,-0.9801012
7,449,V,-0.1367831
7,449,V,-0.17997763
7,449,V,0.06159165
7,449,V,-0.029170647
7,449,V,0.04767931
7,449,V,0.2880063
7,450,H,1.0
7,450,V,-1.0
7,451,H,1.0
7,452,V,-1.0
7,452,V,-1.0
7,452,V,-1.0
7,453,H,1.0
7,453,H,-0.5497498
7,453,H,0.7047472
7,453,H,0.6176988
7,453,H,0.74338174
7,453,H,0.9935578
7,453,H,-0.57787734
7,453,H,0.70969653
7,453,H,0.6850534
7,453,H,0.76243216
7,453,H,0.99869686
7,453,V,0.08044778
7,453,V,0.38443512
7,453,V,0.20869793
7,453,V,0.42478207
7,454,H,-0.23183282
7,454,H,-0.12951563
7,454,H,-0.07189299
7,454,H,-0.44849148
7,454,H,-0.42566526
7,454,H,-0.096425
7,454,H,-0.28403553
7,454,H,-0.10115396
7,454,H,-0.2188283
7,454,H,-0.42107528
7,455,H,0.15257743
7,455,H,-0.24426699
7,455,H,-0.10940036
7,455,H,-0.1390218
7,455,H,0.17354056
7,455,H,-0.16609086
7,455,H,-0.088345736
7,455,H,-0.10652653
7,455,V,0.4785611
7,455,V,0.05955995
7,455,V,-0.045263037
7,455,V,-0.4898688
7,455,V,0.5158795
7,455,V,0.083010025
7,455,V,0.009853407
7,455,V,0.86064076
7,456,H,0.014834969
7,456,H,0.16801529
7,456,H,0.15759575
7,456,H,0.15458211
7,457,H,0.53565305
7,457,V,0.5046113
7,458,H,-0.30569014
7,458,H,-0.18646453
7,458,H,-0.2786735
7,458,H,-0.20073563
7,458,H,-0.03948174
7,458,H,-0.19642778
7,458,H,-0.103141166
7,458,H,-0.16127943
7,458,H,-0.019483544
7,458,H,-0.075590335
7,458,H,-0.08038406
7,458,H,-0.058283396
7,459,H,-0.9973995
7,459,H,-1.0
7,459,H,-0.9975139
7,459,H,-1.0
7,459,H,-0.99601734
7,459,H,-1.0
7,459,H,-1.0
7,459,H,-1.0
7,459,H,-0.9974658
7,459,H,-0.9985676
7,459,H,-1.0
7,459,H,-1.0
7,459,H,-1.0
7,459,H,-1.0
7,459,V,0.05273066
7,460,H,0.23748423
7,460,H,-0.23023058
7,460,H,0.13996817
7,460,H,-0.2292016
7,460,V,-0.78858644
7,460,V,0.6040722
7,460,V,-0.3002333
7,460,V,-0.29247516
7,461,H,0.15064904
7,461,H,0.16783619
7,461,H,0.092989564
7,461,H,0.10466433
7,461,H,0.103564285
7,461,H,0.11978669
7,461,V,-0.09287025
7,461,V,-0.09981934
7,461,V,-0.12211161
7,461,V,0.014223655
7,461,V,-0.014755581
7,461,V,0.055988282
7,461,V,-0.00419757
7,461,V,-0.009028069
7,461,V,0.0045947684
7,461,V,0.022118993
7,461,V,-0.0021726964
7,462,H,0.6079501
7,462,H,0.59522015
7,462,H,0.5650016
7,462,H,0.65665364
7,462,V,0.3320748
7,462,V,0.20383163
7,462,V,0.28204232
7,462,V,0.028002225
7,462,V,-0.02554936
7,462,V,0.15668465
7,462,V,0.027826706
7,462,V,-0.009474224
7,462,V,0.19534618
7,462,V,-0.26305795
7,462,V,-0.16197456
7,462,V,0.053840917
7,463,H,0.1843046
7,463,H,0.024933215
7,463,H,0.10436633
7,463,H,0.001122595
7,463,H,0.008612305
7,463,H,-0.04049482
7,463,H,-0.12916863
7,463,V,-0.9303421
7,463,V,-0.9118745
7,464,H,-0.26929027
7,464,H,-0.32261294
7,464,H,-0.45601442
7,464,H,-0.46761814
7,464,H,-0.55584216
7,464,V,0.4083917
7,464,V,0.39859614
7,464,V,0.5492351
7,464,V,0.5860589
7,464,V,0.36104813
7,465,H,0.061468203
7,465,H,0.033735845
7,465,H,0.17375307
7,465,H,-0.016890448
7,465,H,-0.0794944
7,465,H,-0.00071550603
7,465,H,0.01214711
7,465,H,0.011745175
7,465,H,-0.056387335
7,465,H,-0.033008922
7,465,H,0.04650431
7,465,H,0.13171932
7,465,H,-0.08834107
7,465,H,0.07183509
7,465,H,0.08327389
7,465,H,0.2164187
7,465,V,-0.55485636
7,465,V,-0.5346636
7,465,V,-0.5650739
7,465,V,-0.5085849
7,465,V,-0.6237872
7,465,V,-0.5338038
7,466,V,-0.13345656
7,466,V,0.19192177
7,466,V,0.18965352
7,466,V,0.20643027
7,467,H,-1.0
7,467,V,1.0
7,467,V,1.0
7,467,V,0.9996556
7,467,V,0.99617916
7,468,H,-0.15555178
7,468,H,-0.13261181
7,468,H,-0.024654876
7,468,H,-0.29851812
7,468,H,-0.0406314
7,468,H,-0.24549823
7,468,V,-0.3788886
7,468,V,-0.48107406
7,468,V,-0.2404071
7,468,V,-0.35134894
7,468,V,-0.20224807
7,468,V,-0.13514526
7,468,V,-0.27312824
7,468,V,-0.41590944
7,468,V,-0.34164184
7,468,V,-0.12093717
7,468,V,-0.11354488
7,468,V,-0.049098402
7,468,V,-0.18356553
7,468,V,0.22874206
7,469,H,-0.2891715
7,469,H,0.40037873
7,469,V,0.973028
7,469,V,0.9753848
7,469,V,0.9705823
7,469,V,-0.08697744
7,469,V,0.0069223708
7,470,H,-0.61087096
7,470,H,-0.19607309
7,470,H,-0.08480286
7,471,H,-1.0
7,471,H,-1.0
7,471,H,-1.0
7,471,H,-1.0
7,471,V,-0.916526
7,471,V,-0.7636737
7,471,V,-0.7559164
7,472,H,0.04889622
7,472,H,0.0046168244
7,472,H,-0.16238534
7,472,H,-0.1996986
7,472,H,-0.07049482
7,472,H,-0.29378444
7,472,H,-0.18523997
7,472,H,-0.20325609
7,472,H,-0.11725724
7,472,H,-0.023928912
7,472,H,-0.06594679
7,472,H,-0.11963704
7,472,V,-0.6009482
7,472,V,-0.9873124
7,472,V,-1.0
7,473,H,0.99939924
7,473,V,0.5696348
7,473,V,0.5945949
7,473,V,0.3188071
7,473,V,-0.4840042
7,473,V,-0.5246294
7,473,V,-0.45560992
7,474,H,0.07665389
7,474,H,0.09406261
7,474,H,0.07561555
7,474,H,0.08255048
7,474,H,0.045076024
7,474,H,0.07104481
7,474,H,0.069413744
7,474,H,0.08345583
7,474,H,0.10613136
7,474,H,0.03634218
7,475,H,0.05040242
7,475,H,0.12876083
7,475,H,0.07429704
7,475,H,0.05716679
7,475,H,-0.103818305
7,475,H,-0.14678602
7,475,V,-0.013362709
7,475,V,0.029481912
7,475,V,-0.0077749905
7,475,V,0.039287984
7,475,V,0.024146285
7,475,V,-9.7314216e-05
7,476,H,-0.45137522
7,476,H,-0.19369012
7,476,H,-0.20624508
7,476,H,0.0052452064
7,476,V,0.8586616
7,477,H,-0.33060214
7,477,H,-0.28209198
7,477,H,-0.25594544
7,477,H,-0.45215338
7,477,H,0.29062966
7,477,H,-0.24775162
7,477,H,-0.24686752
7,477,H,-0.26340097
7,477,H,-0.48830163
7,477,H,0.32456386
7,477,H,-0.13621871
7,477,H,-0.17969896
7,477,H,-0.2730642
7,477,H,-0.4658908
7,477,H,-0.18793957
7,477,H,-0.07297109
7,477,H,-0.02570441
7,477,H,-0.35777083
7,477,V,-0.0028136694
7,477,V,0.047337946
7,477,V,0.05868887
7,477,V,-0.19688612
7,477,V,0.010076335
7,477,V,0.013427026
7,477,V,-0.005484139
7,477,V,-0.2553406
7,477,V,-0.052915424
7,477,V,-0.04528547
7,477,V,0.0129440185
7,477,V,-0.25599903
7,477,V,0.028487615
7,477,V,-0.046376877
7,477,V,-0.07902748
7,477,V,-0.16960259
7,478,H,0.11299522
7,478,H,-0.025103929
7,478,H,-0.07453492
7,478,H,-0.06524193
7,478,H,-0.056519687
7,478,H,-0.0008547581
7,478,H,-0.06345406
7,478,H,-0.035923973
7,478,H,-0.07396791
7,478,H,-0.14903997
7,478,H,-0.12241444
7,478,H,-0.088899225
7,478,V,-0.26362526
7,478,V,-0.14574192
7,478,V,-0.24788797
7,478,V,-0.08169556
7,478,V,-0.11337931
7,478,V,-0.08596187
7,478,V,-0.07568716
7,478,V,-0.09232717
7,478,V,-0.10441401
7,478,V,-0.08200462
7,478,V,-0.11411607
7,478,V,-0.08945786
7,478,V,-0.04133916
7,478,V,0.0060463827
7,479,H,0.18897751
7,479,H,0.19889255
7,479,H,0.16878541
7,479,H,-0.005862387
7,479,V,-0.18776731
7,480,H,0.18287002
7,480,H,-0.44541636
7,480,H,-0.48480952
7,480,H,0.12720947
7,480,H,-0.3843406
7,480,H,-0.074999444
7,480,H,-0.29406747
7,480,V,-0.7475944
7,480,V,-0.8728398
7,480,V,-0.870335
7,481,H,-0.039432682
7,481,H,-0.06656761
7,481,H,-0.113801055
7,481,H,0.001251253
7,481,H,-0.059594255
7,481,H,-0.067884415
7,481,V,0.012732465
7,481,V,0.008300386
7,481,V,-0.035927165
7,481,V,0.17709073
7,481,V,0.059899658
7,481,V,0.025737917
7,481,V,0.033852164
7,481,V,0.1830788
7,481,V,0.05272549
7,481,V,0.033689637
7,481,V,0.04721642
7,482,H,0.07450953
7,482,H,-0.22471504
7,482,H,-0.10213543
7,482,H,-0.18498074
7,482,H,-0.11782792
7,482,H,-0.37697133
7,482,V,-0.16769174
7,482,V,0.102121234
7,482,V,0.08338174
7,482,V,0.0554516
7,482,V,0.12513152
7,482,V,0.13559552
7,482,V,0.08550875
7,482,V,0.008646341
7,482,V,0.18235704
7,482,V,0.16437207
7,482,V,0.1334107
7,482,V,0.3872409
7,483,H,0.91298443
7,483,H,0.87768376
7,483,H,0.8864481
7,483,H,0.47123307
7,483,H,0.15124536
7,483,H,0.4347293
7,483,H,0.36131647
7,483,H,0.4012901
7,483,H,0.38824403
7,483,H,0.024363263
7,483,H,-0.09820015
7,483,V,-0.63524604
7,483,V,-0.8828156
7,483,V,-0.54582125
7,483,V,-0.7526446
7,484,H,0.12397288
7,484,H,-0.1612594
7,484,H,0.102536395
7,484,H,0.25937638
7,484,H,0.34674656
7,484,H,0.34943923
7,484,H,0.44568303
7,484,V,-0.15684627
7,484,V,-0.20783582
7,485,H,-0.28520623
7,485,H,-0.025835369
7,485,H,0.29455164
7,485,H,-0.3037196
7,485,H,-0.041056152
7,485,H,0.014922862
7,485,H,0.33875895
7,486,H,1.0
7,487,V,-0.83357084
7,487,V,-0.8856732
7,487,V,-0.89326197
7,488,H,0.59442306
7,488,H,0.9917273
7,488,H,-1.0
7,488,V,-1.0
7,488,V,-0.7934876
7,488,V,-0.9941596
7,488,V,-0.0731567
7,488,V,-0.9955594
7,488,V,0.0095494315
7,488,V,0.62624973
7,489,H,-0.3334197
7,489,H,-0.5904983
7,489,H,-0.6805218
7,489,H,-0.69255173
7,489,H,-0.13502365
7,489,H,-0.036410693
7,489,H,0.56110877
7,489,H,0.48831356
7,489,H,0.65086293
7,490,H,-0.19846195
7,490,H,-0.53763
7,490,H,-0.5503637
7,490,H,-0.5987955
7,490,H,0.9173488
7,491,V,-0.025221637
7,491,V,-0.013037132
7,491,V,0.009053388
7,491,V,-0.013247462
7,491,V,0.07345033
7,491,V,-0.0049707033
7,491,V,-0.016256915
7,491,V,0.0051976475
7,491,V,0.06270212
7,491,V,-0.12992245
7,491,V,-0.010369909
7,491,V,-0.019437127
7,491,V,0.00047390274
7,491,V,0.06991537
7,491,V,-0.036011923
7,491,V,-0.07074325
7,491,V,-0.061946172
7,491,V,0.0005834776
7,492,H,1.0
7,492,H,1.0
7,492,H,1.0
7,492,H,1.0
7,492,V,0.7888905
7,492,V,0.8208348
7,492,V,0.81449157
7,492,V,0.5865538
7,493,H,-0.886022
7,493,H,-1.0
7,493,H,-1.0
7,493,H,-1.0
7,494,H,-0.10719546
7,494,H,0.1204408
7,494,H,0.12883937
7,494,H,0.3275633
7,494,V,-0.1720569
7,495,H,0.60942245
7,495,V,-0.28080598
7,495,V,-0.49120024
7,495,V,-0.48473743
7,496,H,-0.08784808
7,496,H,-0.13319479
7,496,H,0.15342513
7,496,H,-0.42767245
7,496,V,0.99928015
7,496,V,0.9914032
7,496,V,1.0
7,496,V,0.9914423
7,497,H,0.32548752
7,497,H,0.19126795
7,497,H,0.11256574
7,497,H,-0.01725774
7,497,H,0.1883361
7,497,H,0.16384771
7,497,H,0.0021015753
7,497,H,0.56893283
7,497,H,0.16475822
7,497,H,0.24780844
7,497,H,0.13398805
7,497,H,-0.0057899463
7,497,V,-0.121036224
7,497,V,0.2062403
7,497,V,-0.02115709
7,497,V,-0.15048817
7,497,V,-0.08518901
7,497,V,-0.35546365
7,498,H,-0.5021761
7,498,H,-0.24561295
7,498,V,0.18727548
7,498,V,0.55052733
7,498,V,0.7916565
7,498,V,0.515578
7,498,V,-0.673487
7,499,H,-0.20129545
7,499,H,-0.26001912
7,499,H,0.0021406952
7,499,H,-0.0238068
7,499,H,-0.0758845
7,499,H,-0.013243634
