{
  "condition": "s1",
  "seed": 0,
  "srsa": 0.38628120975831337,
  "n_positions": 324,
  "position_hidden_shape": [
    324,
    500
  ],
  "rsa_matrix_shape": [
    324,
    324
  ],
  "place_field_coherence": {
    "mean_score": 18.85564186176066,
    "std_score": 55.01438813448064,
    "n_valid_units": 264,
    "evs_threshold": 0.1
  },
  "rgc": {
    "stress": 0.22261877022940565,
    "stress_pca": 104.22739774489476,
    "pca_var_2d": 0.6241289377212524
  },
  "pickle_path": "project5_symmetry/results/symmetry_sweep_validate/s1/seed_00/evaluation.pkl"
}