trial,loss,srsa_euclidean,srsa_geodesic,decode_error,participation_ratio,spatial_info,fraction_tuned,sw_dist,rdm_frobenius_delta,aliasing_score,geo_euclidean_discrepancy,betti_0,betti_1,persistence_gap_ratio_dim1,betti_correct,replay_fraction_consistent,replay_forward_reverse_ratio
2,0.20232181251049042,0.062331780095185293,0.05958606610421495,9.056137084960938,1.3812759691727592,0.09433247148990631,0.265625,0.01936950534582138,0.0,0.6385644325607308,1.2498571872711182,nan,nan,nan,nan,1.0,1.0964360587002095
4,0.1748257428407669,0.0280959916600628,0.03044668282953098,9.044859886169434,2.711587849417869,0.021773293614387512,0.328125,0.008789981715381145,0.9407122442574701,0.6385644325607308,1.2498571872711182,nan,nan,nan,nan,1.0,0.9920318725099602
5,nan,nan,nan,nan,nan,nan,nan,nan,nan,0.6385644325607308,1.2498571872711182,1,125,1.0279577240417046,False,nan,nan
6,0.1848030984401703,0.10822122989355173,0.1097155393673713,9.207265853881836,1.6781256943409364,0.027759741991758347,0.359375,0.009860508143901825,1.2362480385134529,0.6385644325607308,1.2498571872711182,nan,nan,nan,nan,1.0,1.02020202020202
8,0.20706312358379364,0.124005849435767,0.12641526680153783,8.674362182617188,3.6216101306590107,0.013318175449967384,0.421875,0.0054629831574857235,0.8220280456601687,0.6385644325607308,1.2498571872711182,nan,nan,nan,nan,1.0,1.0080321285140563
10,0.15884655714035034,0.08195023945468743,0.08240906156921243,9.129135131835938,1.786121718161437,0.021462485194206238,0.46875,0.00538569176569581,1.6671184966308326,0.6385644325607308,1.2498571872711182,1,94,1.1221022498725204,False,1.0,0.9841269841269841
